bank_txn_id,utr,bank_date,credit_amount,narration,bank_name,account_number
BNK_TXN_400000,UTR_HDFC_800000,2026-03-02 09:00:00,36500.68,CMS/RAZORPAY/UTR_HDFC_800000/ORD_INV_200000,State Bank of India,XXXX-XXXX-8921
BNK_TXN_400001,UTR_HDFC_800001,2026-03-02 09:45:00,31058.44,CMS/RAZORPAY/UTR_HDFC_800001/ORD_INV_200001,ICICI Bank Ltd,XXXX-XXXX-8921
BNK_TXN_400002,UTR_HDFC_800002,2026-03-02 10:30:00,43293.72,CMS/RAZORPAY/UTR_HDFC_800002/ORD_INV_200002,State Bank of India,XXXX-XXXX-8921
BNK_TXN_400003,UTR_HDFC_800003,2026-03-02 11:15:00,12460.35,CMS/RAZORPAY/UTR_HDFC_800003/ORD_INV_200003,Axis Bank Ltd,XXXX-XXXX-8921
BNK_TXN_400004,UTR_HDFC_800004,2026-03-02 12:00:00,15830.21,CMS/RAZORPAY/UTR_HDFC_800004/ORD_INV_200004,State Bank of India,XXXX-XXXX-8921
BNK_TXN_400005,UTR_HDFC_800005,2026-03-02 12:45:00,23628.24,CMS/RAZORPAY/UTR_HDFC_800005/ORD_INV_200005,ICICI Bank Ltd,XXXX-XXXX-8921
BNK_TXN_400006,UTR_HDFC_800006,2026-03-02 13:30:00,16884.59,CMS/RAZORPAY/UTR_HDFC_800006/ORD_INV_200006,Axis Bank Ltd,XXXX-XXXX-8921
BNK_TXN_400007,UTR_HDFC_800007,2026-03-02 14:15:00,37086.93,CMS/RAZORPAY/UTR_HDFC_800007/ORD_INV_200007,State Bank of India,XXXX-XXXX-8921
BNK_TXN_400008,UTR_HDFC_800008,2026-03-02 15:00:00,35438.73,CMS/RAZORPAY/UTR_HDFC_800008/ORD_INV_200008,HDFC Bank Ltd,XXXX-XXXX-8921
BNK_TXN_400009,UTR_HDFC_800009,2026-03-02 15:45:00,9539.8,CMS/RAZORPAY/UTR_HDFC_800009/ORD_INV_200009,HDFC Bank Ltd,XXXX-XXXX-8921
BNK_BULK_BATCH_001,UTR_HDFC_BULK_001,2026-03-02 18:45:00,89838.12,"CMS/RAZORPAY/BULK_CREDIT/4_TXNS/TXN_RZP_100010,TXN_RZP_100011,TXN_RZP_100012,TXN_RZP_100013",Axis Bank Ltd,XXXX-XXXX-8921
BNK_TXN_400014,UTR_HDFC_800014,2026-03-02 19:30:00,4305.06,CMS/RAZORPAY/UTR_HDFC_800014/ORD_INV_200014,Axis Bank Ltd,XXXX-XXXX-8921
BNK_TXN_400015,UTR_HDFC_800015,2026-03-03 20:15:00,27696.04,CMS/RAZORPAY/UTR_HDFC_800015/ORD_INV_200015,ICICI Bank Ltd,XXXX-XXXX-8921
BNK_TXN_400016,UTR_HDFC_800016,2026-03-04 21:00:00,17116.15,CMS/RAZORPAY/UTR_HDFC_800016/ORD_INV_200016,HDFC Bank Ltd,XXXX-XXXX-8921
BNK_TXN_400017,UTR_HDFC_800017,2026-03-02 21:45:00,42677.13,CMS/RAZORPAY/UTR_HDFC_800017/ORD_INV_200017,State Bank of India,XXXX-XXXX-8921
BNK_TXN_400018,UTR_HDFC_800018,2026-03-02 22:30:00,33849.77,CMS/RAZORPAY/UTR_HDFC_800018/ORD_INV_200018,State Bank of India,XXXX-XXXX-8921
BNK_TXN_400019,UTR_HDFC_800019,2026-03-02 23:15:00,19295.87,CMS/RAZORPAY/UTR_HDFC_800019/ORD_INV_200019,State Bank of India,XXXX-XXXX-8921
BNK_TXN_400020,UTR_HDFC_800020,2026-03-03 00:00:00,42712.42,CMS/RAZORPAY/UTR_HDFC_800020/ORD_INV_200020,State Bank of India,XXXX-XXXX-8921
BNK_TXN_400021,UTR_HDFC_800021,2026-03-03 00:45:00,38293.09,CMS/RAZORPAY/UTR_HDFC_800021/ORD_INV_200021,HDFC Bank Ltd,XXXX-XXXX-8921
BNK_TXN_400022,UTR_HDFC_800020,2026-03-03 01:30:00,7004.95,CMS/RAZORPAY/UTR_HDFC_800022/ORD_INV_200022,ICICI Bank Ltd,XXXX-XXXX-8921
BNK_TXN_400023,UTR_HDFC_800023,2026-03-03 02:15:00,26453.49,CMS/RAZORPAY/UTR_HDFC_800023/ORD_INV_200023,HDFC Bank Ltd,XXXX-XXXX-8921
BNK_TXN_400024,UTR_HDFC_800024,2026-03-03 03:00:00,40846.96,CMS/RAZORPAY/UTR_HDFC_800024/ORD_INV_200024,HDFC Bank Ltd,XXXX-XXXX-8921
BNK_TXN_400025,UTR_HDFC_800025,2026-03-03 03:45:00,10842.84,CMS/RAZORPAY/UTR_HDFC_800025/ORD_INV_200025,HDFC Bank Ltd,XXXX-XXXX-8921
BNK_TXN_400026,UTR_HDFC_800026,2026-03-03 04:30:00,32250.17,CMS/RAZORPAY/UTR_HDFC_800026/ORD_INV_200026,HDFC Bank Ltd,XXXX-XXXX-8921
BNK_TXN_400027,UTR_HDFC_800027,2026-03-03 05:15:00,5939.13,CMS/RAZORPAY/UTR_HDFC_800027/ORD_INV_200027,ICICI Bank Ltd,XXXX-XXXX-8921
BNK_TXN_400028,UTR_HDFC_800028,2026-03-03 06:00:00,11897.21,CMS/RAZORPAY/UTR_HDFC_800028/ORD_INV_200028,ICICI Bank Ltd,XXXX-XXXX-8921
BNK_TXN_400029,UTR_HDFC_800029,2026-03-03 06:45:00,40838.9,CMS/RAZORPAY/UTR_HDFC_800029/ORD_INV_200029,ICICI Bank Ltd,XXXX-XXXX-8921
BNK_TXN_400030,UTR_HDFC_800030,2026-03-03 07:30:00,43726.53,CMS/RAZORPAY/UTR_HDFC_800030/ORD_INV_200030,Axis Bank Ltd,XXXX-XXXX-8921
BNK_TXN_400031,UTR_HDFC_800031,2026-03-03 08:15:00,5617.07,CMS/RAZORPAY/UTR_HDFC_800031/ORD_INV_200031,Axis Bank Ltd,XXXX-XXXX-8921
BNK_TXN_400032,UTR_HDFC_800032,2026-03-03 09:00:00,1258.76,CMS/RAZORPAY/UTR_HDFC_800032/ORD_INV_200032,State Bank of India,XXXX-XXXX-8921
BNK_TXN_400033,UTR_HDFC_800033,2026-03-03 09:45:00,655.23,CMS/RAZORPAY/UTR_HDFC_800033/ORD_INV_200033,ICICI Bank Ltd,XXXX-XXXX-8921
BNK_TXN_400034,UTR_HDFC_800034,2026-03-03 10:30:00,39814.66,CMS/RAZORPAY/UTR_HDFC_800034/ORD_INV_200034,HDFC Bank Ltd,XXXX-XXXX-8921
BNK_TXN_400035,UTR_HDFC_800035,2026-03-03 11:15:00,12482.31,CMS/RAZORPAY/UTR_HDFC_800035/ORD_INV_200035,ICICI Bank Ltd,XXXX-XXXX-8921
BNK_TXN_400036,UTR_HDFC_800036,2026-03-03 12:00:00,31877.21,CMS/RAZORPAY/UTR_HDFC_800036/ORD_INV_200036,ICICI Bank Ltd,XXXX-XXXX-8921
BNK_TXN_400037,UTR_HDFC_800037,2026-03-03 12:45:00,10935.51,CMS/RAZORPAY/UTR_HDFC_800037/ORD_INV_200037,Axis Bank Ltd,XXXX-XXXX-8921
BNK_TXN_400038,UTR_HDFC_800038,2026-03-03 13:30:00,4454.0,CMS/RAZORPAY/UTR_HDFC_800038/ORD_INV_200038,ICICI Bank Ltd,XXXX-XXXX-8921
BNK_TXN_400039,UTR_HDFC_800039,2026-03-03 14:15:00,18264.27,CMS/RAZORPAY/UTR_HDFC_800039/ORD_INV_200039,Axis Bank Ltd,XXXX-XXXX-8921
BNK_TXN_400040,UTR_HDFC_800040,2026-03-03 15:00:00,17894.52,CMS/RAZORPAY/UTR_HDFC_800040/ORD_INV_200040,HDFC Bank Ltd,XXXX-XXXX-8921
BNK_TXN_400041,UTR_HDFC_800041,2026-03-03 15:45:00,8694.35,CMS/RAZORPAY/UTR_HDFC_800041/ORD_INV_200041,ICICI Bank Ltd,XXXX-XXXX-8921
BNK_TXN_400042,UTR_HDFC_800042,2026-03-03 16:30:00,18734.21,CMS/RAZORPAY/UTR_HDFC_800042/ORD_INV_200042,ICICI Bank Ltd,XXXX-XXXX-8921
BNK_TXN_400043,UTR_HDFC_800043,2026-03-03 17:15:00,38466.05,CMS/RAZORPAY/UTR_HDFC_800043/ORD_INV_200043,ICICI Bank Ltd,XXXX-XXXX-8921
BNK_TXN_400044,UTR_HDFC_800044,2026-03-03 18:00:00,2547.2,CMS/RAZORPAY/UTR_HDFC_800044/ORD_INV_200044,HDFC Bank Ltd,XXXX-XXXX-8921
BNK_TXN_400045,UTR_HDFC_800045,2026-03-03 18:45:00,40727.87,CMS/RAZORPAY/UTR_HDFC_800045/ORD_INV_200045,HDFC Bank Ltd,XXXX-XXXX-8921
BNK_TXN_400046,UTR_HDFC_800046,2026-03-03 19:30:00,21513.88,CMS/RAZORPAY/UTR_HDFC_800046/ORD_INV_200046,Axis Bank Ltd,XXXX-XXXX-8921
BNK_TXN_400047,UTR_HDFC_800047,2026-03-03 20:15:00,5208.99,CMS/RAZORPAY/UTR_HDFC_800047/ORD_INV_200047/REFUND_PARTIAL_2310.32,HDFC Bank Ltd,XXXX-XXXX-8921
BNK_TXN_400048,UTR_HDFC_800048,2026-03-03 21:00:00,40734.46,CMS/RAZORPAY/UTR_HDFC_800048/ORD_INV_200048,State Bank of India,XXXX-XXXX-8921
BNK_TXN_400050,UTR_HDFC_800050,2026-03-03 22:30:00,8620.58,CMS/RAZORPAY/UTR_HDFC_800050/ORD_INV_200050,ICICI Bank Ltd,XXXX-XXXX-8921
BNK_TXN_400051,UTR_HDFC_800051,2026-03-03 23:15:00,32950.68,CMS/RAZORPAY/UTR_HDFC_800051/ORD_INV_200051,HDFC Bank Ltd,XXXX-XXXX-8921
BNK_TXN_400052,UTR_HDFC_800052,2026-03-04 00:00:00,21864.13,CMS/RAZORPAY/UTR_HDFC_800052/ORD_INV_200052/CB_RESERVE_HOLD,Axis Bank Ltd,XXXX-XXXX-8921
BNK_TXN_400053,UTR_HDFC_800053,2026-03-04 00:45:00,42228.1,CMS/RAZORPAY/UTR_HDFC_800053/ORD_INV_200053,HDFC Bank Ltd,XXXX-XXXX-8921
BNK_TXN_400054,UTR_HDFC_800054,2026-03-04 01:30:00,26283.04,CMS/RAZORPAY/UTR_HDFC_800054/ORD_INV_200054,HDFC Bank Ltd,XXXX-XXXX-8921
BNK_TXN_400055,UTR_HDFC_800055,2026-03-04 02:15:00,41391.81,CMS/RAZORPAY/UTR_HDFC_800055/ORD_INV_200055,HDFC Bank Ltd,XXXX-XXXX-8921
BNK_TXN_400056,UTR_HDFC_800056,2026-03-04 03:00:00,27344.45,CMS/RAZORPAY/UTR_HDFC_800056/ORD_INV_200056,HDFC Bank Ltd,XXXX-XXXX-8921
BNK_TXN_400058,UTR_HDFC_800058,2026-03-04 04:30:00,11921.55,CMS/RAZORPAY/UTR_HDFC_800058/ORD_INV_200058,ICICI Bank Ltd,XXXX-XXXX-8921
BNK_TXN_400059,UTR_HDFC_800059,2026-03-04 05:15:00,14125.88,CMS/RAZORPAY/UTR_HDFC_800059/ORD_INV_200059,Axis Bank Ltd,XXXX-XXXX-8921
BNK_TXN_400060,UTR_HDFC_800060,2026-03-04 06:00:00,27421.95,CMS/RAZORPAY/UTR_HDFC_800060/ORD_INV_200060,Axis Bank Ltd,XXXX-XXXX-8921
BNK_TXN_400061,UTR_HDFC_800061,2026-03-04 06:45:00,23780.59,CMS/RAZORPAY/UTR_HDFC_800061/ORD_INV_200061,HDFC Bank Ltd,XXXX-XXXX-8921
BNK_TXN_400062,UTR_HDFC_800062,2026-03-04 07:30:00,41028.36,CMS/RAZORPAY/UTR_HDFC_800062/ORD_INV_200062,ICICI Bank Ltd,XXXX-XXXX-8921
BNK_TXN_400063,UTR_HDFC_800063,2026-03-04 08:15:00,12534.71,CMS/RAZORPAY/UTR_HDFC_800063/ORD_INV_200063/CORP_INTL_CARD_3.5PCT,State Bank of India,XXXX-XXXX-8921
BNK_TXN_400064,UTR_HDFC_800064,2026-03-04 09:00:00,27008.6,CMS/RAZORPAY/UTR_HDFC_800064/ORD_INV_200064,State Bank of India,XXXX-XXXX-8921
BNK_TXN_400065,UTR_HDFC_800065,2026-03-04 09:45:00,40962.82,CMS/RAZORPAY/UTR_HDFC_800065/ORD_INV_200065,State Bank of India,XXXX-XXXX-8921
BNK_TXN_400066,UTR_HDFC_800066,2026-03-04 10:30:00,5374.0,CMS/RAZORPAY/UTR_HDFC_800066/ORD_INV_200066,State Bank of India,XXXX-XXXX-8921
BNK_TXN_400067,UTR_HDFC_800067,2026-03-04 11:15:00,12215.1,CMS/RAZORPAY/UTR_HDFC_800067/ORD_INV_200067,ICICI Bank Ltd,XXXX-XXXX-8921
BNK_TXN_400068,UTR_HDFC_800068,2026-03-04 12:00:00,9217.82,CMS/RAZORPAY/UTR_HDFC_800068/ORD_INV_200068,State Bank of India,XXXX-XXXX-8921
BNK_TXN_400069,UTR_HDFC_800069,2026-03-04 12:45:00,11289.68,CMS/RAZORPAY/UTR_HDFC_800069/ORD_INV_200069,Axis Bank Ltd,XXXX-XXXX-8921
BNK_TXN_400070,UTR_HDFC_800070,2026-03-04 13:30:00,36498.21,CMS/RAZORPAY/UTR_HDFC_800070/ORD_INV_200070,Axis Bank Ltd,XXXX-XXXX-8921
BNK_TXN_400071,UTR_HDFC_800071,2026-03-04 14:15:00,33947.15,CMS/RAZORPAY/UTR_HDFC_800071/ORD_INV_200071,State Bank of India,XXXX-XXXX-8921
BNK_TXN_400072,UTR_HDFC_800072,2026-03-04 15:00:00,24392.94,CMS/RAZORPAY/UTR_HDFC_800072/ORD_INV_200072,Axis Bank Ltd,XXXX-XXXX-8921
BNK_TXN_400073,UTR_HDFC_800073,2026-03-04 15:45:00,5219.03,CMS/RAZORPAY/UTR_HDFC_800073/ORD_INV_200073,HDFC Bank Ltd,XXXX-XXXX-8921
BNK_TXN_400074,UTR_HDFC_800074,2026-03-04 16:30:00,36726.97,CMS/RAZORPAY/UTR_HDFC_800074/ORD_INV_200074,HDFC Bank Ltd,XXXX-XXXX-8921
BNK_TXN_400075,UTR_HDFC_800075,2026-03-04 17:15:00,19078.84,CMS/RAZORPAY/UTR_HDFC_800075/ORD_INV_200075,ICICI Bank Ltd,XXXX-XXXX-8921
BNK_TXN_400076,UTR_HDFC_800076,2026-03-04 18:00:00,39533.97,CMS/RAZORPAY/UTR_HDFC_800076/ORD_INV_200076,State Bank of India,XXXX-XXXX-8921
BNK_TXN_400077,UTR_HDFC_800077,2026-03-04 18:45:00,30077.29,CMS/RAZORPAY/UTR_HDFC_800077/ORD_INV_200077,ICICI Bank Ltd,XXXX-XXXX-8921
BNK_TXN_400078,UTR_HDFC_800078,2026-03-04 19:30:00,42797.38,CMS/RAZORPAY/UTR_HDFC_800078/ORD_INV_200078,Axis Bank Ltd,XXXX-XXXX-8921
BNK_TXN_400079,UTR_HDFC_800079,2026-03-04 20:15:00,42850.67,CMS/RAZORPAY/UTR_HDFC_800079/ORD_INV_200079/NEFT_BANK_HANDLING_CHRG,ICICI Bank Ltd,XXXX-XXXX-8921
BNK_TXN_400080,UTR_HDFC_800080,2026-03-04 21:00:00,8161.19,CMS/RAZORPAY/UTR_HDFC_800080/ORD_INV_200080,HDFC Bank Ltd,XXXX-XXXX-8921
BNK_TXN_400081,UTR_HDFC_800081,2026-03-04 21:45:00,11973.46,CMS/RAZORPAY/UTR_HDFC_800081/ORD_INV_200081,ICICI Bank Ltd,XXXX-XXXX-8921
BNK_TXN_400082,UTR_HDFC_800082,2026-03-04 22:30:00,37773.2,CMS/RAZORPAY/UTR_HDFC_800082/ORD_INV_200082,HDFC Bank Ltd,XXXX-XXXX-8921
BNK_TXN_400083,UTR_HDFC_800083,2026-03-04 23:15:00,15585.53,CMS/RAZORPAY/UTR_HDFC_800083/ORD_INV_200083,Axis Bank Ltd,XXXX-XXXX-8921
BNK_TXN_400084,UTR_HDFC_800084,2026-03-05 00:00:00,29116.72,CMS/RAZORPAY/UTR_HDFC_800084/ORD_INV_200084,HDFC Bank Ltd,XXXX-XXXX-8921
BNK_TXN_400085,UTR_HDFC_800085,2026-03-05 00:45:00,38024.29,CMS/RAZORPAY/UTR_HDFC_800085/ORD_INV_200085,State Bank of India,XXXX-XXXX-8921
BNK_TXN_400086,UTR_HDFC_800086,2026-03-05 01:30:00,29966.18,CMS/RAZORPAY/UTR_HDFC_800086/ORD_INV_200086,Axis Bank Ltd,XXXX-XXXX-8921
BNK_TXN_400087,UTR_HDFC_800087,2026-03-05 02:15:00,5370.21,CMS/RAZORPAY/UTR_HDFC_800087/ORD_INV_200087,HDFC Bank Ltd,XXXX-XXXX-8921
BNK_TXN_400088,UTR_HDFC_800088,2026-03-05 03:00:00,2009.61,CMS/RAZORPAY/UTR_HDFC_800088/ORD_INV_200088,State Bank of India,XXXX-XXXX-8921
BNK_TXN_400089,UTR_HDFC_800089,2026-03-05 03:45:00,32103.58,CMS/RAZORPAY/UTR_HDFC_800089/ORD_INV_200089,State Bank of India,XXXX-XXXX-8921
BNK_TXN_400090,UTR_HDFC_800090,2026-03-05 04:30:00,17134.82,CMS/RAZORPAY/UTR_HDFC_800090/ORD_INV_200090,HDFC Bank Ltd,XXXX-XXXX-8921
BNK_TXN_400091,UTR_HDFC_800091,2026-03-05 05:15:00,2276.82,CMS/RAZORPAY/UTR_HDFC_800091/ORD_INV_200091,State Bank of India,XXXX-XXXX-8921
BNK_TXN_400092,UTR_HDFC_800092,2026-03-05 06:00:00,16220.43,CMS/RAZORPAY/UTR_HDFC_800092/ORD_INV_200092,ICICI Bank Ltd,XXXX-XXXX-8921
BNK_TXN_400093,UTR_HDFC_800093,2026-03-05 06:45:00,29262.95,CMS/RAZORPAY/UTR_HDFC_800093/ORD_INV_200093,State Bank of India,XXXX-XXXX-8921
BNK_TXN_400094,UTR_HDFC_800094,2026-03-05 07:30:00,29415.77,CMS/RAZORPAY/UTR_HDFC_800094/ORD_INV_200094,State Bank of India,XXXX-XXXX-8921
BNK_TXN_400095,UTR_HDFC_800095,2026-03-05 08:15:00,24512.05,CMS/RAZORPAY/UTR_HDFC_800095/ORD_INV_200095,State Bank of India,XXXX-XXXX-8921
BNK_TXN_400096,UTR_HDFC_800096,2026-03-05 09:00:00,29870.27,CMS/RAZORPAY/UTR_HDFC_800096/ORD_INV_200096,Axis Bank Ltd,XXXX-XXXX-8921
BNK_TXN_400097,UTR_HDFC_800097,2026-03-05 09:45:00,18045.1,CMS/RAZORPAY/UTR_HDFC_800097/ORD_INV_200097,State Bank of India,XXXX-XXXX-8921
BNK_TXN_400098,UTR_HDFC_800098,2026-03-05 10:30:00,9504.93,CMS/RAZORPAY/UTR_HDFC_800098/ORD_INV_200098,State Bank of India,XXXX-XXXX-8921
BNK_TXN_400099,UTR_HDFC_800099,2026-03-05 11:15:00,20613.49,CMS/RAZORPAY/UTR_HDFC_800099/ORD_INV_200099,State Bank of India,XXXX-XXXX-8921
BNK_TXN_400100,UTR_HDFC_800100,2026-03-05 12:00:00,34945.63,CMS/RAZORPAY/UTR_HDFC_800100/ORD_INV_200100,Axis Bank Ltd,XXXX-XXXX-8921
BNK_TXN_400101,UTR_HDFC_800101,2026-03-05 12:45:00,11406.76,CMS/RAZORPAY/UTR_HDFC_800101/ORD_INV_200101/PART_1_SPLIT_PAYOUT,State Bank of India,XXXX-XXXX-8921
BNK_TXN_400102,UTR_HDFC_800102,2026-03-05 13:30:00,36021.95,CMS/RAZORPAY/UTR_HDFC_800102/ORD_INV_200102,HDFC Bank Ltd,XXXX-XXXX-8921
BNK_TXN_400103,UTR_HDFC_800103,2026-03-05 14:15:00,35504.86,CMS/RAZORPAY/UTR_HDFC_800103/ORD_INV_200103,ICICI Bank Ltd,XXXX-XXXX-8921
BNK_TXN_400104,UTR_HDFC_800104,2026-03-05 15:00:00,11015.96,CMS/RAZORPAY/UTR_HDFC_800104/ORD_INV_200104,HDFC Bank Ltd,XXXX-XXXX-8921
BNK_TXN_400105,UTR_HDFC_800105,2026-03-05 15:45:00,20196.18,CMS/RAZORPAY/UTR_HDFC_800105/ORD_INV_200105,HDFC Bank Ltd,XXXX-XXXX-8921
BNK_TXN_400106,UTR_HDFC_800106,2026-03-05 16:30:00,21894.73,CMS/RAZORPAY/UTR_HDFC_800106/ORD_INV_200106,Axis Bank Ltd,XXXX-XXXX-8921
BNK_TXN_400107,UTR_HDFC_800107,2026-03-05 17:15:00,39258.36,CMS/RAZORPAY/UTR_HDFC_800107/ORD_INV_200107,HDFC Bank Ltd,XXXX-XXXX-8921
BNK_TXN_400108,UTR_HDFC_800108,2026-03-05 18:00:00,8009.74,CMS/RAZORPAY/UTR_HDFC_800108/ORD_INV_200108,ICICI Bank Ltd,XXXX-XXXX-8921
BNK_TXN_400109,UTR_HDFC_800109,2026-03-05 18:45:00,24642.55,CMS/RAZORPAY/UTR_HDFC_800109/ORD_INV_200109,HDFC Bank Ltd,XXXX-XXXX-8921
BNK_TXN_400110,UTR_HDFC_800110,2026-03-05 19:30:00,35281.25,CMS/RAZORPAY/UTR_HDFC_800110/ORD_INV_200110,ICICI Bank Ltd,XXXX-XXXX-8921
BNK_TXN_400111,UTR_HDFC_800111,2026-03-05 20:15:00,41759.91,CMS/RAZORPAY/UTR_HDFC_800111/ORD_INV_200111,State Bank of India,XXXX-XXXX-8921
BNK_TXN_400112,UTR_HDFC_800112,2026-03-05 21:00:00,36551.44,UPI/CR/800112/RAZORPAY_PAYMENTS/Varun_Dhawan,Axis Bank Ltd,XXXX-XXXX-8921
BNK_TXN_400113,UTR_HDFC_800113,2026-03-05 21:45:00,32762.35,CMS/RAZORPAY/UTR_HDFC_800113/ORD_INV_200113,ICICI Bank Ltd,XXXX-XXXX-8921
BNK_TXN_400114,UTR_HDFC_800114,2026-03-05 22:30:00,33116.39,CMS/RZP_STORE_ONLINE/UTR_HDFC_800114/ORD_INV_200114,State Bank of India,XXXX-XXXX-8921
BNK_TXN_400115,UTR_HDFC_800115,2026-03-05 23:15:00,27665.63,CMS/RAZORPAY/UTR_HDFC_800115/ORD_INV_200115,Axis Bank Ltd,XXXX-XXXX-8921
BNK_TXN_400116,UTR_HDFC_800116,2026-03-06 00:00:00,31449.62,CMS/RAZORPAY/UTR_HDFC_800116/ORD_INV_200116,HDFC Bank Ltd,XXXX-XXXX-8921
BNK_TXN_400117,UTR_HDFC_800117,2026-03-06 00:45:00,14279.88,CMS/RAZORPAY/UTR_HDFC_800117/ORD_INV_200117,State Bank of India,XXXX-XXXX-8921
BNK_TXN_400118,UTR_HDFC_800118,2026-03-06 01:30:00,6917.4,CMS/RAZORPAY/UTR_HDFC_800118/ORD_INV_200118,ICICI Bank Ltd,XXXX-XXXX-8921
BNK_TXN_400119,UTR_HDFC_800119,2026-03-06 02:15:00,3141.88,CMS/RAZORPAY/REF#C_800119/ORD-200119,ICICI Bank Ltd,XXXX-XXXX-8921
BNK_TXN_400120,UTR_HDFC_800120,2026-03-06 03:00:00,18467.94,CMS/RAZORPAY/UTR_HDFC_800120/ORD_INV_200120,Axis Bank Ltd,XXXX-XXXX-8921
BNK_TXN_400121,UTR_HDFC_800121,2026-03-06 03:45:00,39789.32,CMS/RAZORPAY/UTR_HDFC_800121/ORD_INV_200121,Axis Bank Ltd,XXXX-XXXX-8921
BNK_TXN_400122,UTR_HDFC_800122,2026-03-06 04:30:00,21136.28,CMS/RAZORPAY/UTR_HDFC_800122/ORD_INV_200122,Axis Bank Ltd,XXXX-XXXX-8921
BNK_TXN_400123,UTR_HDFC_800123,2026-03-06 05:15:00,37548.88,CMS/RAZORPAY/UTR_HDFC_800123/ORD_INV_200123,Axis Bank Ltd,XXXX-XXXX-8921
BNK_TXN_400124,UTR_HDFC_800124,2026-03-06 06:00:00,21626.72,CMS/RAZORPAY/UTR_HDFC_800124/ORD_INV_200124,ICICI Bank Ltd,XXXX-XXXX-8921
BNK_TXN_400125,UTR_HDFC_800125,2026-03-06 06:45:00,1257.11,CMS/RAZORPAY/UTR_HDFC_800125/ORD_INV_200125,Axis Bank Ltd,XXXX-XXXX-8921
BNK_TXN_400126,UTR_HDFC_800126,2026-03-06 07:30:00,36984.65,CMS/RAZORPAY/UTR_HDFC_800126/ORD_INV_200126,ICICI Bank Ltd,XXXX-XXXX-8921
BNK_TXN_400127,UTR_HDFC_800127,2026-03-06 08:15:00,39880.44,CMS/RAZORPAY/UTR_HDFC_800127/ORD_INV_200127,HDFC Bank Ltd,XXXX-XXXX-8921
BNK_TXN_400128,UTR_HDFC_800128,2026-03-06 09:00:00,4001.53,CMS/RAZORPAY/UTR_HDFC_800128/ORD_INV_200128,HDFC Bank Ltd,XXXX-XXXX-8921
BNK_TXN_400129,UTR_HDFC_800129,2026-03-06 09:45:00,8264.45,CMS/RAZORPAY/UTR_HDFC_800129/ORD_INV_200129,Axis Bank Ltd,XXXX-XXXX-8921
BNK_TXN_400130,UTR_HDFC_800130,2026-03-06 10:30:00,9569.34,CMS/RAZORPAY/UTR_HDFC_800130/ORD_INV_200130,State Bank of India,XXXX-XXXX-8921
BNK_TXN_400131,UTR_HDFC_800131,2026-03-06 11:15:00,12472.69,CMS/RAZORPAY/UTR_HDFC_800131/ORD_INV_200131,Axis Bank Ltd,XXXX-XXXX-8921
BNK_TXN_400132,UTR_HDFC_800132,2026-03-06 12:00:00,20845.36,CMS/RAZORPAY/UTR_HDFC_800132/ORD_INV_200132,HDFC Bank Ltd,XXXX-XXXX-8921
BNK_TXN_400133,UTR_HDFC_800133,2026-03-06 12:45:00,10116.99,CMS/RAZORPAY/UTR_HDFC_800133/ORD_INV_200133,State Bank of India,XXXX-XXXX-8921
BNK_TXN_400134,UTR_HDFC_800134,2026-03-06 13:30:00,41741.26,CMS/RAZORPAY/UTR_HDFC_800134/ORD_INV_200134,HDFC Bank Ltd,XXXX-XXXX-8921
BNK_ORPHAN_135,UTR_EXTRA_CREDIT_135,2026-03-06 14:15:00,14250.0,DIRECT_CUSTOMER_NEFT_TRANSFER/NO_GATEWAY_RECORD,ICICI Bank Ltd,XXXX-XXXX-8921
BNK_TXN_400135,UTR_HDFC_800135,2026-03-06 14:15:00,10741.41,CMS/RAZORPAY/UTR_HDFC_800135/ORD_INV_200135,ICICI Bank Ltd,XXXX-XXXX-8921
BNK_TXN_400136,UTR_HDFC_800136,2026-03-06 15:00:00,20615.48,CMS/RAZORPAY/UTR_HDFC_800136/ORD_INV_200136,ICICI Bank Ltd,XXXX-XXXX-8921
BNK_TXN_400137,UTR_HDFC_800137,2026-03-06 15:45:00,26756.4,CMS/RAZORPAY/UTR_HDFC_800137/ORD_INV_200137,ICICI Bank Ltd,XXXX-XXXX-8921
BNK_TXN_400138,UTR_HDFC_800138,2026-03-06 16:30:00,5054.44,CMS/RAZORPAY/UTR_HDFC_800138/ORD_INV_200138,State Bank of India,XXXX-XXXX-8921
BNK_TXN_400139,UTR_HDFC_800139,2026-03-06 17:15:00,17634.39,CMS/RAZORPAY/UTR_HDFC_800139/ORD_INV_200139,Axis Bank Ltd,XXXX-XXXX-8921
BNK_TXN_400141,UTR_HDFC_800141,2026-03-06 18:45:00,35054.27,CMS/RAZORPAY/UTR_HDFC_800141/ORD_INV_200141,HDFC Bank Ltd,XXXX-XXXX-8921
BNK_TXN_400142,UTR_HDFC_800142,2026-03-06 19:30:00,23567.45,CMS/RAZORPAY/UTR_HDFC_800142/ORD_INV_200142,State Bank of India,XXXX-XXXX-8921
BNK_TXN_400143,UTR_HDFC_800143,2026-03-06 20:15:00,893.33,CMS/RAZORPAY/UTR_HDFC_800143/ORD_INV_200143,State Bank of India,XXXX-XXXX-8921
BNK_TXN_400144,UTR_HDFC_800144,2026-03-06 21:00:00,19241.73,CMS/RAZORPAY/UTR_HDFC_800144/ORD_INV_200144,HDFC Bank Ltd,XXXX-XXXX-8921
BNK_TXN_400145,UTR_HDFC_800145,2026-03-06 21:45:00,19327.35,CMS/RAZORPAY/UTR_HDFC_800145/ORD_INV_200145,ICICI Bank Ltd,XXXX-XXXX-8921
BNK_TXN_400146,UTR_HDFC_800146,2026-03-06 22:30:00,20608.5,CMS/RAZORPAY/UTR_HDFC_800146/ORD_INV_200146,Axis Bank Ltd,XXXX-XXXX-8921
BNK_TXN_400147,UTR_HDFC_800147,2026-03-06 23:15:00,37473.25,CMS/RAZORPAY/UTR_HDFC_800147/ORD_INV_200147,State Bank of India,XXXX-XXXX-8921
BNK_TXN_400148,UTR_HDFC_800148,2026-03-07 00:00:00,10973.27,CMS/RAZORPAY/UTR_HDFC_800148/ORD_INV_200148,Axis Bank Ltd,XXXX-XXXX-8921
BNK_TXN_400149,UTR_HDFC_800149,2026-03-07 00:45:00,15007.38,CMS/RAZORPAY/UTR_HDFC_800149/ORD_INV_200149,Axis Bank Ltd,XXXX-XXXX-8921
BNK_TXN_400150,UTR_HDFC_800150,2026-03-07 01:30:00,21597.09,CMS/RAZORPAY/UTR_HDFC_800150/ORD_INV_200150,ICICI Bank Ltd,XXXX-XXXX-8921
BNK_TXN_400151,UTR_HDFC_800151,2026-03-07 02:15:00,12533.8,CMS/RAZORPAY/UTR_HDFC_800151/ORD_INV_200151,State Bank of India,XXXX-XXXX-8921
BNK_TXN_400152,UTR_HDFC_800152,2026-03-07 03:00:00,22864.76,CMS/RAZORPAY/UTR_HDFC_800152/ORD_INV_200152,HDFC Bank Ltd,XXXX-XXXX-8921
BNK_TXN_400153,UTR_HDFC_800153,2026-03-07 03:45:00,31734.29,CMS/RAZORPAY/UTR_HDFC_800153/ORD_INV_200153,ICICI Bank Ltd,XXXX-XXXX-8921
BNK_TXN_400154,UTR_HDFC_800154,2026-03-07 04:30:00,30449.73,CMS/RAZORPAY/UTR_HDFC_800154/ORD_INV_200154,ICICI Bank Ltd,XXXX-XXXX-8921
BNK_TXN_400155,UTR_HDFC_800155,2026-03-07 05:15:00,4398.51,CMS/RAZORPAY/UTR_HDFC_800155/ORD_INV_200155,HDFC Bank Ltd,XXXX-XXXX-8921
BNK_TXN_400156,UTR_HDFC_800156,2026-03-07 06:00:00,13691.18,CMS/RAZORPAY/UTR_HDFC_800156/ORD_INV_200156,ICICI Bank Ltd,XXXX-XXXX-8921
BNK_TXN_400157,UTR_HDFC_800157,2026-03-07 06:45:00,24471.09,CMS/RAZORPAY/UTR_HDFC_800157/ORD_INV_200157,Axis Bank Ltd,XXXX-XXXX-8921
BNK_TXN_400158,UTR_HDFC_800158,2026-03-07 07:30:00,15679.36,CMS/RAZORPAY/UTR_HDFC_800158/ORD_INV_200158,State Bank of India,XXXX-XXXX-8921
BNK_TXN_400159,UTR_HDFC_800159,2026-03-07 08:15:00,11302.0,CMS/RAZORPAY/UTR_HDFC_800159/ORD_INV_200159,State Bank of India,XXXX-XXXX-8921
BNK_TXN_400160,UTR_HDFC_800160,2026-03-07 09:00:00,5553.88,CMS/RAZORPAY/UTR_HDFC_800160/ORD_INV_200160,State Bank of India,XXXX-XXXX-8921
BNK_TXN_400161,UTR_HDFC_800161,2026-03-07 09:45:00,9775.3,CMS/RAZORPAY/UTR_HDFC_800161/ORD_INV_200161,ICICI Bank Ltd,XXXX-XXXX-8921
BNK_TXN_400162,UTR_HDFC_800162,2026-03-07 10:30:00,43088.33,CMS/RAZORPAY/UTR_HDFC_800162/ORD_INV_200162,State Bank of India,XXXX-XXXX-8921
BNK_TXN_400163,UTR_HDFC_800163,2026-03-07 11:15:00,16074.8,CMS/RAZORPAY/UTR_HDFC_800163/ORD_INV_200163,ICICI Bank Ltd,XXXX-XXXX-8921
BNK_TXN_400164,UTR_HDFC_800164,2026-03-07 12:00:00,12300.69,CMS/RAZORPAY/UTR_HDFC_800164/ORD_INV_200164,ICICI Bank Ltd,XXXX-XXXX-8921
BNK_TXN_400165,UTR_HDFC_800165,2026-03-07 12:45:00,30746.54,CMS/RAZORPAY/UTR_HDFC_800165/ORD_INV_200165,State Bank of India,XXXX-XXXX-8921
BNK_TXN_400166,UTR_HDFC_800166,2026-03-07 13:30:00,38389.06,CMS/RAZORPAY/UTR_HDFC_800166/ORD_INV_200166,HDFC Bank Ltd,XXXX-XXXX-8921
BNK_TXN_400167,UTR_HDFC_800167,2026-03-07 14:15:00,21211.89,CMS/RAZORPAY/UTR_HDFC_800167/ORD_INV_200167,Axis Bank Ltd,XXXX-XXXX-8921
BNK_TXN_400168,UTR_HDFC_800168,2026-03-07 15:00:00,11348.86,CMS/RAZORPAY/UTR_HDFC_800168/ORD_INV_200168,HDFC Bank Ltd,XXXX-XXXX-8921
BNK_TXN_400169,UTR_HDFC_800169,2026-03-07 15:45:00,17811.09,CMS/RAZORPAY/UTR_HDFC_800169/ORD_INV_200169,HDFC Bank Ltd,XXXX-XXXX-8921
BNK_TXN_400170,UTR_HDFC_800170,2026-03-07 16:30:00,6956.47,CMS/RAZORPAY/UTR_HDFC_800170/ORD_INV_200170,HDFC Bank Ltd,XXXX-XXXX-8921
BNK_TXN_400171,UTR_HDFC_800171,2026-03-07 17:15:00,43672.85,CMS/RAZORPAY/UTR_HDFC_800171/ORD_INV_200171,HDFC Bank Ltd,XXXX-XXXX-8921
BNK_TXN_400172,UTR_HDFC_800172,2026-03-07 18:00:00,4882.0,CMS/RAZORPAY/UTR_HDFC_800172/ORD_INV_200172,Axis Bank Ltd,XXXX-XXXX-8921
BNK_TXN_400173,UTR_HDFC_800173,2026-03-07 18:45:00,19982.48,CMS/RAZORPAY/UTR_HDFC_800173/ORD_INV_200173,Axis Bank Ltd,XXXX-XXXX-8921
BNK_TXN_400174,UNKNOWN,2026-03-07 19:30:00,13535.18,MISC_CREDIT_ENTRY/REFERENCE_UNREADABLE,Axis Bank Ltd,XXXX-XXXX-8921
BNK_TXN_400175,UTR_HDFC_800175,2026-03-07 20:15:00,41653.12,CMS/RAZORPAY/UTR_HDFC_800175/ORD_INV_200175,HDFC Bank Ltd,XXXX-XXXX-8921
BNK_TXN_400176,UTR_HDFC_800176,2026-03-07 21:00:00,29133.94,CMS/RAZORPAY/UTR_HDFC_800176/ORD_INV_200176,State Bank of India,XXXX-XXXX-8921
BNK_TXN_400177,UTR_HDFC_800177,2026-03-07 21:45:00,24406.53,CMS/RAZORPAY/UTR_HDFC_800177/ORD_INV_200177,ICICI Bank Ltd,XXXX-XXXX-8921
BNK_TXN_400178,UTR_HDFC_800178,2026-03-07 22:30:00,19982.02,CMS/RAZORPAY/UTR_HDFC_800178/ORD_INV_200178,Axis Bank Ltd,XXXX-XXXX-8921
BNK_TXN_400179,UTR_HDFC_800179,2026-03-07 23:15:00,1764.71,CMS/RAZORPAY/UTR_HDFC_800179/ORD_INV_200179,State Bank of India,XXXX-XXXX-8921
BNK_TXN_400180,UTR_HDFC_800180,2026-03-08 00:00:00,3444.92,CMS/RAZORPAY/UTR_HDFC_800180/ORD_INV_200180,Axis Bank Ltd,XXXX-XXXX-8921
BNK_TXN_400181,UTR_HDFC_800181,2026-03-08 00:45:00,18876.2,CMS/RAZORPAY/UTR_HDFC_800181/ORD_INV_200181,ICICI Bank Ltd,XXXX-XXXX-8921
BNK_TXN_400182,UTR_HDFC_800182,2026-03-08 01:30:00,39945.08,CMS/RAZORPAY/UTR_HDFC_800182/ORD_INV_200182,ICICI Bank Ltd,XXXX-XXXX-8921
BNK_TXN_400183,UTR_HDFC_800183,2026-03-09 02:15:00,7575.35,CMS/RAZORPAY/UTR_HDFC_800183/ORD_INV_200183,HDFC Bank Ltd,XXXX-XXXX-8921
BNK_TXN_400184,UTR_HDFC_800184,2026-03-08 03:00:00,19487.19,CMS/RAZORPAY/UTR_HDFC_800184/ORD_INV_200184,State Bank of India,XXXX-XXXX-8921
BNK_TXN_400185,UTR_HDFC_800185,2026-03-08 03:45:00,41438.89,CMS/RAZORPAY/UTR_HDFC_800185/ORD_INV_200185,Axis Bank Ltd,XXXX-XXXX-8921
BNK_TXN_400186,UTR_HDFC_800186,2026-03-08 04:30:00,19426.38,CMS/RAZORPAY/UTR_HDFC_800186/ORD_INV_200186,Axis Bank Ltd,XXXX-XXXX-8921
BNK_TXN_400187,UTR_HDFC_800187,2026-03-08 05:15:00,32364.67,CMS/RAZORPAY/UTR_HDFC_800187/ORD_INV_200187,Axis Bank Ltd,XXXX-XXXX-8921
BNK_TXN_400188,UTR_HDFC_800188,2026-03-08 06:00:00,4323.25,CMS/RAZORPAY/UTR_HDFC_800188/ORD_INV_200188,HDFC Bank Ltd,XXXX-XXXX-8921
BNK_TXN_400189,UTR_HDFC_800189,2026-03-08 06:45:00,43919.36,CMS/RAZORPAY/UTR_HDFC_800189/ORD_INV_200189,HDFC Bank Ltd,XXXX-XXXX-8921
BNK_TXN_400190,UTR_HDFC_800190,2026-03-08 07:30:00,33610.44,CMS/RAZORPAY/UTR_HDFC_800190/ORD_INV_200190,HDFC Bank Ltd,XXXX-XXXX-8921
BNK_TXN_400191,UTR_HDFC_800191,2026-03-08 08:15:00,40279.09,CMS/RAZORPAY/UTR_HDFC_800191/ORD_INV_200191,Axis Bank Ltd,XXXX-XXXX-8921
BNK_TXN_400192,UTR_HDFC_800192,2026-03-08 09:00:00,28015.99,CMS/RAZORPAY/UTR_HDFC_800192/ORD_INV_200192,Axis Bank Ltd,XXXX-XXXX-8921
BNK_TXN_400193,UTR_HDFC_800193,2026-03-08 09:45:00,15511.54,CMS/RAZORPAY/UTR_HDFC_800193/ORD_INV_200193,Axis Bank Ltd,XXXX-XXXX-8921
BNK_TXN_400194,UTR_HDFC_800194,2026-03-10 10:30:00,37735.69,CMS/RAZORPAY/UTR_HDFC_800194/ORD_INV_200194,HDFC Bank Ltd,XXXX-XXXX-8921
BNK_TXN_400195,UTR_HDFC_800195,2026-03-08 11:15:00,12906.95,CMS/RAZORPAY/UTR_HDFC_800195/ORD_INV_200195,Axis Bank Ltd,XXXX-XXXX-8921
BNK_TXN_400196,UTR_HDFC_800196,2026-03-08 12:00:00,20170.45,CMS/RAZORPAY/UTR_HDFC_800196/ORD_INV_200196,HDFC Bank Ltd,XXXX-XXXX-8921
BNK_TXN_400197,UTR_HDFC_800197,2026-03-08 12:45:00,5395.49,CMS/RAZORPAY/UTR_HDFC_800197/ORD_INV_200197,State Bank of India,XXXX-XXXX-8921
BNK_TXN_400198,UTR_HDFC_800198,2026-03-08 13:30:00,29013.28,CMS/RAZORPAY/UTR_HDFC_800198/ORD_INV_200198,HDFC Bank Ltd,XXXX-XXXX-8921
BNK_TXN_400199,UTR_HDFC_800199,2026-03-08 14:15:00,2704.84,CMS/RAZORPAY/UTR_HDFC_800199/ORD_INV_200199,Axis Bank Ltd,XXXX-XXXX-8921
BNK_TXN_400200,UTR_HDFC_800200,2026-03-08 15:00:00,27607.22,CMS/RAZORPAY/UTR_HDFC_800200/ORD_INV_200200,Axis Bank Ltd,XXXX-XXXX-8921
BNK_TXN_400201,UTR_HDFC_800201,2026-03-08 15:45:00,24285.67,CMS/RAZORPAY/UTR_HDFC_800201/ORD_INV_200201,State Bank of India,XXXX-XXXX-8921
BNK_TXN_400202,UTR_HDFC_800202,2026-03-08 16:30:00,5635.46,CMS/RAZORPAY/UTR_HDFC_800202/ORD_INV_200202,Axis Bank Ltd,XXXX-XXXX-8921
BNK_TXN_400203,UTR_HDFC_800203,2026-03-08 17:15:00,13889.28,CMS/RAZORPAY/UTR_HDFC_800203/ORD_INV_200203,ICICI Bank Ltd,XXXX-XXXX-8921
BNK_TXN_400204,UTR_HDFC_800204,2026-03-08 18:00:00,4405.31,CMS/RAZORPAY/UTR_HDFC_800204/ORD_INV_200204,Axis Bank Ltd,XXXX-XXXX-8921
BNK_TXN_400205,UTR_HDFC_800205,2026-03-08 18:45:00,28579.47,CMS/RAZORPAY/UTR_HDFC_800205/ORD_INV_200205,HDFC Bank Ltd,XXXX-XXXX-8921
BNK_TXN_400206,UTR_HDFC_800206,2026-03-08 19:30:00,22526.66,CMS/RAZORPAY/UTR_HDFC_800206/ORD_INV_200206,State Bank of India,XXXX-XXXX-8921
BNK_TXN_400207,UTR_HDFC_800207,2026-03-08 20:15:00,43076.74,CMS/RAZORPAY/UTR_HDFC_800207/ORD_INV_200207,Axis Bank Ltd,XXXX-XXXX-8921
BNK_TXN_400208,UTR_HDFC_800208,2026-03-08 21:00:00,17064.66,CMS/RAZORPAY/UTR_HDFC_800208/ORD_INV_200208,ICICI Bank Ltd,XXXX-XXXX-8921
BNK_TXN_400209,UTR_HDFC_800209,2026-03-08 21:45:00,38010.08,CMS/RAZORPAY/UTR_HDFC_800209/ORD_INV_200209,ICICI Bank Ltd,XXXX-XXXX-8921
BNK_TXN_400210,UTR_HDFC_800210,2026-03-08 22:30:00,41071.48,CMS/RAZORPAY/UTR_HDFC_800210/ORD_INV_200210,State Bank of India,XXXX-XXXX-8921
BNK_TXN_400211,UTR_HDFC_800211,2026-03-08 23:15:00,12672.46,CMS/RAZORPAY/UTR_HDFC_800211/ORD_INV_200211,HDFC Bank Ltd,XXXX-XXXX-8921
BNK_TXN_400212,UTR_HDFC_800212,2026-03-09 00:00:00,38063.87,CMS/RAZORPAY/UTR_HDFC_800212/ORD_INV_200212,Axis Bank Ltd,XXXX-XXXX-8921
BNK_TXN_400213,UTR_HDFC_800213,2026-03-09 00:45:00,15387.84,CMS/RAZORPAY/UTR_HDFC_800213/ORD_INV_200213,Axis Bank Ltd,XXXX-XXXX-8921
BNK_TXN_400214,UTR_HDFC_800212,2026-03-09 01:30:00,20193.07,CMS/RAZORPAY/UTR_HDFC_800214/ORD_INV_200214,Axis Bank Ltd,XXXX-XXXX-8921
BNK_TXN_400215,UTR_HDFC_800215,2026-03-09 02:15:00,25269.97,CMS/RAZORPAY/UTR_HDFC_800215/ORD_INV_200215,ICICI Bank Ltd,XXXX-XXXX-8921
BNK_TXN_400216,UTR_HDFC_800216,2026-03-09 03:00:00,14213.04,CMS/RAZORPAY/UTR_HDFC_800216/ORD_INV_200216,HDFC Bank Ltd,XXXX-XXXX-8921
BNK_TXN_400217,UTR_HDFC_800217,2026-03-09 03:45:00,43432.9,CMS/RAZORPAY/UTR_HDFC_800217/ORD_INV_200217,Axis Bank Ltd,XXXX-XXXX-8921
BNK_TXN_400218,UTR_HDFC_800218,2026-03-09 04:30:00,5845.61,CMS/RAZORPAY/UTR_HDFC_800218/ORD_INV_200218,HDFC Bank Ltd,XXXX-XXXX-8921
BNK_TXN_400219,UTR_HDFC_800219,2026-03-09 05:15:00,38453.17,CMS/RAZORPAY/UTR_HDFC_800219/ORD_INV_200219,HDFC Bank Ltd,XXXX-XXXX-8921
BNK_TXN_400220,UTR_HDFC_800220,2026-03-09 06:00:00,1010.83,CMS/RAZORPAY/UTR_HDFC_800220/ORD_INV_200220,Axis Bank Ltd,XXXX-XXXX-8921
BNK_TXN_400221,UTR_HDFC_800221,2026-03-09 06:45:00,3603.97,CMS/RAZORPAY/UTR_HDFC_800221/ORD_INV_200221,ICICI Bank Ltd,XXXX-XXXX-8921
BNK_TXN_400222,UTR_HDFC_800222,2026-03-09 07:30:00,28672.2,CMS/RAZORPAY/UTR_HDFC_800222/ORD_INV_200222,Axis Bank Ltd,XXXX-XXXX-8921
BNK_TXN_400223,UTR_HDFC_800223,2026-03-09 08:15:00,41938.65,CMS/RAZORPAY/UTR_HDFC_800223/ORD_INV_200223,Axis Bank Ltd,XXXX-XXXX-8921
BNK_TXN_400224,UTR_HDFC_800224,2026-03-09 09:00:00,27260.66,CMS/RAZORPAY/UTR_HDFC_800224/ORD_INV_200224,HDFC Bank Ltd,XXXX-XXXX-8921
BNK_TXN_400225,UTR_HDFC_800225,2026-03-09 09:45:00,32897.97,CMS/RAZORPAY/UTR_HDFC_800225/ORD_INV_200225,ICICI Bank Ltd,XXXX-XXXX-8921
BNK_TXN_400226,UTR_HDFC_800226,2026-03-09 10:30:00,19684.46,CMS/RAZORPAY/UTR_HDFC_800226/ORD_INV_200226,HDFC Bank Ltd,XXXX-XXXX-8921
BNK_TXN_400227,UTR_HDFC_800227,2026-03-09 11:15:00,14483.26,CMS/RAZORPAY/UTR_HDFC_800227/ORD_INV_200227,HDFC Bank Ltd,XXXX-XXXX-8921
BNK_TXN_400228,UTR_HDFC_800228,2026-03-09 12:00:00,16683.41,CMS/RAZORPAY/UTR_HDFC_800228/ORD_INV_200228,State Bank of India,XXXX-XXXX-8921
BNK_TXN_400229,UTR_HDFC_800229,2026-03-09 12:45:00,17328.48,CMS/RAZORPAY/UTR_HDFC_800229/ORD_INV_200229/REFUND_PARTIAL_7685.61,Axis Bank Ltd,XXXX-XXXX-8921
BNK_TXN_400230,UTR_HDFC_800230,2026-03-09 13:30:00,3784.47,CMS/RAZORPAY/UTR_HDFC_800230/ORD_INV_200230,ICICI Bank Ltd,XXXX-XXXX-8921
BNK_TXN_400231,UTR_HDFC_800231,2026-03-09 14:15:00,22038.16,CMS/RAZORPAY/UTR_HDFC_800231/ORD_INV_200231,ICICI Bank Ltd,XXXX-XXXX-8921
BNK_TXN_400232,UTR_HDFC_800232,2026-03-09 15:00:00,20446.14,CMS/RAZORPAY/UTR_HDFC_800232/ORD_INV_200232,ICICI Bank Ltd,XXXX-XXXX-8921
BNK_TXN_400233,UTR_HDFC_800233,2026-03-09 15:45:00,29413.5,CMS/RAZORPAY/UTR_HDFC_800233/ORD_INV_200233,State Bank of India,XXXX-XXXX-8921
BNK_TXN_400234,UTR_HDFC_800234,2026-03-09 16:30:00,3561.84,CMS/RAZORPAY/UTR_HDFC_800234/ORD_INV_200234,ICICI Bank Ltd,XXXX-XXXX-8921
BNK_TXN_400236,UTR_HDFC_800236,2026-03-09 18:00:00,37193.83,CMS/RAZORPAY/UTR_HDFC_800236/ORD_INV_200236,Axis Bank Ltd,XXXX-XXXX-8921
BNK_TXN_400237,UTR_HDFC_800237,2026-03-09 18:45:00,4991.43,CMS/RAZORPAY/UTR_HDFC_800237/ORD_INV_200237,Axis Bank Ltd,XXXX-XXXX-8921
BNK_TXN_400238,UTR_HDFC_800238,2026-03-09 19:30:00,25401.38,CMS/RAZORPAY/UTR_HDFC_800238/ORD_INV_200238,State Bank of India,XXXX-XXXX-8921
BNK_TXN_400239,UTR_HDFC_800239,2026-03-09 20:15:00,12308.06,CMS/RAZORPAY/UTR_HDFC_800239/ORD_INV_200239,Axis Bank Ltd,XXXX-XXXX-8921
BNK_TXN_400240,UTR_HDFC_800240,2026-03-09 21:00:00,36650.4,CMS/RAZORPAY/UTR_HDFC_800240/ORD_INV_200240,Axis Bank Ltd,XXXX-XXXX-8921
BNK_TXN_400241,UTR_HDFC_800241,2026-03-09 21:45:00,9889.52,CMS/RAZORPAY/UTR_HDFC_800241/ORD_INV_200241,State Bank of India,XXXX-XXXX-8921
BNK_TXN_400242,UTR_HDFC_800242,2026-03-09 22:30:00,29889.74,CMS/RAZORPAY/UTR_HDFC_800242/ORD_INV_200242,State Bank of India,XXXX-XXXX-8921
BNK_TXN_400243,UTR_HDFC_800243,2026-03-09 23:15:00,13810.05,CMS/RAZORPAY/UTR_HDFC_800243/ORD_INV_200243,HDFC Bank Ltd,XXXX-XXXX-8921
BNK_TXN_400244,UTR_HDFC_800244,2026-03-10 00:00:00,32269.88,CMS/RAZORPAY/UTR_HDFC_800244/ORD_INV_200244,State Bank of India,XXXX-XXXX-8921
BNK_TXN_400245,UTR_HDFC_800245,2026-03-10 00:45:00,32929.11,CMS/RAZORPAY/UTR_HDFC_800245/ORD_INV_200245,State Bank of India,XXXX-XXXX-8921
BNK_TXN_400246,UTR_HDFC_800246,2026-03-10 01:30:00,34630.76,CMS/RAZORPAY/UTR_HDFC_800246/ORD_INV_200246,ICICI Bank Ltd,XXXX-XXXX-8921
BNK_TXN_400247,UTR_HDFC_800247,2026-03-10 02:15:00,36547.24,CMS/RAZORPAY/UTR_HDFC_800247/ORD_INV_200247,State Bank of India,XXXX-XXXX-8921
BNK_TXN_400248,UTR_HDFC_800248,2026-03-10 03:00:00,32888.94,CMS/RAZORPAY/UTR_HDFC_800248/ORD_INV_200248,State Bank of India,XXXX-XXXX-8921
BNK_TXN_400249,UTR_HDFC_800249,2026-03-10 03:45:00,42320.3,CMS/RAZORPAY/UTR_HDFC_800249/ORD_INV_200249,Axis Bank Ltd,XXXX-XXXX-8921
BNK_TXN_400250,UTR_HDFC_800250,2026-03-10 04:30:00,42511.08,CMS/RAZORPAY/UTR_HDFC_800250/ORD_INV_200250,Axis Bank Ltd,XXXX-XXXX-8921
BNK_TXN_400251,UTR_HDFC_800251,2026-03-10 05:15:00,34812.52,CMS/RAZORPAY/UTR_HDFC_800251/ORD_INV_200251,HDFC Bank Ltd,XXXX-XXXX-8921
BNK_TXN_400252,UTR_HDFC_800252,2026-03-10 06:00:00,20168.72,CMS/RAZORPAY/UTR_HDFC_800252/ORD_INV_200252,HDFC Bank Ltd,XXXX-XXXX-8921
BNK_TXN_400253,UTR_HDFC_800253,2026-03-10 06:45:00,36196.05,CMS/RAZORPAY/UTR_HDFC_800253/ORD_INV_200253,Axis Bank Ltd,XXXX-XXXX-8921
BNK_TXN_400254,UTR_HDFC_800254,2026-03-10 07:30:00,20896.36,CMS/RAZORPAY/UTR_HDFC_800254/ORD_INV_200254,ICICI Bank Ltd,XXXX-XXXX-8921
BNK_TXN_400255,UTR_HDFC_800255,2026-03-10 08:15:00,40243.48,CMS/RAZORPAY/UTR_HDFC_800255/ORD_INV_200255,State Bank of India,XXXX-XXXX-8921
BNK_TXN_400256,UTR_HDFC_800256,2026-03-10 09:00:00,39987.65,CMS/RAZORPAY/UTR_HDFC_800256/ORD_INV_200256,Axis Bank Ltd,XXXX-XXXX-8921
BNK_TXN_400257,UTR_HDFC_800257,2026-03-10 09:45:00,6435.49,CMS/RAZORPAY/UTR_HDFC_800257/ORD_INV_200257,HDFC Bank Ltd,XXXX-XXXX-8921
BNK_TXN_400258,UTR_HDFC_800258,2026-03-10 10:30:00,5004.15,CMS/RAZORPAY/UTR_HDFC_800258/ORD_INV_200258/CB_RESERVE_HOLD,Axis Bank Ltd,XXXX-XXXX-8921
BNK_TXN_400259,UTR_HDFC_800259,2026-03-10 11:15:00,17285.25,CMS/RAZORPAY/UTR_HDFC_800259/ORD_INV_200259,ICICI Bank Ltd,XXXX-XXXX-8921
BNK_TXN_400260,UTR_HDFC_800260,2026-03-10 12:00:00,25947.58,CMS/RAZORPAY/UTR_HDFC_800260/ORD_INV_200260,Axis Bank Ltd,XXXX-XXXX-8921
BNK_TXN_400261,UTR_HDFC_800261,2026-03-10 12:45:00,36687.64,CMS/RAZORPAY/UTR_HDFC_800261/ORD_INV_200261,HDFC Bank Ltd,XXXX-XXXX-8921
BNK_TXN_400262,UTR_HDFC_800262,2026-03-10 13:30:00,1768.04,CMS/RAZORPAY/UTR_HDFC_800262/ORD_INV_200262,State Bank of India,XXXX-XXXX-8921
BNK_TXN_400263,UTR_HDFC_800263,2026-03-10 14:15:00,19728.82,CMS/RAZORPAY/UTR_HDFC_800263/ORD_INV_200263,Axis Bank Ltd,XXXX-XXXX-8921
BNK_TXN_400264,UTR_HDFC_800264,2026-03-10 15:00:00,43106.52,CMS/RAZORPAY/UTR_HDFC_800264/ORD_INV_200264,HDFC Bank Ltd,XXXX-XXXX-8921
BNK_TXN_400265,UTR_HDFC_800265,2026-03-10 15:45:00,2981.5,CMS/RAZORPAY/UTR_HDFC_800265/ORD_INV_200265,State Bank of India,XXXX-XXXX-8921
BNK_TXN_400266,UTR_HDFC_800266,2026-03-10 16:30:00,41715.06,CMS/RAZORPAY/UTR_HDFC_800266/ORD_INV_200266,HDFC Bank Ltd,XXXX-XXXX-8921
BNK_TXN_400267,UTR_HDFC_800267,2026-03-10 17:15:00,28317.65,CMS/RAZORPAY/UTR_HDFC_800267/ORD_INV_200267,ICICI Bank Ltd,XXXX-XXXX-8921
BNK_TXN_400268,UTR_HDFC_800268,2026-03-10 18:00:00,34643.04,CMS/RAZORPAY/UTR_HDFC_800268/ORD_INV_200268,HDFC Bank Ltd,XXXX-XXXX-8921
BNK_TXN_400269,UTR_HDFC_800269,2026-03-10 18:45:00,3332.88,CMS/RAZORPAY/UTR_HDFC_800269/ORD_INV_200269,ICICI Bank Ltd,XXXX-XXXX-8921
BNK_TXN_400270,UTR_HDFC_800270,2026-03-10 19:30:00,35787.81,CMS/RAZORPAY/UTR_HDFC_800270/ORD_INV_200270,ICICI Bank Ltd,XXXX-XXXX-8921
BNK_TXN_400271,UTR_HDFC_800271,2026-03-10 20:15:00,34723.65,CMS/RAZORPAY/UTR_HDFC_800271/ORD_INV_200271,ICICI Bank Ltd,XXXX-XXXX-8921
BNK_TXN_400272,UTR_HDFC_800272,2026-03-10 21:00:00,37765.03,CMS/RAZORPAY/UTR_HDFC_800272/ORD_INV_200272,State Bank of India,XXXX-XXXX-8921
BNK_TXN_400273,UTR_HDFC_800273,2026-03-10 21:45:00,35153.96,CMS/RAZORPAY/UTR_HDFC_800273/ORD_INV_200273,State Bank of India,XXXX-XXXX-8921
BNK_TXN_400275,UTR_HDFC_800275,2026-03-10 23:15:00,1029.74,CMS/RAZORPAY/UTR_HDFC_800275/ORD_INV_200275,State Bank of India,XXXX-XXXX-8921
BNK_TXN_400276,UTR_HDFC_800276,2026-03-11 00:00:00,32677.88,CMS/RAZORPAY/UTR_HDFC_800276/ORD_INV_200276,ICICI Bank Ltd,XXXX-XXXX-8921
BNK_TXN_400277,UTR_HDFC_800277,2026-03-11 00:45:00,21104.28,CMS/RAZORPAY/UTR_HDFC_800277/ORD_INV_200277,HDFC Bank Ltd,XXXX-XXXX-8921
BNK_TXN_400278,UTR_HDFC_800278,2026-03-11 01:30:00,20047.48,CMS/RAZORPAY/UTR_HDFC_800278/ORD_INV_200278,HDFC Bank Ltd,XXXX-XXXX-8921
BNK_TXN_400279,UTR_HDFC_800279,2026-03-11 02:15:00,31465.87,CMS/RAZORPAY/UTR_HDFC_800279/ORD_INV_200279/CORP_INTL_CARD_3.5PCT,HDFC Bank Ltd,XXXX-XXXX-8921
BNK_TXN_400280,UTR_HDFC_800280,2026-03-11 03:00:00,28388.99,CMS/RAZORPAY/UTR_HDFC_800280/ORD_INV_200280,Axis Bank Ltd,XXXX-XXXX-8921
BNK_TXN_400281,UTR_HDFC_800281,2026-03-11 03:45:00,37280.78,CMS/RAZORPAY/UTR_HDFC_800281/ORD_INV_200281,Axis Bank Ltd,XXXX-XXXX-8921
BNK_TXN_400282,UTR_HDFC_800282,2026-03-11 04:30:00,31399.78,CMS/RAZORPAY/UTR_HDFC_800282/ORD_INV_200282,Axis Bank Ltd,XXXX-XXXX-8921
BNK_TXN_400283,UTR_HDFC_800283,2026-03-11 05:15:00,14384.6,CMS/RAZORPAY/UTR_HDFC_800283/ORD_INV_200283,HDFC Bank Ltd,XXXX-XXXX-8921
BNK_TXN_400284,UTR_HDFC_800284,2026-03-11 06:00:00,12331.4,CMS/RAZORPAY/UTR_HDFC_800284/ORD_INV_200284,ICICI Bank Ltd,XXXX-XXXX-8921
BNK_TXN_400285,UTR_HDFC_800285,2026-03-11 06:45:00,16947.74,CMS/RAZORPAY/UTR_HDFC_800285/ORD_INV_200285,State Bank of India,XXXX-XXXX-8921
BNK_TXN_400286,UTR_HDFC_800286,2026-03-11 07:30:00,20122.03,CMS/RAZORPAY/UTR_HDFC_800286/ORD_INV_200286,State Bank of India,XXXX-XXXX-8921
BNK_TXN_400287,UTR_HDFC_800287,2026-03-11 08:15:00,34905.27,CMS/RAZORPAY/UTR_HDFC_800287/ORD_INV_200287,HDFC Bank Ltd,XXXX-XXXX-8921
BNK_TXN_400288,UTR_HDFC_800288,2026-03-11 09:00:00,19091.18,CMS/RAZORPAY/UTR_HDFC_800288/ORD_INV_200288,ICICI Bank Ltd,XXXX-XXXX-8921
BNK_TXN_400289,UTR_HDFC_800289,2026-03-11 09:45:00,36414.12,CMS/RAZORPAY/UTR_HDFC_800289/ORD_INV_200289,State Bank of India,XXXX-XXXX-8921
BNK_TXN_400290,UTR_HDFC_800290,2026-03-11 10:30:00,13967.67,CMS/RAZORPAY/UTR_HDFC_800290/ORD_INV_200290,HDFC Bank Ltd,XXXX-XXXX-8921
BNK_TXN_400291,UTR_HDFC_800291,2026-03-11 11:15:00,41914.81,CMS/RAZORPAY/UTR_HDFC_800291/ORD_INV_200291,State Bank of India,XXXX-XXXX-8921
BNK_TXN_400292,UTR_HDFC_800292,2026-03-11 12:00:00,36603.88,CMS/RAZORPAY/UTR_HDFC_800292/ORD_INV_200292,HDFC Bank Ltd,XXXX-XXXX-8921
BNK_TXN_400293,UTR_HDFC_800293,2026-03-11 12:45:00,32803.03,CMS/RAZORPAY/UTR_HDFC_800293/ORD_INV_200293,HDFC Bank Ltd,XXXX-XXXX-8921
BNK_TXN_400294,UTR_HDFC_800294,2026-03-11 13:30:00,25909.43,CMS/RAZORPAY/UTR_HDFC_800294/ORD_INV_200294,HDFC Bank Ltd,XXXX-XXXX-8921
BNK_TXN_400295,UTR_HDFC_800295,2026-03-11 14:15:00,29551.81,CMS/RAZORPAY/UTR_HDFC_800295/ORD_INV_200295,State Bank of India,XXXX-XXXX-8921
BNK_TXN_400296,UTR_HDFC_800296,2026-03-11 15:00:00,38187.3,CMS/RAZORPAY/UTR_HDFC_800296/ORD_INV_200296,Axis Bank Ltd,XXXX-XXXX-8921
BNK_TXN_400297,UTR_HDFC_800297,2026-03-11 15:45:00,15672.2,CMS/RAZORPAY/UTR_HDFC_800297/ORD_INV_200297,State Bank of India,XXXX-XXXX-8921
BNK_TXN_400298,UTR_HDFC_800298,2026-03-11 16:30:00,7087.4,CMS/RAZORPAY/UTR_HDFC_800298/ORD_INV_200298,ICICI Bank Ltd,XXXX-XXXX-8921
BNK_TXN_400299,UTR_HDFC_800299,2026-03-11 17:15:00,15605.4,CMS/RAZORPAY/UTR_HDFC_800299/ORD_INV_200299,HDFC Bank Ltd,XXXX-XXXX-8921
BNK_TXN_400300,UTR_HDFC_800300,2026-03-11 18:00:00,33588.49,CMS/RAZORPAY/UTR_HDFC_800300/ORD_INV_200300,HDFC Bank Ltd,XXXX-XXXX-8921
BNK_TXN_400301,UTR_HDFC_800301,2026-03-11 18:45:00,37137.35,CMS/RAZORPAY/UTR_HDFC_800301/ORD_INV_200301/NEFT_BANK_HANDLING_CHRG,Axis Bank Ltd,XXXX-XXXX-8921
BNK_TXN_400302,UTR_HDFC_800302,2026-03-11 19:30:00,26891.64,CMS/RAZORPAY/UTR_HDFC_800302/ORD_INV_200302,HDFC Bank Ltd,XXXX-XXXX-8921
BNK_TXN_400303,UTR_HDFC_800303,2026-03-11 20:15:00,12255.3,CMS/RAZORPAY/UTR_HDFC_800303/ORD_INV_200303,ICICI Bank Ltd,XXXX-XXXX-8921
BNK_TXN_400304,UTR_HDFC_800304,2026-03-11 21:00:00,607.93,CMS/RAZORPAY/UTR_HDFC_800304/ORD_INV_200304,State Bank of India,XXXX-XXXX-8921
BNK_TXN_400305,UTR_HDFC_800305,2026-03-11 21:45:00,3375.4,CMS/RAZORPAY/UTR_HDFC_800305/ORD_INV_200305,Axis Bank Ltd,XXXX-XXXX-8921
BNK_TXN_400306,UTR_HDFC_800306,2026-03-11 22:30:00,16742.41,CMS/RAZORPAY/UTR_HDFC_800306/ORD_INV_200306,ICICI Bank Ltd,XXXX-XXXX-8921
BNK_TXN_400307,UTR_HDFC_800307,2026-03-11 23:15:00,16474.67,CMS/RAZORPAY/UTR_HDFC_800307/ORD_INV_200307,ICICI Bank Ltd,XXXX-XXXX-8921
BNK_TXN_400308,UTR_HDFC_800308,2026-03-12 00:00:00,19426.08,CMS/RAZORPAY/UTR_HDFC_800308/ORD_INV_200308/PART_1_SPLIT_PAYOUT,HDFC Bank Ltd,XXXX-XXXX-8921
BNK_TXN_400309,UTR_HDFC_800309,2026-03-12 00:45:00,29725.01,CMS/RAZORPAY/UTR_HDFC_800309/ORD_INV_200309,HDFC Bank Ltd,XXXX-XXXX-8921
BNK_TXN_400310,UTR_HDFC_800310,2026-03-12 01:30:00,21514.77,CMS/RAZORPAY/UTR_HDFC_800310/ORD_INV_200310,Axis Bank Ltd,XXXX-XXXX-8921
BNK_TXN_400311,UTR_HDFC_800311,2026-03-12 02:15:00,9739.74,CMS/RAZORPAY/UTR_HDFC_800311/ORD_INV_200311,State Bank of India,XXXX-XXXX-8921
BNK_TXN_400312,UTR_HDFC_800312,2026-03-12 03:00:00,19084.37,CMS/RAZORPAY/UTR_HDFC_800312/ORD_INV_200312,State Bank of India,XXXX-XXXX-8921
BNK_TXN_400313,UTR_HDFC_800313,2026-03-12 03:45:00,23314.1,CMS/RAZORPAY/UTR_HDFC_800313/ORD_INV_200313,Axis Bank Ltd,XXXX-XXXX-8921
BNK_TXN_400314,UTR_HDFC_800314,2026-03-12 04:30:00,17573.75,CMS/RAZORPAY/UTR_HDFC_800314/ORD_INV_200314,ICICI Bank Ltd,XXXX-XXXX-8921
BNK_TXN_400315,UTR_HDFC_800315,2026-03-12 05:15:00,9253.82,CMS/RAZORPAY/UTR_HDFC_800315/ORD_INV_200315,HDFC Bank Ltd,XXXX-XXXX-8921
BNK_TXN_400316,UTR_HDFC_800316,2026-03-12 06:00:00,12960.54,CMS/RAZORPAY/UTR_HDFC_800316/ORD_INV_200316,State Bank of India,XXXX-XXXX-8921
BNK_TXN_400317,UTR_HDFC_800317,2026-03-12 06:45:00,32908.77,CMS/RAZORPAY/UTR_HDFC_800317/ORD_INV_200317,Axis Bank Ltd,XXXX-XXXX-8921
BNK_TXN_400318,UTR_HDFC_800318,2026-03-12 07:30:00,23560.33,CMS/RAZORPAY/UTR_HDFC_800318/ORD_INV_200318,Axis Bank Ltd,XXXX-XXXX-8921
BNK_TXN_400319,UTR_HDFC_800319,2026-03-12 08:15:00,3483.97,CMS/RAZORPAY/UTR_HDFC_800319/ORD_INV_200319,State Bank of India,XXXX-XXXX-8921
BNK_TXN_400320,UTR_HDFC_800320,2026-03-12 09:00:00,20385.31,CMS/RAZORPAY/UTR_HDFC_800320/ORD_INV_200320,HDFC Bank Ltd,XXXX-XXXX-8921
BNK_TXN_400321,UTR_HDFC_800321,2026-03-12 09:45:00,25339.82,CMS/RAZORPAY/UTR_HDFC_800321/ORD_INV_200321,Axis Bank Ltd,XXXX-XXXX-8921
BNK_TXN_400322,UTR_HDFC_800322,2026-03-12 10:30:00,17999.64,CMS/RAZORPAY/UTR_HDFC_800322/ORD_INV_200322,HDFC Bank Ltd,XXXX-XXXX-8921
BNK_TXN_400323,UTR_HDFC_800323,2026-03-12 11:15:00,36614.96,CMS/RAZORPAY/UTR_HDFC_800323/ORD_INV_200323,Axis Bank Ltd,XXXX-XXXX-8921
BNK_TXN_400324,UTR_HDFC_800324,2026-03-12 12:00:00,37158.11,CMS/RAZORPAY/UTR_HDFC_800324/ORD_INV_200324,Axis Bank Ltd,XXXX-XXXX-8921
BNK_TXN_400325,UTR_HDFC_800325,2026-03-12 12:45:00,23184.55,CMS/RAZORPAY/UTR_HDFC_800325/ORD_INV_200325,Axis Bank Ltd,XXXX-XXXX-8921
BNK_TXN_400326,UTR_HDFC_800326,2026-03-12 13:30:00,10001.46,CMS/RAZORPAY/UTR_HDFC_800326/ORD_INV_200326,State Bank of India,XXXX-XXXX-8921
BNK_TXN_400327,UTR_HDFC_800327,2026-03-12 14:15:00,23474.13,CMS/RAZORPAY/UTR_HDFC_800327/ORD_INV_200327,HDFC Bank Ltd,XXXX-XXXX-8921
BNK_TXN_400328,UTR_HDFC_800328,2026-03-12 15:00:00,32052.75,CMS/RAZORPAY/UTR_HDFC_800328/ORD_INV_200328,State Bank of India,XXXX-XXXX-8921
BNK_TXN_400329,UTR_HDFC_800329,2026-03-12 15:45:00,6726.16,CMS/RAZORPAY/UTR_HDFC_800329/ORD_INV_200329,HDFC Bank Ltd,XXXX-XXXX-8921
BNK_TXN_400330,UTR_HDFC_800330,2026-03-12 16:30:00,33484.28,CMS/RAZORPAY/UTR_HDFC_800330/ORD_INV_200330,ICICI Bank Ltd,XXXX-XXXX-8921
BNK_TXN_400331,UTR_HDFC_800331,2026-03-12 17:15:00,20568.35,CMS/RAZORPAY/UTR_HDFC_800331/ORD_INV_200331,Axis Bank Ltd,XXXX-XXXX-8921
BNK_TXN_400332,UTR_HDFC_800332,2026-03-12 18:00:00,30036.61,UPI/CR/800332/RAZORPAY_PAYMENTS/Meera_Nambiar,Axis Bank Ltd,XXXX-XXXX-8921
BNK_TXN_400333,UTR_HDFC_800333,2026-03-12 18:45:00,38019.67,CMS/RAZORPAY/UTR_HDFC_800333/ORD_INV_200333,State Bank of India,XXXX-XXXX-8921
BNK_TXN_400334,UTR_HDFC_800334,2026-03-12 19:30:00,3318.76,CMS/RAZORPAY/UTR_HDFC_800334/ORD_INV_200334,Axis Bank Ltd,XXXX-XXXX-8921
BNK_TXN_400335,UTR_HDFC_800335,2026-03-12 20:15:00,26125.42,CMS/RAZORPAY/UTR_HDFC_800335/ORD_INV_200335,State Bank of India,XXXX-XXXX-8921
BNK_TXN_400336,UTR_HDFC_800336,2026-03-12 21:00:00,13874.37,CMS/RAZORPAY/UTR_HDFC_800336/ORD_INV_200336,HDFC Bank Ltd,XXXX-XXXX-8921
BNK_TXN_400337,UTR_HDFC_800337,2026-03-12 21:45:00,16417.32,CMS/RAZORPAY/UTR_HDFC_800337/ORD_INV_200337,HDFC Bank Ltd,XXXX-XXXX-8921
BNK_TXN_400338,UTR_HDFC_800338,2026-03-12 22:30:00,27153.8,CMS/RAZORPAY/UTR_HDFC_800338/ORD_INV_200338,HDFC Bank Ltd,XXXX-XXXX-8921
BNK_TXN_400339,UTR_HDFC_800339,2026-03-12 23:15:00,25641.94,CMS/RAZORPAY/UTR_HDFC_800339/ORD_INV_200339,Axis Bank Ltd,XXXX-XXXX-8921
BNK_TXN_400340,UTR_HDFC_800340,2026-03-13 00:00:00,14359.11,CMS/RAZORPAY/UTR_HDFC_800340/ORD_INV_200340,ICICI Bank Ltd,XXXX-XXXX-8921
BNK_TXN_400341,UTR_HDFC_800341,2026-03-13 00:45:00,42094.84,CMS/RAZORPAY/UTR_HDFC_800341/ORD_INV_200341,ICICI Bank Ltd,XXXX-XXXX-8921
BNK_TXN_400342,UTR_HDFC_800342,2026-03-13 01:30:00,43170.08,CMS/RAZORPAY/UTR_HDFC_800342/ORD_INV_200342,State Bank of India,XXXX-XXXX-8921
BNK_TXN_400343,UTR_HDFC_800343,2026-03-13 02:15:00,2048.2,CMS/RAZORPAY/UTR_HDFC_800343/ORD_INV_200343,ICICI Bank Ltd,XXXX-XXXX-8921
BNK_TXN_400344,UTR_HDFC_800344,2026-03-13 03:00:00,16206.33,CMS/RAZORPAY/UTR_HDFC_800344/ORD_INV_200344,ICICI Bank Ltd,XXXX-XXXX-8921
BNK_TXN_400345,UTR_HDFC_800345,2026-03-13 03:45:00,34105.5,CMS/RAZORPAY/UTR_HDFC_800345/ORD_INV_200345,Axis Bank Ltd,XXXX-XXXX-8921
BNK_TXN_400346,UTR_HDFC_800346,2026-03-13 04:30:00,3215.25,CMS/RZP_STORE_ONLINE/UTR_HDFC_800346/ORD_INV_200346,State Bank of India,XXXX-XXXX-8921
BNK_TXN_400347,UTR_HDFC_800347,2026-03-13 05:15:00,12729.49,CMS/RAZORPAY/UTR_HDFC_800347/ORD_INV_200347,Axis Bank Ltd,XXXX-XXXX-8921
BNK_TXN_400348,UTR_HDFC_800348,2026-03-13 06:00:00,3894.92,CMS/RAZORPAY/UTR_HDFC_800348/ORD_INV_200348,State Bank of India,XXXX-XXXX-8921
BNK_TXN_400349,UTR_HDFC_800349,2026-03-13 06:45:00,42529.69,CMS/RAZORPAY/UTR_HDFC_800349/ORD_INV_200349,State Bank of India,XXXX-XXXX-8921
BNK_TXN_400350,UTR_HDFC_800350,2026-03-13 07:30:00,13838.35,CMS/RAZORPAY/UTR_HDFC_800350/ORD_INV_200350,HDFC Bank Ltd,XXXX-XXXX-8921
BNK_TXN_400351,UTR_HDFC_800351,2026-03-13 08:15:00,29556.32,CMS/RAZORPAY/UTR_HDFC_800351/ORD_INV_200351,ICICI Bank Ltd,XXXX-XXXX-8921
BNK_TXN_400352,UTR_HDFC_800352,2026-03-13 09:00:00,22509.94,CMS/RAZORPAY/UTR_HDFC_800352/ORD_INV_200352,Axis Bank Ltd,XXXX-XXXX-8921
BNK_TXN_400353,UTR_HDFC_800353,2026-03-13 09:45:00,8200.54,CMS/RAZORPAY/UTR_HDFC_800353/ORD_INV_200353,State Bank of India,XXXX-XXXX-8921
BNK_TXN_400354,UTR_HDFC_800354,2026-03-13 10:30:00,8712.45,CMS/RAZORPAY/UTR_HDFC_800354/ORD_INV_200354,Axis Bank Ltd,XXXX-XXXX-8921
BNK_TXN_400355,UTR_HDFC_800355,2026-03-13 11:15:00,13237.17,CMS/RAZORPAY/UTR_HDFC_800355/ORD_INV_200355,HDFC Bank Ltd,XXXX-XXXX-8921
BNK_TXN_400356,UTR_HDFC_800356,2026-03-13 12:00:00,29199.38,CMS/RAZORPAY/UTR_HDFC_800356/ORD_INV_200356,HDFC Bank Ltd,XXXX-XXXX-8921
BNK_TXN_400357,UTR_HDFC_800357,2026-03-13 12:45:00,7066.58,CMS/RAZORPAY/REF#C_800357/ORD-200357,Axis Bank Ltd,XXXX-XXXX-8921
BNK_TXN_400358,UTR_HDFC_800358,2026-03-13 13:30:00,31782.62,CMS/RAZORPAY/UTR_HDFC_800358/ORD_INV_200358,ICICI Bank Ltd,XXXX-XXXX-8921
BNK_TXN_400359,UTR_HDFC_800359,2026-03-13 14:15:00,29478.63,CMS/RAZORPAY/UTR_HDFC_800359/ORD_INV_200359,State Bank of India,XXXX-XXXX-8921
BNK_TXN_400360,UTR_HDFC_800360,2026-03-13 15:00:00,33143.18,CMS/RAZORPAY/UTR_HDFC_800360/ORD_INV_200360,State Bank of India,XXXX-XXXX-8921
BNK_TXN_400361,UTR_HDFC_800361,2026-03-13 15:45:00,13833.39,CMS/RAZORPAY/UTR_HDFC_800361/ORD_INV_200361,ICICI Bank Ltd,XXXX-XXXX-8921
BNK_TXN_400362,UTR_HDFC_800362,2026-03-13 16:30:00,29913.38,CMS/RAZORPAY/UTR_HDFC_800362/ORD_INV_200362,State Bank of India,XXXX-XXXX-8921
BNK_TXN_400363,UTR_HDFC_800363,2026-03-13 17:15:00,33886.38,CMS/RAZORPAY/UTR_HDFC_800363/ORD_INV_200363,Axis Bank Ltd,XXXX-XXXX-8921
BNK_TXN_400364,UTR_HDFC_800364,2026-03-13 18:00:00,42467.41,CMS/RAZORPAY/UTR_HDFC_800364/ORD_INV_200364,Axis Bank Ltd,XXXX-XXXX-8921
BNK_TXN_400365,UTR_HDFC_800365,2026-03-13 18:45:00,38401.36,CMS/RAZORPAY/UTR_HDFC_800365/ORD_INV_200365,ICICI Bank Ltd,XXXX-XXXX-8921
BNK_ORPHAN_366,UTR_EXTRA_CREDIT_366,2026-03-13 19:30:00,14250.0,DIRECT_CUSTOMER_NEFT_TRANSFER/NO_GATEWAY_RECORD,State Bank of India,XXXX-XXXX-8921
BNK_TXN_400366,UTR_HDFC_800366,2026-03-13 19:30:00,24517.64,CMS/RAZORPAY/UTR_HDFC_800366/ORD_INV_200366,State Bank of India,XXXX-XXXX-8921
BNK_TXN_400367,UTR_HDFC_800367,2026-03-13 20:15:00,12769.42,CMS/RAZORPAY/UTR_HDFC_800367/ORD_INV_200367,HDFC Bank Ltd,XXXX-XXXX-8921
BNK_TXN_400368,UTR_HDFC_800368,2026-03-13 21:00:00,39809.7,CMS/RAZORPAY/UTR_HDFC_800368/ORD_INV_200368,Axis Bank Ltd,XXXX-XXXX-8921
BNK_TXN_400369,UTR_HDFC_800369,2026-03-13 21:45:00,41601.81,CMS/RAZORPAY/UTR_HDFC_800369/ORD_INV_200369,HDFC Bank Ltd,XXXX-XXXX-8921
BNK_TXN_400370,UTR_HDFC_800370,2026-03-13 22:30:00,40906.84,CMS/RAZORPAY/UTR_HDFC_800370/ORD_INV_200370,State Bank of India,XXXX-XXXX-8921
BNK_TXN_400371,UTR_HDFC_800371,2026-03-13 23:15:00,22227.38,CMS/RAZORPAY/UTR_HDFC_800371/ORD_INV_200371,Axis Bank Ltd,XXXX-XXXX-8921
BNK_TXN_400372,UTR_HDFC_800372,2026-03-14 00:00:00,16686.53,CMS/RAZORPAY/UTR_HDFC_800372/ORD_INV_200372,HDFC Bank Ltd,XXXX-XXXX-8921
BNK_TXN_400374,UTR_HDFC_800374,2026-03-14 01:30:00,2011.62,CMS/RAZORPAY/UTR_HDFC_800374/ORD_INV_200374,ICICI Bank Ltd,XXXX-XXXX-8921
BNK_TXN_400375,UTR_HDFC_800375,2026-03-14 02:15:00,19899.09,CMS/RAZORPAY/UTR_HDFC_800375/ORD_INV_200375,Axis Bank Ltd,XXXX-XXXX-8921
BNK_TXN_400376,UTR_HDFC_800376,2026-03-14 03:00:00,11499.06,CMS/RAZORPAY/UTR_HDFC_800376/ORD_INV_200376,HDFC Bank Ltd,XXXX-XXXX-8921
BNK_TXN_400377,UTR_HDFC_800377,2026-03-14 03:45:00,5189.07,CMS/RAZORPAY/UTR_HDFC_800377/ORD_INV_200377,Axis Bank Ltd,XXXX-XXXX-8921
BNK_TXN_400378,UTR_HDFC_800378,2026-03-14 04:30:00,5653.87,CMS/RAZORPAY/UTR_HDFC_800378/ORD_INV_200378,State Bank of India,XXXX-XXXX-8921
BNK_TXN_400379,UTR_HDFC_800379,2026-03-14 05:15:00,4882.0,CMS/RAZORPAY/UTR_HDFC_800379/ORD_INV_200379,Axis Bank Ltd,XXXX-XXXX-8921
BNK_TXN_400380,UTR_HDFC_800380,2026-03-14 06:00:00,27892.61,CMS/RAZORPAY/UTR_HDFC_800380/ORD_INV_200380,HDFC Bank Ltd,XXXX-XXXX-8921
BNK_TXN_400381,UTR_HDFC_800381,2026-03-14 06:45:00,13040.1,CMS/RAZORPAY/UTR_HDFC_800381/ORD_INV_200381,ICICI Bank Ltd,XXXX-XXXX-8921
BNK_TXN_400382,UTR_HDFC_800382,2026-03-14 07:30:00,10829.44,CMS/RAZORPAY/UTR_HDFC_800382/ORD_INV_200382,State Bank of India,XXXX-XXXX-8921
BNK_TXN_400383,UTR_HDFC_800383,2026-03-14 08:15:00,23163.72,CMS/RAZORPAY/UTR_HDFC_800383/ORD_INV_200383,HDFC Bank Ltd,XXXX-XXXX-8921
BNK_TXN_400384,UTR_HDFC_800384,2026-03-14 09:00:00,17364.06,CMS/RAZORPAY/UTR_HDFC_800384/ORD_INV_200384,HDFC Bank Ltd,XXXX-XXXX-8921
BNK_TXN_400385,UTR_HDFC_800385,2026-03-14 09:45:00,43111.39,CMS/RAZORPAY/UTR_HDFC_800385/ORD_INV_200385,Axis Bank Ltd,XXXX-XXXX-8921
BNK_TXN_400386,UTR_HDFC_800386,2026-03-14 10:30:00,34718.26,CMS/RAZORPAY/UTR_HDFC_800386/ORD_INV_200386,State Bank of India,XXXX-XXXX-8921
BNK_TXN_400387,UTR_HDFC_800387,2026-03-14 11:15:00,33976.32,CMS/RAZORPAY/UTR_HDFC_800387/ORD_INV_200387,HDFC Bank Ltd,XXXX-XXXX-8921
BNK_TXN_400388,UNKNOWN,2026-03-14 12:00:00,15580.66,MISC_CREDIT_ENTRY/REFERENCE_UNREADABLE,HDFC Bank Ltd,XXXX-XXXX-8921
BNK_TXN_400389,UTR_HDFC_800389,2026-03-14 12:45:00,43101.79,CMS/RAZORPAY/UTR_HDFC_800389/ORD_INV_200389,Axis Bank Ltd,XXXX-XXXX-8921
BNK_TXN_400390,UTR_HDFC_800390,2026-03-14 13:30:00,3092.69,CMS/RAZORPAY/UTR_HDFC_800390/ORD_INV_200390,ICICI Bank Ltd,XXXX-XXXX-8921
BNK_TXN_400391,UTR_HDFC_800391,2026-03-14 14:15:00,9130.36,CMS/RAZORPAY/UTR_HDFC_800391/ORD_INV_200391,State Bank of India,XXXX-XXXX-8921
BNK_TXN_400392,UTR_HDFC_800392,2026-03-14 15:00:00,41033.22,CMS/RAZORPAY/UTR_HDFC_800392/ORD_INV_200392,State Bank of India,XXXX-XXXX-8921
BNK_TXN_400393,UTR_HDFC_800393,2026-03-14 15:45:00,11385.27,CMS/RAZORPAY/UTR_HDFC_800393/ORD_INV_200393,Axis Bank Ltd,XXXX-XXXX-8921
BNK_TXN_400394,UTR_HDFC_800394,2026-03-14 16:30:00,37927.76,CMS/RAZORPAY/UTR_HDFC_800394/ORD_INV_200394,State Bank of India,XXXX-XXXX-8921
BNK_TXN_400395,UTR_HDFC_800395,2026-03-14 17:15:00,5768.38,CMS/RAZORPAY/UTR_HDFC_800395/ORD_INV_200395,State Bank of India,XXXX-XXXX-8921
BNK_TXN_400396,UTR_HDFC_800396,2026-03-14 18:00:00,32747.18,CMS/RAZORPAY/UTR_HDFC_800396/ORD_INV_200396,Axis Bank Ltd,XXXX-XXXX-8921
BNK_TXN_400397,UTR_HDFC_800397,2026-03-14 18:45:00,21974.34,CMS/RAZORPAY/UTR_HDFC_800397/ORD_INV_200397,ICICI Bank Ltd,XXXX-XXXX-8921
BNK_TXN_400398,UTR_HDFC_800398,2026-03-14 19:30:00,35268.79,CMS/RAZORPAY/UTR_HDFC_800398/ORD_INV_200398,State Bank of India,XXXX-XXXX-8921
BNK_TXN_400399,UTR_HDFC_800399,2026-03-14 20:15:00,26606.45,CMS/RAZORPAY/UTR_HDFC_800399/ORD_INV_200399,Axis Bank Ltd,XXXX-XXXX-8921
BNK_TXN_400400,UTR_HDFC_800400,2026-03-14 21:00:00,14345.36,CMS/RAZORPAY/UTR_HDFC_800400/ORD_INV_200400,State Bank of India,XXXX-XXXX-8921
BNK_TXN_400401,UTR_HDFC_800401,2026-03-14 21:45:00,13703.81,CMS/RAZORPAY/UTR_HDFC_800401/ORD_INV_200401,State Bank of India,XXXX-XXXX-8921
BNK_TXN_400402,UTR_HDFC_800402,2026-03-14 22:30:00,30412.91,CMS/RAZORPAY/UTR_HDFC_800402/ORD_INV_200402,ICICI Bank Ltd,XXXX-XXXX-8921
BNK_TXN_400403,UTR_HDFC_800403,2026-03-14 23:15:00,32028.12,CMS/RAZORPAY/UTR_HDFC_800403/ORD_INV_200403,HDFC Bank Ltd,XXXX-XXXX-8921
BNK_TXN_400404,UTR_HDFC_800404,2026-03-15 00:00:00,12311.33,CMS/RAZORPAY/UTR_HDFC_800404/ORD_INV_200404,Axis Bank Ltd,XXXX-XXXX-8921
BNK_TXN_400405,UTR_HDFC_800405,2026-03-15 00:45:00,16180.74,CMS/RAZORPAY/UTR_HDFC_800405/ORD_INV_200405,Axis Bank Ltd,XXXX-XXXX-8921
BNK_TXN_400406,UTR_HDFC_800406,2026-03-15 01:30:00,37340.55,CMS/RAZORPAY/UTR_HDFC_800406/ORD_INV_200406,ICICI Bank Ltd,XXXX-XXXX-8921
BNK_TXN_400407,UTR_HDFC_800407,2026-03-15 02:15:00,3272.86,CMS/RAZORPAY/UTR_HDFC_800407/ORD_INV_200407,ICICI Bank Ltd,XXXX-XXXX-8921
BNK_TXN_400408,UTR_HDFC_800408,2026-03-15 03:00:00,41734.96,CMS/RAZORPAY/UTR_HDFC_800408/ORD_INV_200408,Axis Bank Ltd,XXXX-XXXX-8921
BNK_TXN_400409,UTR_HDFC_800409,2026-03-15 03:45:00,29946.31,CMS/RAZORPAY/UTR_HDFC_800409/ORD_INV_200409,ICICI Bank Ltd,XXXX-XXXX-8921
BNK_TXN_400410,UTR_HDFC_800410,2026-03-15 04:30:00,33609.37,CMS/RAZORPAY/UTR_HDFC_800410/ORD_INV_200410,Axis Bank Ltd,XXXX-XXXX-8921
BNK_TXN_400411,UTR_HDFC_800411,2026-03-15 05:15:00,17694.54,CMS/RAZORPAY/UTR_HDFC_800411/ORD_INV_200411,State Bank of India,XXXX-XXXX-8921
BNK_TXN_400412,UTR_HDFC_800412,2026-03-16 06:00:00,1471.46,CMS/RAZORPAY/UTR_HDFC_800412/ORD_INV_200412,HDFC Bank Ltd,XXXX-XXXX-8921
BNK_TXN_400413,UTR_HDFC_800413,2026-03-17 06:45:00,40168.78,CMS/RAZORPAY/UTR_HDFC_800413/ORD_INV_200413,Axis Bank Ltd,XXXX-XXXX-8921
BNK_TXN_400414,UTR_HDFC_800412,2026-03-15 07:30:00,31035.15,CMS/RAZORPAY/UTR_HDFC_800414/ORD_INV_200414,State Bank of India,XXXX-XXXX-8921
BNK_TXN_400415,UTR_HDFC_800415,2026-03-15 08:15:00,30596.71,CMS/RAZORPAY/UTR_HDFC_800415/ORD_INV_200415,State Bank of India,XXXX-XXXX-8921
BNK_TXN_400416,UTR_HDFC_800416,2026-03-15 09:00:00,6258.98,CMS/RAZORPAY/UTR_HDFC_800416/ORD_INV_200416,HDFC Bank Ltd,XXXX-XXXX-8921
BNK_TXN_400417,UTR_HDFC_800417,2026-03-15 09:45:00,39520.79,CMS/RAZORPAY/UTR_HDFC_800417/ORD_INV_200417,ICICI Bank Ltd,XXXX-XXXX-8921
BNK_TXN_400418,UTR_HDFC_800418,2026-03-15 10:30:00,29457.06,CMS/RAZORPAY/UTR_HDFC_800418/ORD_INV_200418,State Bank of India,XXXX-XXXX-8921
BNK_TXN_400419,UTR_HDFC_800419,2026-03-15 11:15:00,39200.47,CMS/RAZORPAY/UTR_HDFC_800419/ORD_INV_200419,State Bank of India,XXXX-XXXX-8921
BNK_TXN_400420,UTR_HDFC_800420,2026-03-15 12:00:00,22521.58,CMS/RAZORPAY/UTR_HDFC_800420/ORD_INV_200420,State Bank of India,XXXX-XXXX-8921
BNK_TXN_400421,UTR_HDFC_800421,2026-03-15 12:45:00,10662.55,CMS/RAZORPAY/UTR_HDFC_800421/ORD_INV_200421,ICICI Bank Ltd,XXXX-XXXX-8921
BNK_TXN_400422,UTR_HDFC_800422,2026-03-15 13:30:00,24495.01,CMS/RAZORPAY/UTR_HDFC_800422/ORD_INV_200422,State Bank of India,XXXX-XXXX-8921
BNK_TXN_400423,UTR_HDFC_800423,2026-03-15 14:15:00,27020.4,CMS/RAZORPAY/UTR_HDFC_800423/ORD_INV_200423,ICICI Bank Ltd,XXXX-XXXX-8921
BNK_TXN_400424,UTR_HDFC_800424,2026-03-15 15:00:00,17700.02,CMS/RAZORPAY/UTR_HDFC_800424/ORD_INV_200424,State Bank of India,XXXX-XXXX-8921
BNK_TXN_400425,UTR_HDFC_800425,2026-03-15 15:45:00,33874.45,CMS/RAZORPAY/UTR_HDFC_800425/ORD_INV_200425,Axis Bank Ltd,XXXX-XXXX-8921
BNK_TXN_400426,UTR_HDFC_800426,2026-03-15 16:30:00,42733.86,CMS/RAZORPAY/UTR_HDFC_800426/ORD_INV_200426,ICICI Bank Ltd,XXXX-XXXX-8921
BNK_TXN_400427,UTR_HDFC_800427,2026-03-15 17:15:00,29991.95,CMS/RAZORPAY/UTR_HDFC_800427/ORD_INV_200427,Axis Bank Ltd,XXXX-XXXX-8921
BNK_TXN_400428,UTR_HDFC_800428,2026-03-15 18:00:00,33814.15,CMS/RAZORPAY/UTR_HDFC_800428/ORD_INV_200428,ICICI Bank Ltd,XXXX-XXXX-8921
BNK_TXN_400429,UTR_HDFC_800429,2026-03-15 18:45:00,36587.27,CMS/RAZORPAY/UTR_HDFC_800429/ORD_INV_200429,HDFC Bank Ltd,XXXX-XXXX-8921
BNK_TXN_400430,UTR_HDFC_800430,2026-03-15 19:30:00,7520.17,CMS/RAZORPAY/UTR_HDFC_800430/ORD_INV_200430,State Bank of India,XXXX-XXXX-8921
BNK_TXN_400431,UTR_HDFC_800431,2026-03-15 20:15:00,41648.46,CMS/RAZORPAY/UTR_HDFC_800431/ORD_INV_200431,State Bank of India,XXXX-XXXX-8921
BNK_TXN_400432,UTR_HDFC_800432,2026-03-15 21:00:00,11267.2,CMS/RAZORPAY/UTR_HDFC_800432/ORD_INV_200432,HDFC Bank Ltd,XXXX-XXXX-8921
BNK_TXN_400433,UTR_HDFC_800433,2026-03-15 21:45:00,27590.37,CMS/RAZORPAY/UTR_HDFC_800433/ORD_INV_200433,ICICI Bank Ltd,XXXX-XXXX-8921
BNK_TXN_400434,UTR_HDFC_800434,2026-03-15 22:30:00,22252.05,CMS/RAZORPAY/UTR_HDFC_800434/ORD_INV_200434,HDFC Bank Ltd,XXXX-XXXX-8921
BNK_TXN_400435,UTR_HDFC_800435,2026-03-15 23:15:00,7805.45,CMS/RAZORPAY/UTR_HDFC_800435/ORD_INV_200435,ICICI Bank Ltd,XXXX-XXXX-8921
BNK_TXN_400436,UTR_HDFC_800436,2026-03-16 00:00:00,37072.89,CMS/RAZORPAY/UTR_HDFC_800436/ORD_INV_200436,State Bank of India,XXXX-XXXX-8921
BNK_TXN_400437,UTR_HDFC_800437,2026-03-16 00:45:00,3882.75,CMS/RAZORPAY/UTR_HDFC_800437/ORD_INV_200437,HDFC Bank Ltd,XXXX-XXXX-8921
BNK_TXN_400438,UTR_HDFC_800438,2026-03-16 01:30:00,33778.29,CMS/RAZORPAY/UTR_HDFC_800438/ORD_INV_200438,ICICI Bank Ltd,XXXX-XXXX-8921
BNK_TXN_400439,UTR_HDFC_800439,2026-03-16 02:15:00,22054.33,CMS/RAZORPAY/UTR_HDFC_800439/ORD_INV_200439,HDFC Bank Ltd,XXXX-XXXX-8921
BNK_TXN_400440,UTR_HDFC_800440,2026-03-16 03:00:00,21396.33,CMS/RAZORPAY/UTR_HDFC_800440/ORD_INV_200440,State Bank of India,XXXX-XXXX-8921
BNK_TXN_400441,UTR_HDFC_800441,2026-03-16 03:45:00,3523.09,CMS/RAZORPAY/UTR_HDFC_800441/ORD_INV_200441,Axis Bank Ltd,XXXX-XXXX-8921
BNK_TXN_400442,UTR_HDFC_800442,2026-03-16 04:30:00,18461.29,CMS/RAZORPAY/UTR_HDFC_800442/ORD_INV_200442,Axis Bank Ltd,XXXX-XXXX-8921
BNK_TXN_400443,UTR_HDFC_800443,2026-03-16 05:15:00,26789.85,CMS/RAZORPAY/UTR_HDFC_800443/ORD_INV_200443,State Bank of India,XXXX-XXXX-8921
BNK_TXN_400444,UTR_HDFC_800444,2026-03-16 06:00:00,42864.4,CMS/RAZORPAY/UTR_HDFC_800444/ORD_INV_200444,State Bank of India,XXXX-XXXX-8921
BNK_TXN_400445,UTR_HDFC_800445,2026-03-16 06:45:00,9874.44,CMS/RAZORPAY/UTR_HDFC_800445/ORD_INV_200445/REFUND_PARTIAL_4379.56,HDFC Bank Ltd,XXXX-XXXX-8921
BNK_TXN_400446,UTR_HDFC_800446,2026-03-16 07:30:00,19942.44,CMS/RAZORPAY/UTR_HDFC_800446/ORD_INV_200446,State Bank of India,XXXX-XXXX-8921
BNK_TXN_400447,UTR_HDFC_800447,2026-03-16 08:15:00,12993.9,CMS/RAZORPAY/UTR_HDFC_800447/ORD_INV_200447,HDFC Bank Ltd,XXXX-XXXX-8921
BNK_TXN_400448,UTR_HDFC_800448,2026-03-16 09:00:00,11165.39,CMS/RAZORPAY/UTR_HDFC_800448/ORD_INV_200448,Axis Bank Ltd,XXXX-XXXX-8921
BNK_TXN_400449,UTR_HDFC_800449,2026-03-16 09:45:00,8617.8,CMS/RAZORPAY/UTR_HDFC_800449/ORD_INV_200449,State Bank of India,XXXX-XXXX-8921
BNK_TXN_400450,UTR_HDFC_800450,2026-03-16 10:30:00,22085.8,CMS/RAZORPAY/UTR_HDFC_800450/ORD_INV_200450,Axis Bank Ltd,XXXX-XXXX-8921
BNK_TXN_400451,UTR_HDFC_800451,2026-03-16 11:15:00,4267.55,CMS/RAZORPAY/UTR_HDFC_800451/ORD_INV_200451,HDFC Bank Ltd,XXXX-XXXX-8921
BNK_TXN_400452,UTR_HDFC_800452,2026-03-16 12:00:00,42485.66,CMS/RAZORPAY/UTR_HDFC_800452/ORD_INV_200452,Axis Bank Ltd,XXXX-XXXX-8921
BNK_TXN_400453,UTR_HDFC_800453,2026-03-16 12:45:00,2463.06,CMS/RAZORPAY/UTR_HDFC_800453/ORD_INV_200453,State Bank of India,XXXX-XXXX-8921
BNK_TXN_400454,UTR_HDFC_800454,2026-03-16 13:30:00,12799.31,CMS/RAZORPAY/UTR_HDFC_800454/ORD_INV_200454,Axis Bank Ltd,XXXX-XXXX-8921
BNK_TXN_400455,UTR_HDFC_800455,2026-03-16 14:15:00,6180.81,CMS/RAZORPAY/UTR_HDFC_800455/ORD_INV_200455,Axis Bank Ltd,XXXX-XXXX-8921
BNK_TXN_400457,UTR_HDFC_800457,2026-03-16 15:45:00,16146.43,CMS/RAZORPAY/UTR_HDFC_800457/ORD_INV_200457,ICICI Bank Ltd,XXXX-XXXX-8921
BNK_TXN_400458,UTR_HDFC_800458,2026-03-16 16:30:00,22325.4,CMS/RAZORPAY/UTR_HDFC_800458/ORD_INV_200458,Axis Bank Ltd,XXXX-XXXX-8921
BNK_TXN_400459,UTR_HDFC_800459,2026-03-16 17:15:00,5950.98,CMS/RAZORPAY/UTR_HDFC_800459/ORD_INV_200459,HDFC Bank Ltd,XXXX-XXXX-8921
BNK_TXN_400460,UTR_HDFC_800460,2026-03-16 18:00:00,34996.29,CMS/RAZORPAY/UTR_HDFC_800460/ORD_INV_200460,State Bank of India,XXXX-XXXX-8921
BNK_TXN_400461,UTR_HDFC_800461,2026-03-16 18:45:00,33255.4,CMS/RAZORPAY/UTR_HDFC_800461/ORD_INV_200461,State Bank of India,XXXX-XXXX-8921
BNK_TXN_400462,UTR_HDFC_800462,2026-03-16 19:30:00,22143.27,CMS/RAZORPAY/UTR_HDFC_800462/ORD_INV_200462,Axis Bank Ltd,XXXX-XXXX-8921
BNK_TXN_400463,UTR_HDFC_800463,2026-03-16 20:15:00,31451.68,CMS/RAZORPAY/UTR_HDFC_800463/ORD_INV_200463,ICICI Bank Ltd,XXXX-XXXX-8921
BNK_TXN_400464,UTR_HDFC_800464,2026-03-16 21:00:00,6835.0,CMS/RAZORPAY/UTR_HDFC_800464/ORD_INV_200464,Axis Bank Ltd,XXXX-XXXX-8921
BNK_TXN_400465,UTR_HDFC_800465,2026-03-16 21:45:00,40945.93,CMS/RAZORPAY/UTR_HDFC_800465/ORD_INV_200465,State Bank of India,XXXX-XXXX-8921
BNK_TXN_400466,UTR_HDFC_800466,2026-03-16 22:30:00,43528.88,CMS/RAZORPAY/UTR_HDFC_800466/ORD_INV_200466,Axis Bank Ltd,XXXX-XXXX-8921
BNK_TXN_400467,UTR_HDFC_800467,2026-03-16 23:15:00,22458.77,CMS/RAZORPAY/UTR_HDFC_800467/ORD_INV_200467,State Bank of India,XXXX-XXXX-8921
BNK_TXN_400468,UTR_HDFC_800468,2026-03-17 00:00:00,31240.15,CMS/RAZORPAY/UTR_HDFC_800468/ORD_INV_200468,Axis Bank Ltd,XXXX-XXXX-8921
BNK_TXN_400469,UTR_HDFC_800469,2026-03-17 00:45:00,16400.77,CMS/RAZORPAY/UTR_HDFC_800469/ORD_INV_200469,HDFC Bank Ltd,XXXX-XXXX-8921
BNK_TXN_400470,UTR_HDFC_800470,2026-03-17 01:30:00,35077.27,CMS/RAZORPAY/UTR_HDFC_800470/ORD_INV_200470,State Bank of India,XXXX-XXXX-8921
BNK_TXN_400471,UTR_HDFC_800471,2026-03-17 02:15:00,11917.87,CMS/RAZORPAY/UTR_HDFC_800471/ORD_INV_200471,Axis Bank Ltd,XXXX-XXXX-8921
BNK_TXN_400472,UTR_HDFC_800472,2026-03-17 03:00:00,31792.09,CMS/RAZORPAY/UTR_HDFC_800472/ORD_INV_200472,ICICI Bank Ltd,XXXX-XXXX-8921
BNK_TXN_400473,UTR_HDFC_800473,2026-03-17 03:45:00,23196.3,CMS/RAZORPAY/UTR_HDFC_800473/ORD_INV_200473,ICICI Bank Ltd,XXXX-XXXX-8921
BNK_TXN_400474,UTR_HDFC_800474,2026-03-17 04:30:00,36163.11,CMS/RAZORPAY/UTR_HDFC_800474/ORD_INV_200474,ICICI Bank Ltd,XXXX-XXXX-8921
BNK_TXN_400475,UTR_HDFC_800475,2026-03-17 05:15:00,8659.22,CMS/RAZORPAY/UTR_HDFC_800475/ORD_INV_200475,HDFC Bank Ltd,XXXX-XXXX-8921
BNK_TXN_400476,UTR_HDFC_800476,2026-03-17 06:00:00,6943.58,CMS/RAZORPAY/UTR_HDFC_800476/ORD_INV_200476,Axis Bank Ltd,XXXX-XXXX-8921
BNK_TXN_400477,UTR_HDFC_800477,2026-03-17 06:45:00,38393.32,CMS/RAZORPAY/UTR_HDFC_800477/ORD_INV_200477,Axis Bank Ltd,XXXX-XXXX-8921
BNK_TXN_400478,UTR_HDFC_800478,2026-03-17 07:30:00,24794.3,CMS/RAZORPAY/UTR_HDFC_800478/ORD_INV_200478,ICICI Bank Ltd,XXXX-XXXX-8921
BNK_TXN_400479,UTR_HDFC_800479,2026-03-17 08:15:00,14020.18,CMS/RAZORPAY/UTR_HDFC_800479/ORD_INV_200479,Axis Bank Ltd,XXXX-XXXX-8921
BNK_TXN_400480,UTR_HDFC_800480,2026-03-17 09:00:00,24157.21,CMS/RAZORPAY/UTR_HDFC_800480/ORD_INV_200480,State Bank of India,XXXX-XXXX-8921
BNK_TXN_400481,UTR_HDFC_800481,2026-03-17 09:45:00,8723.75,CMS/RAZORPAY/UTR_HDFC_800481/ORD_INV_200481,Axis Bank Ltd,XXXX-XXXX-8921
BNK_TXN_400482,UTR_HDFC_800482,2026-03-17 10:30:00,10145.09,CMS/RAZORPAY/UTR_HDFC_800482/ORD_INV_200482,State Bank of India,XXXX-XXXX-8921
BNK_TXN_400483,UTR_HDFC_800483,2026-03-17 11:15:00,30433.62,CMS/RAZORPAY/UTR_HDFC_800483/ORD_INV_200483,ICICI Bank Ltd,XXXX-XXXX-8921
BNK_TXN_400484,UTR_HDFC_800484,2026-03-17 12:00:00,15548.25,CMS/RAZORPAY/UTR_HDFC_800484/ORD_INV_200484,Axis Bank Ltd,XXXX-XXXX-8921
BNK_TXN_400485,UTR_HDFC_800485,2026-03-17 12:45:00,25343.19,CMS/RAZORPAY/UTR_HDFC_800485/ORD_INV_200485,HDFC Bank Ltd,XXXX-XXXX-8921
BNK_TXN_400486,UTR_HDFC_800486,2026-03-17 13:30:00,36019.93,CMS/RAZORPAY/UTR_HDFC_800486/ORD_INV_200486,Axis Bank Ltd,XXXX-XXXX-8921
BNK_TXN_400487,UTR_HDFC_800487,2026-03-17 14:15:00,12881.35,CMS/RAZORPAY/UTR_HDFC_800487/ORD_INV_200487,HDFC Bank Ltd,XXXX-XXXX-8921
BNK_TXN_400488,UTR_HDFC_800488,2026-03-17 15:00:00,28939.67,CMS/RAZORPAY/UTR_HDFC_800488/ORD_INV_200488,Axis Bank Ltd,XXXX-XXXX-8921
BNK_TXN_400489,UTR_HDFC_800489,2026-03-17 15:45:00,36437.34,CMS/RAZORPAY/UTR_HDFC_800489/ORD_INV_200489,ICICI Bank Ltd,XXXX-XXXX-8921
BNK_TXN_400490,UTR_HDFC_800490,2026-03-17 16:30:00,5926.34,CMS/RAZORPAY/UTR_HDFC_800490/ORD_INV_200490/CB_RESERVE_HOLD,State Bank of India,XXXX-XXXX-8921
BNK_TXN_400491,UTR_HDFC_800491,2026-03-17 17:15:00,10912.0,CMS/RAZORPAY/UTR_HDFC_800491/ORD_INV_200491,ICICI Bank Ltd,XXXX-XXXX-8921
BNK_TXN_400492,UTR_HDFC_800492,2026-03-17 18:00:00,2630.16,CMS/RAZORPAY/UTR_HDFC_800492/ORD_INV_200492,ICICI Bank Ltd,XXXX-XXXX-8921
BNK_TXN_400493,UTR_HDFC_800493,2026-03-17 18:45:00,4725.12,CMS/RAZORPAY/UTR_HDFC_800493/ORD_INV_200493,Axis Bank Ltd,XXXX-XXXX-8921
BNK_TXN_400494,UTR_HDFC_800494,2026-03-17 19:30:00,18081.38,CMS/RAZORPAY/UTR_HDFC_800494/ORD_INV_200494,ICICI Bank Ltd,XXXX-XXXX-8921
BNK_TXN_400495,UTR_HDFC_800495,2026-03-17 20:15:00,33296.63,CMS/RAZORPAY/UTR_HDFC_800495/ORD_INV_200495,ICICI Bank Ltd,XXXX-XXXX-8921
BNK_TXN_400496,UTR_HDFC_800496,2026-03-17 21:00:00,28500.47,CMS/RAZORPAY/UTR_HDFC_800496/ORD_INV_200496,State Bank of India,XXXX-XXXX-8921
BNK_TXN_400497,UTR_HDFC_800497,2026-03-17 21:45:00,23672.38,CMS/RAZORPAY/UTR_HDFC_800497/ORD_INV_200497,ICICI Bank Ltd,XXXX-XXXX-8921
BNK_TXN_400498,UTR_HDFC_800498,2026-03-17 22:30:00,38804.33,CMS/RAZORPAY/UTR_HDFC_800498/ORD_INV_200498,Axis Bank Ltd,XXXX-XXXX-8921
BNK_TXN_400499,UTR_HDFC_800499,2026-03-17 23:15:00,34693.87,CMS/RAZORPAY/UTR_HDFC_800499/ORD_INV_200499,Axis Bank Ltd,XXXX-XXXX-8921
