transaction_id,order_id,utr,ground_truth_status,ground_truth_match_id,ground_truth_exception_type,ground_truth_expected_amount,ground_truth_actual_credit,ground_truth_variance,ground_truth_root_cause
TXN_RZP_100000,ORD_INV_200000,UTR_HDFC_800000,MATCHED,UTR_HDFC_800000,NONE,36500.68,36500.68,0.0,MATCHED
TXN_RZP_100001,ORD_INV_200001,UTR_HDFC_800001,MATCHED,UTR_HDFC_800001,NONE,31058.44,31058.44,0.0,MATCHED
TXN_RZP_100002,ORD_INV_200002,UTR_HDFC_800002,MATCHED,UTR_HDFC_800002,NONE,43293.72,43293.72,0.0,MATCHED
TXN_RZP_100003,ORD_INV_200003,UTR_HDFC_800003,MATCHED,UTR_HDFC_800003,NONE,12460.35,12460.35,0.0,MATCHED
TXN_RZP_100004,ORD_INV_200004,UTR_HDFC_800004,MATCHED,UTR_HDFC_800004,NONE,15830.21,15830.21,0.0,MATCHED
TXN_RZP_100005,ORD_INV_200005,UTR_HDFC_800005,MATCHED,UTR_HDFC_800005,NONE,23628.24,23628.24,0.0,MATCHED
TXN_RZP_100006,ORD_INV_200006,UTR_HDFC_800006,MATCHED,UTR_HDFC_800006,NONE,16884.59,16884.59,0.0,MATCHED
TXN_RZP_100007,ORD_INV_200007,UTR_HDFC_800007,MATCHED,UTR_HDFC_800007,NONE,37086.93,37086.93,0.0,MATCHED
TXN_RZP_100008,ORD_INV_200008,UTR_HDFC_800008,MATCHED,UTR_HDFC_800008,NONE,35438.73,35438.73,0.0,MATCHED
TXN_RZP_100009,ORD_INV_200009,UTR_HDFC_800009,MATCHED,UTR_HDFC_800009,NONE,9539.8,9539.8,0.0,MATCHED
TXN_RZP_100010,ORD_INV_200010,UTR_HDFC_800010,EXCEPTION,UNRESOLVED,SETTLEMENT_AGGREGATION,28916.41,28916.41,0.0,Settlement Aggregation (Bulk NEFT Payout)
TXN_RZP_100011,ORD_INV_200011,UTR_HDFC_800011,EXCEPTION,UNRESOLVED,SETTLEMENT_AGGREGATION,11889.52,11889.52,0.0,Settlement Aggregation (Bulk NEFT Payout)
TXN_RZP_100012,ORD_INV_200012,UTR_HDFC_800012,EXCEPTION,UNRESOLVED,SETTLEMENT_AGGREGATION,32908.76,32908.76,0.0,Settlement Aggregation (Bulk NEFT Payout)
TXN_RZP_100013,ORD_INV_200013,UTR_HDFC_800013,EXCEPTION,UNRESOLVED,SETTLEMENT_AGGREGATION,16123.43,16123.43,0.0,Settlement Aggregation (Bulk NEFT Payout)
TXN_RZP_100014,ORD_INV_200014,UTR_HDFC_800014,MATCHED,UTR_HDFC_800014,NONE,4305.06,4305.06,0.0,MATCHED
TXN_RZP_100015,ORD_INV_200015,UTR_HDFC_800015,MATCHED,UTR_HDFC_800015,NONE,27696.04,27696.04,0.0,T+1 Settlement Window Drift
TXN_RZP_100016,ORD_INV_200016,UTR_HDFC_800016,MATCHED,UTR_HDFC_800016,NONE,17116.15,17116.15,0.0,T+2 Banking Cycle Delay
TXN_RZP_100017,ORD_INV_200017,UTR_HDFC_800017,MATCHED,UTR_HDFC_800017,NONE,42677.13,42677.13,0.0,MATCHED
TXN_RZP_100018,ORD_INV_200018,UTR_HDFC_800018,MATCHED,UTR_HDFC_800018,NONE,33849.77,33849.77,0.0,MATCHED
TXN_RZP_100019,ORD_INV_200019,UTR_HDFC_800019,MATCHED,UTR_HDFC_800019,NONE,19295.87,19295.87,0.0,MATCHED
TXN_RZP_100020,ORD_INV_200020,UTR_HDFC_800020,MATCHED,UTR_HDFC_800020,NONE,42712.42,42712.42,0.0,MATCHED
TXN_RZP_100021,ORD_INV_200021,UTR_HDFC_800021,MATCHED,UTR_HDFC_800021,NONE,38293.09,38293.09,0.0,MATCHED
TXN_RZP_100022,ORD_INV_200022,UTR_HDFC_800020,EXCEPTION,UNRESOLVED,DUPLICATE_UTR,7004.95,7004.95,0.0,Duplicate UTR Reference Detected
TXN_RZP_100023,ORD_INV_200023,UTR_HDFC_800023,MATCHED,UTR_HDFC_800023,NONE,26453.49,26453.49,0.0,MATCHED
TXN_RZP_100024,ORD_INV_200024,UTR_HDFC_800024,MATCHED,UTR_HDFC_800024,NONE,40846.96,40846.96,0.0,MATCHED
TXN_RZP_100025,ORD_INV_200025,UTR_HDFC_800025,MATCHED,UTR_HDFC_800025,NONE,10842.84,10842.84,0.0,MATCHED
TXN_RZP_100026,ORD_INV_200026,UTR_HDFC_800026,MATCHED,UTR_HDFC_800026,NONE,32250.17,32250.17,0.0,MATCHED
TXN_RZP_100027,ORD_INV_200027,UTR_HDFC_800027,MATCHED,UTR_HDFC_800027,NONE,5939.13,5939.13,0.0,MATCHED
TXN_RZP_100028,ORD_INV_200028,UTR_HDFC_800028,MATCHED,UTR_HDFC_800028,NONE,11897.21,11897.21,0.0,MATCHED
TXN_RZP_100029,ORD_INV_200029,UTR_HDFC_800029,MATCHED,UTR_HDFC_800029,NONE,40838.9,40838.9,0.0,MATCHED
TXN_RZP_100030,ORD_INV_200030,UTR_HDFC_800030,MATCHED,UTR_HDFC_800030,NONE,43726.53,43726.53,0.0,MATCHED
TXN_RZP_100031,ORD_INV_200031,UTR_HDFC_800031,MATCHED,UTR_HDFC_800031,NONE,5617.07,5617.07,0.0,MATCHED
TXN_RZP_100032,ORD_INV_200032,UTR_HDFC_800032,MATCHED,UTR_HDFC_800032,NONE,1258.76,1258.76,0.0,MATCHED
TXN_RZP_100033,ORD_INV_200033,UTR_HDFC_800033,MATCHED,UTR_HDFC_800033,NONE,655.23,655.23,0.0,MATCHED
TXN_RZP_100034,ORD_INV_200034,UTR_HDFC_800034,MATCHED,UTR_HDFC_800034,NONE,39814.66,39814.66,0.0,MATCHED
TXN_RZP_100035,ORD_INV_200035,UTR_HDFC_800035,MATCHED,UTR_HDFC_800035,NONE,12482.31,12482.31,0.0,MATCHED
TXN_RZP_100036,ORD_INV_200036,UTR_HDFC_800036,MATCHED,UTR_HDFC_800036,NONE,31877.21,31877.21,0.0,MATCHED
TXN_RZP_100037,ORD_INV_200037,UTR_HDFC_800037,MATCHED,UTR_HDFC_800037,NONE,10935.51,10935.51,0.0,MATCHED
TXN_RZP_100038,ORD_INV_200038,UTR_HDFC_800038,MATCHED,UTR_HDFC_800038,NONE,4454.0,4454.0,0.0,MATCHED
TXN_RZP_100039,ORD_INV_200039,UTR_HDFC_800039,MATCHED,UTR_HDFC_800039,NONE,18264.27,18264.27,0.0,MATCHED
TXN_RZP_100040,ORD_INV_200040,UTR_HDFC_800040,MATCHED,UTR_HDFC_800040,NONE,17894.52,17894.52,0.0,MATCHED
TXN_RZP_100041,ORD_INV_200041,UTR_HDFC_800041,MATCHED,UTR_HDFC_800041,NONE,8694.35,8694.35,0.0,MATCHED
TXN_RZP_100042,ORD_INV_200042,UTR_HDFC_800042,MATCHED,UTR_HDFC_800042,NONE,18734.21,18734.21,0.0,MATCHED
TXN_RZP_100043,ORD_INV_200043,UTR_HDFC_800043,MATCHED,UTR_HDFC_800043,NONE,38466.05,38466.05,0.0,MATCHED
TXN_RZP_100044,ORD_INV_200043,UTR_HDFC_800044,EXCEPTION,UNRESOLVED,DUPLICATE_TRANSACTION,2547.2,2547.2,0.0,Duplicate Transaction Capture
TXN_RZP_100045,ORD_INV_200045,UTR_HDFC_800045,MATCHED,UTR_HDFC_800045,NONE,40727.87,40727.87,0.0,MATCHED
TXN_RZP_100046,ORD_INV_200046,UTR_HDFC_800046,MATCHED,UTR_HDFC_800046,NONE,21513.88,21513.88,0.0,MATCHED
TXN_RZP_100047,ORD_INV_200047,UTR_HDFC_800047,EXCEPTION,UNRESOLVED,PARTIAL_REFUND,7519.31,5208.99,2310.32,Partial Customer Refund Deducted
TXN_RZP_100048,ORD_INV_200048,UTR_HDFC_800048,MATCHED,UTR_HDFC_800048,NONE,40734.46,40734.46,0.0,MATCHED
TXN_RZP_100049,ORD_INV_200049,UTR_HDFC_800049,EXCEPTION,UNRESOLVED,FULL_REFUND,30710.52,0.0,30710.52,Full Order Cancellation & Refund
TXN_RZP_100050,ORD_INV_200050,UTR_HDFC_800050,MATCHED,UTR_HDFC_800050,NONE,8620.58,8620.58,0.0,MATCHED
TXN_RZP_100051,ORD_INV_200051,UTR_HDFC_800051,MATCHED,UTR_HDFC_800051,NONE,32950.68,32950.68,0.0,MATCHED
TXN_RZP_100052,ORD_INV_200052,UTR_HDFC_800052,EXCEPTION,UNRESOLVED,CHARGEBACK_RESERVE,22264.13,21864.13,400.0,Unmapped Chargeback Reserve Holdback
TXN_RZP_100053,ORD_INV_200053,UTR_HDFC_800053,MATCHED,UTR_HDFC_800053,NONE,42228.1,42228.1,0.0,MATCHED
TXN_RZP_100054,ORD_INV_200054,UTR_HDFC_800054,MATCHED,UTR_HDFC_800054,NONE,26283.04,26283.04,0.0,MATCHED
TXN_RZP_100055,ORD_INV_200055,UTR_HDFC_800055,MATCHED,UTR_HDFC_800055,NONE,41391.81,41391.81,0.0,MATCHED
TXN_RZP_100056,ORD_INV_200056,UTR_HDFC_800056,MATCHED,UTR_HDFC_800056,NONE,27344.45,27344.45,0.0,MATCHED
TXN_RZP_100057,ORD_INV_200057,UNKNOWN,EXCEPTION,UNRESOLVED,MISSING_SETTLEMENT,41091.44,0.0,41091.44,Gateway Settlement Omitted from Bank Statement
TXN_RZP_100058,ORD_INV_200058,UTR_HDFC_800058,MATCHED,UTR_HDFC_800058,NONE,11921.55,11921.55,0.0,MATCHED
TXN_RZP_100059,ORD_INV_200059,UTR_HDFC_800059,MATCHED,UTR_HDFC_800059,NONE,14125.88,14125.88,0.0,MATCHED
TXN_RZP_100060,ORD_INV_200060,UTR_HDFC_800060,MATCHED,UTR_HDFC_800060,NONE,27421.95,27421.95,0.0,MATCHED
TXN_RZP_100061,ORD_INV_200061,UTR_HDFC_800061,MATCHED,UTR_HDFC_800061,NONE,23780.59,23780.59,0.0,MATCHED
TXN_RZP_100062,ORD_INV_200062,UTR_HDFC_800062,MATCHED,UTR_HDFC_800062,NONE,41028.36,41028.36,0.0,MATCHED
TXN_RZP_100063,ORD_INV_200063,UTR_HDFC_800063,EXCEPTION,UNRESOLVED,WRONG_MDR_TIER,12766.13,12534.71,231.42,International/Corporate MDR Tier Applied (3.5%)
TXN_RZP_100064,ORD_INV_200064,UTR_HDFC_800064,MATCHED,UTR_HDFC_800064,NONE,27008.6,27008.6,0.0,MATCHED
TXN_RZP_100065,ORD_INV_200065,UTR_HDFC_800065,MATCHED,UTR_HDFC_800065,NONE,40962.82,40962.82,0.0,MATCHED
TXN_RZP_100066,ORD_INV_200066,UTR_HDFC_800066,MATCHED,UTR_HDFC_800066,NONE,5374.0,5374.0,0.0,MATCHED
TXN_RZP_100067,ORD_INV_200067,UTR_HDFC_800067,MATCHED,UTR_HDFC_800067,NONE,12215.1,12215.1,0.0,MATCHED
TXN_RZP_100068,ORD_INV_200068,UTR_HDFC_800068,MATCHED,UTR_HDFC_800068,NONE,9217.82,9217.82,0.0,MATCHED
TXN_RZP_100069,ORD_INV_200069,UTR_HDFC_800069,MATCHED,UTR_HDFC_800069,NONE,11289.68,11289.68,0.0,MATCHED
TXN_RZP_100070,ORD_INV_200070,UTR_HDFC_800070,MATCHED,UTR_HDFC_800070,NONE,36498.21,36498.21,0.0,MATCHED
TXN_RZP_100071,ORD_INV_200071,UTR_HDFC_800071,EXCEPTION,UNRESOLVED,GST_MISMATCH,33959.65,33947.15,12.5,Statutory GST Rate Calculation Divergence
TXN_RZP_100072,ORD_INV_200072,UTR_HDFC_800072,MATCHED,UTR_HDFC_800072,NONE,24392.94,24392.94,0.0,MATCHED
TXN_RZP_100073,ORD_INV_200073,UTR_HDFC_800073,MATCHED,UTR_HDFC_800073,NONE,5219.03,5219.03,0.0,MATCHED
TXN_RZP_100074,ORD_INV_200074,UTR_HDFC_800074,MATCHED,UTR_HDFC_800074,NONE,36726.97,36726.97,0.0,MATCHED
TXN_RZP_100075,ORD_INV_200075,UTR_HDFC_800075,MATCHED,UTR_HDFC_800075,NONE,19078.84,19078.84,0.0,MATCHED
TXN_RZP_100076,ORD_INV_200076,UTR_HDFC_800076,MATCHED,UTR_HDFC_800076,NONE,39533.97,39533.97,0.0,MATCHED
TXN_RZP_100077,ORD_INV_200077,UTR_HDFC_800077,MATCHED,UTR_HDFC_800077,NONE,30077.29,30077.29,0.0,MATCHED
TXN_RZP_100078,ORD_INV_200078,UTR_HDFC_800078,MATCHED,UTR_HDFC_800078,NONE,42797.38,42797.38,0.0,MATCHED
TXN_RZP_100079,ORD_INV_200079,UTR_HDFC_800079,EXCEPTION,UNRESOLVED,BANK_FEE,42900.67,42850.67,50.0,Direct Inter-bank Transfer Fee Deducted
TXN_RZP_100080,ORD_INV_200080,UTR_HDFC_800080,MATCHED,UTR_HDFC_800080,NONE,8161.19,8161.19,0.0,MATCHED
TXN_RZP_100081,ORD_INV_200081,UTR_HDFC_800081,MATCHED,UTR_HDFC_800081,NONE,11973.46,11973.46,0.0,MATCHED
TXN_RZP_100082,ORD_INV_200082,UTR_HDFC_800082,MATCHED,UTR_HDFC_800082,NONE,37773.2,37773.2,0.0,MATCHED
TXN_RZP_100083,ORD_INV_200083,UTR_HDFC_800083,MATCHED,UTR_HDFC_800083,NONE,15585.53,15585.53,0.0,MATCHED
TXN_RZP_100084,ORD_INV_200084,UTR_HDFC_800084,MATCHED,UTR_HDFC_800084,NONE,29116.72,29116.72,0.0,MATCHED
TXN_RZP_100085,ORD_INV_200085,UTR_HDFC_800085,MATCHED,UTR_HDFC_800085,NONE,38024.29,38024.29,0.0,MATCHED
TXN_RZP_100086,ORD_INV_200086,UTR_HDFC_800086,MATCHED,UTR_HDFC_800086,NONE,29966.18,29966.18,0.0,MATCHED
TXN_RZP_100087,ORD_INV_200087,UTR_HDFC_800087,MATCHED,UTR_HDFC_800087,NONE,5370.21,5370.21,0.0,MATCHED
TXN_RZP_100088,ORD_INV_200088,UTR_HDFC_800088,MATCHED,UTR_HDFC_800088,NONE,2009.61,2009.61,0.0,MATCHED
TXN_RZP_100089,ORD_INV_200089,UTR_HDFC_800089,MATCHED,UTR_HDFC_800089,NONE,32103.58,32103.58,0.0,MATCHED
TXN_RZP_100090,ORD_INV_200090,UTR_HDFC_800090,MATCHED,UTR_HDFC_800090,NONE,17134.82,17134.82,0.0,MATCHED
TXN_RZP_100091,ORD_INV_200091,UTR_HDFC_800091,MATCHED,UTR_HDFC_800091,NONE,2276.82,2276.82,0.0,MATCHED
TXN_RZP_100092,ORD_INV_200092,UTR_HDFC_800092,MATCHED,UTR_HDFC_800092,NONE,16220.43,16220.43,0.0,MATCHED
TXN_RZP_100093,ORD_INV_200093,UTR_HDFC_800093,MATCHED,UTR_HDFC_800093,NONE,29262.95,29262.95,0.0,MATCHED
TXN_RZP_100094,ORD_INV_200094,UTR_HDFC_800094,MATCHED,UTR_HDFC_800094,NONE,29415.77,29415.77,0.0,MATCHED
TXN_RZP_100095,ORD_INV_200095,UTR_HDFC_800095,MATCHED,UTR_HDFC_800095,NONE,24512.05,24512.05,0.0,MATCHED
TXN_RZP_100096,ORD_INV_200096,UTR_HDFC_800096,MATCHED,UTR_HDFC_800096,NONE,29870.27,29870.27,0.0,MATCHED
TXN_RZP_100097,ORD_INV_200097,UTR_HDFC_800097,MATCHED,UTR_HDFC_800097,NONE,18045.1,18045.1,0.0,MATCHED
TXN_RZP_100098,ORD_INV_200098,UTR_HDFC_800098,MATCHED,UTR_HDFC_800098,NONE,9504.93,9504.93,0.0,MATCHED
TXN_RZP_100099,ORD_INV_200099,UTR_HDFC_800099,MATCHED,UTR_HDFC_800099,NONE,20613.49,20613.49,0.0,MATCHED
TXN_RZP_100100,ORD_INV_200100,UTR_HDFC_800100,MATCHED,UTR_HDFC_800100,NONE,34945.63,34945.63,0.0,MATCHED
TXN_RZP_100101,ORD_INV_200101,UTR_HDFC_800101,EXCEPTION,UNRESOLVED,SPLIT_SETTLEMENT,22813.52,11406.76,11406.76,Split Gateway Payout across Settlement Cycles
TXN_RZP_100102,ORD_INV_200102,UTR_HDFC_800102,MATCHED,UTR_HDFC_800102,NONE,36021.95,36021.95,0.0,MATCHED
TXN_RZP_100103,ORD_INV_200103,UTR_HDFC_800103,MATCHED,UTR_HDFC_800103,NONE,35504.86,35504.86,0.0,MATCHED
TXN_RZP_100104,ORD_INV_200104,UTR_HDFC_800104,MATCHED,UTR_HDFC_800104,NONE,11015.96,11015.96,0.0,MATCHED
TXN_RZP_100105,ORD_INV_200105,UTR_HDFC_800105,MATCHED,UTR_HDFC_800105,NONE,20196.18,20196.18,0.0,MATCHED
TXN_RZP_100106,ORD_INV_200106,UTR_HDFC_800106,MATCHED,UTR_HDFC_800106,NONE,21894.73,21894.73,0.0,MATCHED
TXN_RZP_100107,ORD_INV_200107,UTR_HDFC_800107,MATCHED,UTR_HDFC_800107,NONE,39258.36,39258.36,0.0,MATCHED
TXN_RZP_100108,ORD_INV_200108,UTR_HDFC_800108,MATCHED,UTR_HDFC_800108,NONE,8009.74,8009.74,0.0,MATCHED
TXN_RZP_100109,ORD_INV_200109,UTR_HDFC_800109,MATCHED,UTR_HDFC_800109,NONE,24642.55,24642.55,0.0,MATCHED
TXN_RZP_100110,ORD_INV_200110,UTR_HDFC_800110,EXCEPTION,UNRESOLVED,GST_ROUNDING_ERROR,35280.5,35281.25,-0.75,Sub-rupee Decimal Rounding Difference
TXN_RZP_100111,ORD_INV_200111,UTR_HDFC_800111,EXCEPTION,UNRESOLVED,MISSING_INVOICE,41759.91,41759.91,0.0,Merchant ERP Order Incomplete or Unrecorded
TXN_RZP_100112,ORD_INV_200112,UTR_HDFC_800112,MATCHED,UTR_HDFC_800112,NONE,36551.44,36551.44,0.0,Alternative Bank Narration Formatting
TXN_RZP_100113,ORD_INV_200113,UTR_HDFC_800113,MATCHED,UTR_HDFC_800113,NONE,32762.35,32762.35,0.0,MATCHED
TXN_RZP_100114,ORD_INV_200114,UTR_HDFC_800114,MATCHED,UTR_HDFC_800114,NONE,33116.39,33116.39,0.0,Merchant Alias Name Mapping
TXN_RZP_100115,ORD_INV_200115,UTR_HDFC_800115,MATCHED,UTR_HDFC_800115,NONE,27665.63,27665.63,0.0,MATCHED
TXN_RZP_100116,ORD_INV_200116,UTR_HDFC_800116,MATCHED,UTR_HDFC_800116,NONE,31449.62,31449.62,0.0,MATCHED
TXN_RZP_100117,ORD_INV_200117,UTR_HDFC_800117,MATCHED,UTR_HDFC_800117,NONE,14279.88,14279.88,0.0,MATCHED
TXN_RZP_100118,ORD_INV_200118,UTR_HDFC_800118,MATCHED,UTR_HDFC_800118,NONE,6917.4,6917.4,0.0,MATCHED
TXN_RZP_100119,ORD_INV_200119,UTR_HDFC_800119,MATCHED,UTR_HDFC_800119,NONE,3141.88,3141.88,0.0,Truncated Reference Formatting in Narration
TXN_RZP_100120,ORD_INV_200120,UTR_HDFC_800120,MATCHED,UTR_HDFC_800120,NONE,18467.94,18467.94,0.0,MATCHED
TXN_RZP_100121,ORD_INV_200121,UTR_HDFC_800121,MATCHED,UTR_HDFC_800121,NONE,39789.32,39789.32,0.0,MATCHED
TXN_RZP_100122,ORD_INV_200122,UTR_HDFC_800122,MATCHED,UTR_HDFC_800122,NONE,21136.28,21136.28,0.0,MATCHED
TXN_RZP_100123,ORD_INV_200123,UTR_HDFC_800123,MATCHED,UTR_HDFC_800123,NONE,37548.88,37548.88,0.0,MATCHED
TXN_RZP_100124,ORD_INV_200124,UTR_HDFC_800124,MATCHED,UTR_HDFC_800124,NONE,21626.72,21626.72,0.0,MATCHED
TXN_RZP_100125,ORD_INV_200125,UTR_HDFC_800125,EXCEPTION,UNRESOLVED,AMOUNT_MISMATCH,1607.11,1257.11,350.0,Settlement Bank Transfer Amount Variance
TXN_RZP_100126,ORD_INV_200126,UTR_HDFC_800126,MATCHED,UTR_HDFC_800126,NONE,36984.65,36984.65,0.0,MATCHED
TXN_RZP_100127,ORD_INV_200127,UTR_HDFC_800127,MATCHED,UTR_HDFC_800127,NONE,39880.44,39880.44,0.0,MATCHED
TXN_RZP_100128,ORD_INV_200128,UTR_HDFC_800128,MATCHED,UTR_HDFC_800128,NONE,4001.53,4001.53,0.0,MATCHED
TXN_RZP_100129,ORD_INV_200129,UTR_HDFC_800129,MATCHED,UTR_HDFC_800129,NONE,8264.45,8264.45,0.0,MATCHED
TXN_RZP_100130,ORD_INV_200130,UTR_HDFC_800130,MATCHED,UTR_HDFC_800130,NONE,9569.34,9569.34,0.0,MATCHED
TXN_RZP_100131,ORD_INV_200131,UTR_HDFC_800131,MATCHED,UTR_HDFC_800131,NONE,12472.69,12472.69,0.0,MATCHED
TXN_RZP_100132,ORD_INV_200132,UTR_HDFC_800132,MATCHED,UTR_HDFC_800132,NONE,20845.36,20845.36,0.0,MATCHED
TXN_RZP_100133,ORD_INV_200133,UTR_HDFC_800133,MATCHED,UTR_HDFC_800133,NONE,10116.99,10116.99,0.0,MATCHED
TXN_RZP_100134,ORD_INV_200134,UTR_HDFC_800134,MATCHED,UTR_HDFC_800134,NONE,41741.26,41741.26,0.0,MATCHED
TXN_RZP_100135,ORD_INV_200135,UTR_HDFC_800135,MATCHED,UTR_HDFC_800135,NONE,10741.41,10741.41,0.0,MATCHED
TXN_RZP_100136,ORD_INV_200136,UTR_HDFC_800136,MATCHED,UTR_HDFC_800136,NONE,20615.48,20615.48,0.0,MATCHED
TXN_RZP_100137,ORD_INV_200137,UTR_HDFC_800137,MATCHED,UTR_HDFC_800137,NONE,26756.4,26756.4,0.0,MATCHED
TXN_RZP_100138,ORD_INV_200138,UTR_HDFC_800138,MATCHED,UTR_HDFC_800138,NONE,5054.44,5054.44,0.0,MATCHED
TXN_RZP_100139,ORD_INV_200139,UTR_HDFC_800139,MATCHED,UTR_HDFC_800139,NONE,17634.39,17634.39,0.0,MATCHED
TXN_RZP_100140,ORD_INV_200140,UTR_HDFC_800140,EXCEPTION,UNRESOLVED,MISSING_BANK_CREDIT,4784.25,0.0,4784.25,Bank Statement Record Omitted from Ingestion
TXN_RZP_100141,ORD_INV_200141,UTR_HDFC_800141,MATCHED,UTR_HDFC_800141,NONE,35054.27,35054.27,0.0,MATCHED
TXN_RZP_100142,ORD_INV_200142,UTR_HDFC_800142,MATCHED,UTR_HDFC_800142,NONE,23567.45,23567.45,0.0,Multi-item Settlement Batch Mapping
TXN_RZP_100143,ORD_INV_200143,UTR_HDFC_800143,MATCHED,UTR_HDFC_800143,NONE,893.33,893.33,0.0,MATCHED
TXN_RZP_100144,ORD_INV_200144,UTR_HDFC_800144,MATCHED,UTR_HDFC_800144,NONE,19241.73,19241.73,0.0,MATCHED
TXN_RZP_100145,ORD_INV_200145,UTR_HDFC_800145,MATCHED,UTR_HDFC_800145,NONE,19327.35,19327.35,0.0,MATCHED
TXN_RZP_100146,ORD_INV_200146,UTR_HDFC_800146,MATCHED,UTR_HDFC_800146,NONE,20608.5,20608.5,0.0,MATCHED
TXN_RZP_100147,ORD_INV_200147,UTR_HDFC_800147,MATCHED,UTR_HDFC_800147,NONE,37473.25,37473.25,0.0,MATCHED
TXN_RZP_100148,ORD_INV_200148,UTR_HDFC_800148,MATCHED,UTR_HDFC_800148,NONE,10973.27,10973.27,0.0,MATCHED
TXN_RZP_100149,ORD_INV_200149,UTR_HDFC_800149,MATCHED,UTR_HDFC_800149,NONE,15007.38,15007.38,0.0,MATCHED
TXN_RZP_100150,ORD_INV_200150,UTR_HDFC_800150,MATCHED,UTR_HDFC_800150,NONE,21597.09,21597.09,0.0,MATCHED
TXN_RZP_100151,ORD_INV_200151,UTR_HDFC_800151,MATCHED,UTR_HDFC_800151,NONE,12533.8,12533.8,0.0,MATCHED
TXN_RZP_100152,ORD_INV_200152,UTR_HDFC_800152,MATCHED,UTR_HDFC_800152,NONE,22864.76,22864.76,0.0,MATCHED
TXN_RZP_100153,ORD_INV_200153,UTR_HDFC_800153,MATCHED,UTR_HDFC_800153,NONE,31734.29,31734.29,0.0,MATCHED
TXN_RZP_100154,ORD_INV_200154,UTR_HDFC_800154,MATCHED,UTR_HDFC_800154,NONE,30449.73,30449.73,0.0,MATCHED
TXN_RZP_100155,ORD_INV_200155,UTR_HDFC_800155,MATCHED,UTR_HDFC_800155,NONE,4398.51,4398.51,0.0,MATCHED
TXN_RZP_100156,ORD_INV_200156,UTR_HDFC_800156,MATCHED,UTR_HDFC_800156,NONE,13691.18,13691.18,0.0,MATCHED
TXN_RZP_100157,ORD_INV_200157,UTR_HDFC_800157,MATCHED,UTR_HDFC_800157,NONE,24471.09,24471.09,0.0,MATCHED
TXN_RZP_100158,ORD_INV_200158,UTR_HDFC_800158,MATCHED,UTR_HDFC_800158,NONE,15679.36,15679.36,0.0,MATCHED
TXN_RZP_100159,ORD_INV_200159,UTR_HDFC_800159,MATCHED,UTR_HDFC_800159,NONE,11302.0,11302.0,0.0,MATCHED
TXN_RZP_100160,ORD_INV_200160,UTR_HDFC_800160,MATCHED,UTR_HDFC_800160,NONE,5553.88,5553.88,0.0,MATCHED
TXN_RZP_100161,ORD_INV_200161,UTR_HDFC_800161,MATCHED,UTR_HDFC_800161,NONE,9775.3,9775.3,0.0,MATCHED
TXN_RZP_100162,ORD_INV_200162,UTR_HDFC_800162,MATCHED,UTR_HDFC_800162,NONE,43088.33,43088.33,0.0,MATCHED
TXN_RZP_100163,ORD_INV_200163,UTR_HDFC_800163,MATCHED,UTR_HDFC_800163,NONE,16074.8,16074.8,0.0,MATCHED
TXN_RZP_100164,ORD_INV_200164,UTR_HDFC_800164,MATCHED,UTR_HDFC_800164,NONE,12300.69,12300.69,0.0,MATCHED
TXN_RZP_100165,ORD_INV_200165,UTR_HDFC_800165,MATCHED,UTR_HDFC_800165,NONE,30746.54,30746.54,0.0,MATCHED
TXN_RZP_100166,ORD_INV_200166,UTR_HDFC_800166,MATCHED,UTR_HDFC_800166,NONE,38389.06,38389.06,0.0,MATCHED
TXN_RZP_100167,ORD_INV_200167,UTR_HDFC_800167,MATCHED,UTR_HDFC_800167,NONE,21211.89,21211.89,0.0,MATCHED
TXN_RZP_100168,ORD_INV_200168,UTR_HDFC_800168,MATCHED,UTR_HDFC_800168,NONE,11348.86,11348.86,0.0,MATCHED
TXN_RZP_100169,ORD_INV_200169,UTR_HDFC_800169,MATCHED,UTR_HDFC_800169,NONE,17811.09,17811.09,0.0,MATCHED
TXN_RZP_100170,ORD_INV_200170,UTR_HDFC_800170,MATCHED,UTR_HDFC_800170,NONE,6956.47,6956.47,0.0,MATCHED
TXN_RZP_100171,ORD_INV_200171,UTR_HDFC_800171,MATCHED,UTR_HDFC_800171,NONE,43672.85,43672.85,0.0,MATCHED
TXN_RZP_100172,ORD_INV_200172,UTR_HDFC_800172,MATCHED,UTR_HDFC_800172,NONE,4882.0,4882.0,0.0,Identical Amount Disambiguation
TXN_RZP_100173,ORD_INV_200173,UTR_HDFC_800173,MATCHED,UTR_HDFC_800173,NONE,19982.48,19982.48,0.0,MATCHED
TXN_RZP_100174,ORD_INV_200174,UNKNOWN,EXCEPTION,UNRESOLVED,UNKNOWN,13655.18,13535.18,120.0,Ambiguous Entry Requiring Manual Human Review
TXN_RZP_100175,ORD_INV_200175,UTR_HDFC_800175,MATCHED,UTR_HDFC_800175,NONE,41653.12,41653.12,0.0,MATCHED
TXN_RZP_100176,ORD_INV_200176,UTR_HDFC_800176,MATCHED,UTR_HDFC_800176,NONE,29133.94,29133.94,0.0,MATCHED
TXN_RZP_100177,ORD_INV_200177,UTR_HDFC_800177,MATCHED,UTR_HDFC_800177,NONE,24406.53,24406.53,0.0,MATCHED
TXN_RZP_100178,ORD_INV_200178,UTR_HDFC_800178,MATCHED,UTR_HDFC_800178,NONE,19982.02,19982.02,0.0,MATCHED
TXN_RZP_100179,ORD_INV_200179,UTR_HDFC_800179,MATCHED,UTR_HDFC_800179,NONE,1764.71,1764.71,0.0,MATCHED
TXN_RZP_100180,ORD_INV_200180,UTR_HDFC_800180,MATCHED,UTR_HDFC_800180,NONE,3444.92,3444.92,0.0,MATCHED
TXN_RZP_100181,ORD_INV_200181,UTR_HDFC_800181,MATCHED,UTR_HDFC_800181,NONE,18876.2,18876.2,0.0,MATCHED
TXN_RZP_100182,ORD_INV_200182,UTR_HDFC_800182,MATCHED,UTR_HDFC_800182,NONE,39945.08,39945.08,0.0,MATCHED
TXN_RZP_100183,ORD_INV_200183,UTR_HDFC_800183,MATCHED,UTR_HDFC_800183,NONE,7575.35,7575.35,0.0,T+1 Settlement Window Drift
TXN_RZP_100184,ORD_INV_200184,UTR_HDFC_800184,MATCHED,UTR_HDFC_800184,NONE,19487.19,19487.19,0.0,MATCHED
TXN_RZP_100185,ORD_INV_200185,UTR_HDFC_800185,MATCHED,UTR_HDFC_800185,NONE,41438.89,41438.89,0.0,MATCHED
TXN_RZP_100186,ORD_INV_200186,UTR_HDFC_800186,MATCHED,UTR_HDFC_800186,NONE,19426.38,19426.38,0.0,MATCHED
TXN_RZP_100187,ORD_INV_200187,UTR_HDFC_800187,MATCHED,UTR_HDFC_800187,NONE,32364.67,32364.67,0.0,MATCHED
TXN_RZP_100188,ORD_INV_200188,UTR_HDFC_800188,MATCHED,UTR_HDFC_800188,NONE,4323.25,4323.25,0.0,MATCHED
TXN_RZP_100189,ORD_INV_200189,UTR_HDFC_800189,MATCHED,UTR_HDFC_800189,NONE,43919.36,43919.36,0.0,MATCHED
TXN_RZP_100190,ORD_INV_200190,UTR_HDFC_800190,MATCHED,UTR_HDFC_800190,NONE,33610.44,33610.44,0.0,MATCHED
TXN_RZP_100191,ORD_INV_200191,UTR_HDFC_800191,MATCHED,UTR_HDFC_800191,NONE,40279.09,40279.09,0.0,MATCHED
TXN_RZP_100192,ORD_INV_200192,UTR_HDFC_800192,MATCHED,UTR_HDFC_800192,NONE,28015.99,28015.99,0.0,MATCHED
TXN_RZP_100193,ORD_INV_200193,UTR_HDFC_800193,MATCHED,UTR_HDFC_800193,NONE,15511.54,15511.54,0.0,MATCHED
TXN_RZP_100194,ORD_INV_200194,UTR_HDFC_800194,MATCHED,UTR_HDFC_800194,NONE,37735.69,37735.69,0.0,T+2 Banking Cycle Delay
TXN_RZP_100195,ORD_INV_200195,UTR_HDFC_800195,MATCHED,UTR_HDFC_800195,NONE,12906.95,12906.95,0.0,MATCHED
TXN_RZP_100196,ORD_INV_200196,UTR_HDFC_800196,MATCHED,UTR_HDFC_800196,NONE,20170.45,20170.45,0.0,MATCHED
TXN_RZP_100197,ORD_INV_200197,UTR_HDFC_800197,MATCHED,UTR_HDFC_800197,NONE,5395.49,5395.49,0.0,MATCHED
TXN_RZP_100198,ORD_INV_200198,UTR_HDFC_800198,MATCHED,UTR_HDFC_800198,NONE,29013.28,29013.28,0.0,MATCHED
TXN_RZP_100199,ORD_INV_200199,UTR_HDFC_800199,MATCHED,UTR_HDFC_800199,NONE,2704.84,2704.84,0.0,MATCHED
TXN_RZP_100200,ORD_INV_200200,UTR_HDFC_800200,MATCHED,UTR_HDFC_800200,NONE,27607.22,27607.22,0.0,MATCHED
TXN_RZP_100201,ORD_INV_200201,UTR_HDFC_800201,MATCHED,UTR_HDFC_800201,NONE,24285.67,24285.67,0.0,MATCHED
TXN_RZP_100202,ORD_INV_200202,UTR_HDFC_800202,MATCHED,UTR_HDFC_800202,NONE,5635.46,5635.46,0.0,MATCHED
TXN_RZP_100203,ORD_INV_200203,UTR_HDFC_800203,MATCHED,UTR_HDFC_800203,NONE,13889.28,13889.28,0.0,MATCHED
TXN_RZP_100204,ORD_INV_200204,UTR_HDFC_800204,MATCHED,UTR_HDFC_800204,NONE,4405.31,4405.31,0.0,MATCHED
TXN_RZP_100205,ORD_INV_200205,UTR_HDFC_800205,MATCHED,UTR_HDFC_800205,NONE,28579.47,28579.47,0.0,MATCHED
TXN_RZP_100206,ORD_INV_200206,UTR_HDFC_800206,MATCHED,UTR_HDFC_800206,NONE,22526.66,22526.66,0.0,MATCHED
TXN_RZP_100207,ORD_INV_200207,UTR_HDFC_800207,MATCHED,UTR_HDFC_800207,NONE,43076.74,43076.74,0.0,MATCHED
TXN_RZP_100208,ORD_INV_200208,UTR_HDFC_800208,MATCHED,UTR_HDFC_800208,NONE,17064.66,17064.66,0.0,MATCHED
TXN_RZP_100209,ORD_INV_200209,UTR_HDFC_800209,MATCHED,UTR_HDFC_800209,NONE,38010.08,38010.08,0.0,MATCHED
TXN_RZP_100210,ORD_INV_200210,UTR_HDFC_800210,MATCHED,UTR_HDFC_800210,NONE,41071.48,41071.48,0.0,MATCHED
TXN_RZP_100211,ORD_INV_200211,UTR_HDFC_800211,MATCHED,UTR_HDFC_800211,NONE,12672.46,12672.46,0.0,MATCHED
TXN_RZP_100212,ORD_INV_200212,UTR_HDFC_800212,MATCHED,UTR_HDFC_800212,NONE,38063.87,38063.87,0.0,MATCHED
TXN_RZP_100213,ORD_INV_200213,UTR_HDFC_800213,MATCHED,UTR_HDFC_800213,NONE,15387.84,15387.84,0.0,MATCHED
TXN_RZP_100214,ORD_INV_200214,UTR_HDFC_800212,EXCEPTION,UNRESOLVED,DUPLICATE_UTR,20193.07,20193.07,0.0,Duplicate UTR Reference Detected
TXN_RZP_100215,ORD_INV_200215,UTR_HDFC_800215,MATCHED,UTR_HDFC_800215,NONE,25269.97,25269.97,0.0,MATCHED
TXN_RZP_100216,ORD_INV_200215,UTR_HDFC_800216,EXCEPTION,UNRESOLVED,DUPLICATE_TRANSACTION,14213.04,14213.04,0.0,Duplicate Transaction Capture
TXN_RZP_100217,ORD_INV_200217,UTR_HDFC_800217,MATCHED,UTR_HDFC_800217,NONE,43432.9,43432.9,0.0,MATCHED
TXN_RZP_100218,ORD_INV_200218,UTR_HDFC_800218,MATCHED,UTR_HDFC_800218,NONE,5845.61,5845.61,0.0,MATCHED
TXN_RZP_100219,ORD_INV_200219,UTR_HDFC_800219,MATCHED,UTR_HDFC_800219,NONE,38453.17,38453.17,0.0,MATCHED
TXN_RZP_100220,ORD_INV_200220,UTR_HDFC_800220,MATCHED,UTR_HDFC_800220,NONE,1010.83,1010.83,0.0,MATCHED
TXN_RZP_100221,ORD_INV_200221,UTR_HDFC_800221,MATCHED,UTR_HDFC_800221,NONE,3603.97,3603.97,0.0,MATCHED
TXN_RZP_100222,ORD_INV_200222,UTR_HDFC_800222,MATCHED,UTR_HDFC_800222,NONE,28672.2,28672.2,0.0,MATCHED
TXN_RZP_100223,ORD_INV_200223,UTR_HDFC_800223,MATCHED,UTR_HDFC_800223,NONE,41938.65,41938.65,0.0,MATCHED
TXN_RZP_100224,ORD_INV_200224,UTR_HDFC_800224,MATCHED,UTR_HDFC_800224,NONE,27260.66,27260.66,0.0,MATCHED
TXN_RZP_100225,ORD_INV_200225,UTR_HDFC_800225,MATCHED,UTR_HDFC_800225,NONE,32897.97,32897.97,0.0,MATCHED
TXN_RZP_100226,ORD_INV_200226,UTR_HDFC_800226,MATCHED,UTR_HDFC_800226,NONE,19684.46,19684.46,0.0,MATCHED
TXN_RZP_100227,ORD_INV_200227,UTR_HDFC_800227,MATCHED,UTR_HDFC_800227,NONE,14483.26,14483.26,0.0,MATCHED
TXN_RZP_100228,ORD_INV_200228,UTR_HDFC_800228,MATCHED,UTR_HDFC_800228,NONE,16683.41,16683.41,0.0,MATCHED
TXN_RZP_100229,ORD_INV_200229,UTR_HDFC_800229,EXCEPTION,UNRESOLVED,PARTIAL_REFUND,25014.09,17328.48,7685.61,Partial Customer Refund Deducted
TXN_RZP_100230,ORD_INV_200230,UTR_HDFC_800230,MATCHED,UTR_HDFC_800230,NONE,3784.47,3784.47,0.0,MATCHED
TXN_RZP_100231,ORD_INV_200231,UTR_HDFC_800231,MATCHED,UTR_HDFC_800231,NONE,22038.16,22038.16,0.0,MATCHED
TXN_RZP_100232,ORD_INV_200232,UTR_HDFC_800232,MATCHED,UTR_HDFC_800232,NONE,20446.14,20446.14,0.0,MATCHED
TXN_RZP_100233,ORD_INV_200233,UTR_HDFC_800233,MATCHED,UTR_HDFC_800233,NONE,29413.5,29413.5,0.0,MATCHED
TXN_RZP_100234,ORD_INV_200234,UTR_HDFC_800234,MATCHED,UTR_HDFC_800234,NONE,3561.84,3561.84,0.0,MATCHED
TXN_RZP_100235,ORD_INV_200235,UTR_HDFC_800235,EXCEPTION,UNRESOLVED,FULL_REFUND,28197.08,0.0,28197.08,Full Order Cancellation & Refund
TXN_RZP_100236,ORD_INV_200236,UTR_HDFC_800236,MATCHED,UTR_HDFC_800236,NONE,37193.83,37193.83,0.0,MATCHED
TXN_RZP_100237,ORD_INV_200237,UTR_HDFC_800237,MATCHED,UTR_HDFC_800237,NONE,4991.43,4991.43,0.0,MATCHED
TXN_RZP_100238,ORD_INV_200238,UTR_HDFC_800238,MATCHED,UTR_HDFC_800238,NONE,25401.38,25401.38,0.0,MATCHED
TXN_RZP_100239,ORD_INV_200239,UTR_HDFC_800239,MATCHED,UTR_HDFC_800239,NONE,12308.06,12308.06,0.0,MATCHED
TXN_RZP_100240,ORD_INV_200240,UTR_HDFC_800240,MATCHED,UTR_HDFC_800240,NONE,36650.4,36650.4,0.0,MATCHED
TXN_RZP_100241,ORD_INV_200241,UTR_HDFC_800241,MATCHED,UTR_HDFC_800241,NONE,9889.52,9889.52,0.0,MATCHED
TXN_RZP_100242,ORD_INV_200242,UTR_HDFC_800242,MATCHED,UTR_HDFC_800242,NONE,29889.74,29889.74,0.0,MATCHED
TXN_RZP_100243,ORD_INV_200243,UTR_HDFC_800243,MATCHED,UTR_HDFC_800243,NONE,13810.05,13810.05,0.0,MATCHED
TXN_RZP_100244,ORD_INV_200244,UTR_HDFC_800244,MATCHED,UTR_HDFC_800244,NONE,32269.88,32269.88,0.0,MATCHED
TXN_RZP_100245,ORD_INV_200245,UTR_HDFC_800245,MATCHED,UTR_HDFC_800245,NONE,32929.11,32929.11,0.0,MATCHED
TXN_RZP_100246,ORD_INV_200246,UTR_HDFC_800246,MATCHED,UTR_HDFC_800246,NONE,34630.76,34630.76,0.0,MATCHED
TXN_RZP_100247,ORD_INV_200247,UTR_HDFC_800247,MATCHED,UTR_HDFC_800247,NONE,36547.24,36547.24,0.0,MATCHED
TXN_RZP_100248,ORD_INV_200248,UTR_HDFC_800248,MATCHED,UTR_HDFC_800248,NONE,32888.94,32888.94,0.0,MATCHED
TXN_RZP_100249,ORD_INV_200249,UTR_HDFC_800249,MATCHED,UTR_HDFC_800249,NONE,42320.3,42320.3,0.0,MATCHED
TXN_RZP_100250,ORD_INV_200250,UTR_HDFC_800250,MATCHED,UTR_HDFC_800250,NONE,42511.08,42511.08,0.0,MATCHED
TXN_RZP_100251,ORD_INV_200251,UTR_HDFC_800251,MATCHED,UTR_HDFC_800251,NONE,34812.52,34812.52,0.0,MATCHED
TXN_RZP_100252,ORD_INV_200252,UTR_HDFC_800252,MATCHED,UTR_HDFC_800252,NONE,20168.72,20168.72,0.0,MATCHED
TXN_RZP_100253,ORD_INV_200253,UTR_HDFC_800253,MATCHED,UTR_HDFC_800253,NONE,36196.05,36196.05,0.0,MATCHED
TXN_RZP_100254,ORD_INV_200254,UTR_HDFC_800254,MATCHED,UTR_HDFC_800254,NONE,20896.36,20896.36,0.0,MATCHED
TXN_RZP_100255,ORD_INV_200255,UTR_HDFC_800255,MATCHED,UTR_HDFC_800255,NONE,40243.48,40243.48,0.0,MATCHED
TXN_RZP_100256,ORD_INV_200256,UTR_HDFC_800256,MATCHED,UTR_HDFC_800256,NONE,39987.65,39987.65,0.0,MATCHED
TXN_RZP_100257,ORD_INV_200257,UTR_HDFC_800257,MATCHED,UTR_HDFC_800257,NONE,6435.49,6435.49,0.0,MATCHED
TXN_RZP_100258,ORD_INV_200258,UTR_HDFC_800258,EXCEPTION,UNRESOLVED,CHARGEBACK_RESERVE,5404.15,5004.15,400.0,Unmapped Chargeback Reserve Holdback
TXN_RZP_100259,ORD_INV_200259,UTR_HDFC_800259,MATCHED,UTR_HDFC_800259,NONE,17285.25,17285.25,0.0,MATCHED
TXN_RZP_100260,ORD_INV_200260,UTR_HDFC_800260,MATCHED,UTR_HDFC_800260,NONE,25947.58,25947.58,0.0,MATCHED
TXN_RZP_100261,ORD_INV_200261,UTR_HDFC_800261,MATCHED,UTR_HDFC_800261,NONE,36687.64,36687.64,0.0,MATCHED
TXN_RZP_100262,ORD_INV_200262,UTR_HDFC_800262,MATCHED,UTR_HDFC_800262,NONE,1768.04,1768.04,0.0,MATCHED
TXN_RZP_100263,ORD_INV_200263,UTR_HDFC_800263,MATCHED,UTR_HDFC_800263,NONE,19728.82,19728.82,0.0,MATCHED
TXN_RZP_100264,ORD_INV_200264,UTR_HDFC_800264,MATCHED,UTR_HDFC_800264,NONE,43106.52,43106.52,0.0,MATCHED
TXN_RZP_100265,ORD_INV_200265,UTR_HDFC_800265,MATCHED,UTR_HDFC_800265,NONE,2981.5,2981.5,0.0,MATCHED
TXN_RZP_100266,ORD_INV_200266,UTR_HDFC_800266,MATCHED,UTR_HDFC_800266,NONE,41715.06,41715.06,0.0,MATCHED
TXN_RZP_100267,ORD_INV_200267,UTR_HDFC_800267,MATCHED,UTR_HDFC_800267,NONE,28317.65,28317.65,0.0,MATCHED
TXN_RZP_100268,ORD_INV_200268,UTR_HDFC_800268,MATCHED,UTR_HDFC_800268,NONE,34643.04,34643.04,0.0,MATCHED
TXN_RZP_100269,ORD_INV_200269,UTR_HDFC_800269,MATCHED,UTR_HDFC_800269,NONE,3332.88,3332.88,0.0,MATCHED
TXN_RZP_100270,ORD_INV_200270,UTR_HDFC_800270,MATCHED,UTR_HDFC_800270,NONE,35787.81,35787.81,0.0,MATCHED
TXN_RZP_100271,ORD_INV_200271,UTR_HDFC_800271,MATCHED,UTR_HDFC_800271,NONE,34723.65,34723.65,0.0,MATCHED
TXN_RZP_100272,ORD_INV_200272,UTR_HDFC_800272,MATCHED,UTR_HDFC_800272,NONE,37765.03,37765.03,0.0,MATCHED
TXN_RZP_100273,ORD_INV_200273,UTR_HDFC_800273,MATCHED,UTR_HDFC_800273,NONE,35153.96,35153.96,0.0,MATCHED
TXN_RZP_100274,ORD_INV_200274,UNKNOWN,EXCEPTION,UNRESOLVED,MISSING_SETTLEMENT,989.59,0.0,989.59,Gateway Settlement Omitted from Bank Statement
TXN_RZP_100275,ORD_INV_200275,UTR_HDFC_800275,MATCHED,UTR_HDFC_800275,NONE,1029.74,1029.74,0.0,MATCHED
TXN_RZP_100276,ORD_INV_200276,UTR_HDFC_800276,MATCHED,UTR_HDFC_800276,NONE,32677.88,32677.88,0.0,MATCHED
TXN_RZP_100277,ORD_INV_200277,UTR_HDFC_800277,MATCHED,UTR_HDFC_800277,NONE,21104.28,21104.28,0.0,MATCHED
TXN_RZP_100278,ORD_INV_200278,UTR_HDFC_800278,MATCHED,UTR_HDFC_800278,NONE,20047.48,20047.48,0.0,MATCHED
TXN_RZP_100279,ORD_INV_200279,UTR_HDFC_800279,EXCEPTION,UNRESOLVED,WRONG_MDR_TIER,32046.81,31465.87,580.94,International/Corporate MDR Tier Applied (3.5%)
TXN_RZP_100280,ORD_INV_200280,UTR_HDFC_800280,MATCHED,UTR_HDFC_800280,NONE,28388.99,28388.99,0.0,MATCHED
TXN_RZP_100281,ORD_INV_200281,UTR_HDFC_800281,MATCHED,UTR_HDFC_800281,NONE,37280.78,37280.78,0.0,MATCHED
TXN_RZP_100282,ORD_INV_200282,UTR_HDFC_800282,MATCHED,UTR_HDFC_800282,NONE,31399.78,31399.78,0.0,MATCHED
TXN_RZP_100283,ORD_INV_200283,UTR_HDFC_800283,MATCHED,UTR_HDFC_800283,NONE,14384.6,14384.6,0.0,MATCHED
TXN_RZP_100284,ORD_INV_200284,UTR_HDFC_800284,MATCHED,UTR_HDFC_800284,NONE,12331.4,12331.4,0.0,MATCHED
TXN_RZP_100285,ORD_INV_200285,UTR_HDFC_800285,MATCHED,UTR_HDFC_800285,NONE,16947.74,16947.74,0.0,MATCHED
TXN_RZP_100286,ORD_INV_200286,UTR_HDFC_800286,MATCHED,UTR_HDFC_800286,NONE,20122.03,20122.03,0.0,MATCHED
TXN_RZP_100287,ORD_INV_200287,UTR_HDFC_800287,EXCEPTION,UNRESOLVED,GST_MISMATCH,34917.77,34905.27,12.5,Statutory GST Rate Calculation Divergence
TXN_RZP_100288,ORD_INV_200288,UTR_HDFC_800288,MATCHED,UTR_HDFC_800288,NONE,19091.18,19091.18,0.0,MATCHED
TXN_RZP_100289,ORD_INV_200289,UTR_HDFC_800289,MATCHED,UTR_HDFC_800289,NONE,36414.12,36414.12,0.0,MATCHED
TXN_RZP_100290,ORD_INV_200290,UTR_HDFC_800290,MATCHED,UTR_HDFC_800290,NONE,13967.67,13967.67,0.0,MATCHED
TXN_RZP_100291,ORD_INV_200291,UTR_HDFC_800291,MATCHED,UTR_HDFC_800291,NONE,41914.81,41914.81,0.0,MATCHED
TXN_RZP_100292,ORD_INV_200292,UTR_HDFC_800292,MATCHED,UTR_HDFC_800292,NONE,36603.88,36603.88,0.0,MATCHED
TXN_RZP_100293,ORD_INV_200293,UTR_HDFC_800293,MATCHED,UTR_HDFC_800293,NONE,32803.03,32803.03,0.0,MATCHED
TXN_RZP_100294,ORD_INV_200294,UTR_HDFC_800294,MATCHED,UTR_HDFC_800294,NONE,25909.43,25909.43,0.0,MATCHED
TXN_RZP_100295,ORD_INV_200295,UTR_HDFC_800295,MATCHED,UTR_HDFC_800295,NONE,29551.81,29551.81,0.0,MATCHED
TXN_RZP_100296,ORD_INV_200296,UTR_HDFC_800296,MATCHED,UTR_HDFC_800296,NONE,38187.3,38187.3,0.0,MATCHED
TXN_RZP_100297,ORD_INV_200297,UTR_HDFC_800297,MATCHED,UTR_HDFC_800297,NONE,15672.2,15672.2,0.0,MATCHED
TXN_RZP_100298,ORD_INV_200298,UTR_HDFC_800298,MATCHED,UTR_HDFC_800298,NONE,7087.4,7087.4,0.0,MATCHED
TXN_RZP_100299,ORD_INV_200299,UTR_HDFC_800299,MATCHED,UTR_HDFC_800299,NONE,15605.4,15605.4,0.0,MATCHED
TXN_RZP_100300,ORD_INV_200300,UTR_HDFC_800300,MATCHED,UTR_HDFC_800300,NONE,33588.49,33588.49,0.0,MATCHED
TXN_RZP_100301,ORD_INV_200301,UTR_HDFC_800301,EXCEPTION,UNRESOLVED,BANK_FEE,37187.35,37137.35,50.0,Direct Inter-bank Transfer Fee Deducted
TXN_RZP_100302,ORD_INV_200302,UTR_HDFC_800302,MATCHED,UTR_HDFC_800302,NONE,26891.64,26891.64,0.0,MATCHED
TXN_RZP_100303,ORD_INV_200303,UTR_HDFC_800303,MATCHED,UTR_HDFC_800303,NONE,12255.3,12255.3,0.0,MATCHED
TXN_RZP_100304,ORD_INV_200304,UTR_HDFC_800304,MATCHED,UTR_HDFC_800304,NONE,607.93,607.93,0.0,MATCHED
TXN_RZP_100305,ORD_INV_200305,UTR_HDFC_800305,MATCHED,UTR_HDFC_800305,NONE,3375.4,3375.4,0.0,MATCHED
TXN_RZP_100306,ORD_INV_200306,UTR_HDFC_800306,MATCHED,UTR_HDFC_800306,NONE,16742.41,16742.41,0.0,MATCHED
TXN_RZP_100307,ORD_INV_200307,UTR_HDFC_800307,MATCHED,UTR_HDFC_800307,NONE,16474.67,16474.67,0.0,MATCHED
TXN_RZP_100308,ORD_INV_200308,UTR_HDFC_800308,EXCEPTION,UNRESOLVED,SPLIT_SETTLEMENT,38852.16,19426.08,19426.08,Split Gateway Payout across Settlement Cycles
TXN_RZP_100309,ORD_INV_200309,UTR_HDFC_800309,EXCEPTION,UNRESOLVED,GST_ROUNDING_ERROR,29724.26,29725.01,-0.75,Sub-rupee Decimal Rounding Difference
TXN_RZP_100310,ORD_INV_200310,UTR_HDFC_800310,MATCHED,UTR_HDFC_800310,NONE,21514.77,21514.77,0.0,MATCHED
TXN_RZP_100311,ORD_INV_200311,UTR_HDFC_800311,MATCHED,UTR_HDFC_800311,NONE,9739.74,9739.74,0.0,MATCHED
TXN_RZP_100312,ORD_INV_200312,UTR_HDFC_800312,MATCHED,UTR_HDFC_800312,NONE,19084.37,19084.37,0.0,MATCHED
TXN_RZP_100313,ORD_INV_200313,UTR_HDFC_800313,MATCHED,UTR_HDFC_800313,NONE,23314.1,23314.1,0.0,MATCHED
TXN_RZP_100314,ORD_INV_200314,UTR_HDFC_800314,MATCHED,UTR_HDFC_800314,NONE,17573.75,17573.75,0.0,MATCHED
TXN_RZP_100315,ORD_INV_200315,UTR_HDFC_800315,MATCHED,UTR_HDFC_800315,NONE,9253.82,9253.82,0.0,MATCHED
TXN_RZP_100316,ORD_INV_200316,UTR_HDFC_800316,MATCHED,UTR_HDFC_800316,NONE,12960.54,12960.54,0.0,MATCHED
TXN_RZP_100317,ORD_INV_200317,UTR_HDFC_800317,MATCHED,UTR_HDFC_800317,NONE,32908.77,32908.77,0.0,MATCHED
TXN_RZP_100318,ORD_INV_200318,UTR_HDFC_800318,MATCHED,UTR_HDFC_800318,NONE,23560.33,23560.33,0.0,MATCHED
TXN_RZP_100319,ORD_INV_200319,UTR_HDFC_800319,MATCHED,UTR_HDFC_800319,NONE,3483.97,3483.97,0.0,MATCHED
TXN_RZP_100320,ORD_INV_200320,UTR_HDFC_800320,MATCHED,UTR_HDFC_800320,NONE,20385.31,20385.31,0.0,MATCHED
TXN_RZP_100321,ORD_INV_200321,UTR_HDFC_800321,MATCHED,UTR_HDFC_800321,NONE,25339.82,25339.82,0.0,MATCHED
TXN_RZP_100322,ORD_INV_200322,UTR_HDFC_800322,MATCHED,UTR_HDFC_800322,NONE,17999.64,17999.64,0.0,MATCHED
TXN_RZP_100323,ORD_INV_200323,UTR_HDFC_800323,MATCHED,UTR_HDFC_800323,NONE,36614.96,36614.96,0.0,MATCHED
TXN_RZP_100324,ORD_INV_200324,UTR_HDFC_800324,MATCHED,UTR_HDFC_800324,NONE,37158.11,37158.11,0.0,MATCHED
TXN_RZP_100325,ORD_INV_200325,UTR_HDFC_800325,MATCHED,UTR_HDFC_800325,NONE,23184.55,23184.55,0.0,MATCHED
TXN_RZP_100326,ORD_INV_200326,UTR_HDFC_800326,MATCHED,UTR_HDFC_800326,NONE,10001.46,10001.46,0.0,MATCHED
TXN_RZP_100327,ORD_INV_200327,UTR_HDFC_800327,EXCEPTION,UNRESOLVED,MISSING_INVOICE,23474.13,23474.13,0.0,Merchant ERP Order Incomplete or Unrecorded
TXN_RZP_100328,ORD_INV_200328,UTR_HDFC_800328,MATCHED,UTR_HDFC_800328,NONE,32052.75,32052.75,0.0,MATCHED
TXN_RZP_100329,ORD_INV_200329,UTR_HDFC_800329,MATCHED,UTR_HDFC_800329,NONE,6726.16,6726.16,0.0,MATCHED
TXN_RZP_100330,ORD_INV_200330,UTR_HDFC_800330,MATCHED,UTR_HDFC_800330,NONE,33484.28,33484.28,0.0,MATCHED
TXN_RZP_100331,ORD_INV_200331,UTR_HDFC_800331,MATCHED,UTR_HDFC_800331,NONE,20568.35,20568.35,0.0,MATCHED
TXN_RZP_100332,ORD_INV_200332,UTR_HDFC_800332,MATCHED,UTR_HDFC_800332,NONE,30036.61,30036.61,0.0,Alternative Bank Narration Formatting
TXN_RZP_100333,ORD_INV_200333,UTR_HDFC_800333,MATCHED,UTR_HDFC_800333,NONE,38019.67,38019.67,0.0,MATCHED
TXN_RZP_100334,ORD_INV_200334,UTR_HDFC_800334,MATCHED,UTR_HDFC_800334,NONE,3318.76,3318.76,0.0,MATCHED
TXN_RZP_100335,ORD_INV_200335,UTR_HDFC_800335,MATCHED,UTR_HDFC_800335,NONE,26125.42,26125.42,0.0,MATCHED
TXN_RZP_100336,ORD_INV_200336,UTR_HDFC_800336,MATCHED,UTR_HDFC_800336,NONE,13874.37,13874.37,0.0,MATCHED
TXN_RZP_100337,ORD_INV_200337,UTR_HDFC_800337,MATCHED,UTR_HDFC_800337,NONE,16417.32,16417.32,0.0,MATCHED
TXN_RZP_100338,ORD_INV_200338,UTR_HDFC_800338,MATCHED,UTR_HDFC_800338,NONE,27153.8,27153.8,0.0,MATCHED
TXN_RZP_100339,ORD_INV_200339,UTR_HDFC_800339,MATCHED,UTR_HDFC_800339,NONE,25641.94,25641.94,0.0,MATCHED
TXN_RZP_100340,ORD_INV_200340,UTR_HDFC_800340,MATCHED,UTR_HDFC_800340,NONE,14359.11,14359.11,0.0,MATCHED
TXN_RZP_100341,ORD_INV_200341,UTR_HDFC_800341,MATCHED,UTR_HDFC_800341,NONE,42094.84,42094.84,0.0,MATCHED
TXN_RZP_100342,ORD_INV_200342,UTR_HDFC_800342,MATCHED,UTR_HDFC_800342,NONE,43170.08,43170.08,0.0,MATCHED
TXN_RZP_100343,ORD_INV_200343,UTR_HDFC_800343,MATCHED,UTR_HDFC_800343,NONE,2048.2,2048.2,0.0,MATCHED
TXN_RZP_100344,ORD_INV_200344,UTR_HDFC_800344,MATCHED,UTR_HDFC_800344,NONE,16206.33,16206.33,0.0,MATCHED
TXN_RZP_100345,ORD_INV_200345,UTR_HDFC_800345,MATCHED,UTR_HDFC_800345,NONE,34105.5,34105.5,0.0,MATCHED
TXN_RZP_100346,ORD_INV_200346,UTR_HDFC_800346,MATCHED,UTR_HDFC_800346,NONE,3215.25,3215.25,0.0,Merchant Alias Name Mapping
TXN_RZP_100347,ORD_INV_200347,UTR_HDFC_800347,MATCHED,UTR_HDFC_800347,NONE,12729.49,12729.49,0.0,MATCHED
TXN_RZP_100348,ORD_INV_200348,UTR_HDFC_800348,MATCHED,UTR_HDFC_800348,NONE,3894.92,3894.92,0.0,MATCHED
TXN_RZP_100349,ORD_INV_200349,UTR_HDFC_800349,MATCHED,UTR_HDFC_800349,NONE,42529.69,42529.69,0.0,MATCHED
TXN_RZP_100350,ORD_INV_200350,UTR_HDFC_800350,MATCHED,UTR_HDFC_800350,NONE,13838.35,13838.35,0.0,MATCHED
TXN_RZP_100351,ORD_INV_200351,UTR_HDFC_800351,MATCHED,UTR_HDFC_800351,NONE,29556.32,29556.32,0.0,MATCHED
TXN_RZP_100352,ORD_INV_200352,UTR_HDFC_800352,MATCHED,UTR_HDFC_800352,NONE,22509.94,22509.94,0.0,MATCHED
TXN_RZP_100353,ORD_INV_200353,UTR_HDFC_800353,MATCHED,UTR_HDFC_800353,NONE,8200.54,8200.54,0.0,MATCHED
TXN_RZP_100354,ORD_INV_200354,UTR_HDFC_800354,MATCHED,UTR_HDFC_800354,NONE,8712.45,8712.45,0.0,MATCHED
TXN_RZP_100355,ORD_INV_200355,UTR_HDFC_800355,MATCHED,UTR_HDFC_800355,NONE,13237.17,13237.17,0.0,MATCHED
TXN_RZP_100356,ORD_INV_200356,UTR_HDFC_800356,MATCHED,UTR_HDFC_800356,NONE,29199.38,29199.38,0.0,MATCHED
TXN_RZP_100357,ORD_INV_200357,UTR_HDFC_800357,MATCHED,UTR_HDFC_800357,NONE,7066.58,7066.58,0.0,Truncated Reference Formatting in Narration
TXN_RZP_100358,ORD_INV_200358,UTR_HDFC_800358,MATCHED,UTR_HDFC_800358,NONE,31782.62,31782.62,0.0,MATCHED
TXN_RZP_100359,ORD_INV_200359,UTR_HDFC_800359,EXCEPTION,UNRESOLVED,AMOUNT_MISMATCH,29828.63,29478.63,350.0,Settlement Bank Transfer Amount Variance
TXN_RZP_100360,ORD_INV_200360,UTR_HDFC_800360,MATCHED,UTR_HDFC_800360,NONE,33143.18,33143.18,0.0,MATCHED
TXN_RZP_100361,ORD_INV_200361,UTR_HDFC_800361,MATCHED,UTR_HDFC_800361,NONE,13833.39,13833.39,0.0,MATCHED
TXN_RZP_100362,ORD_INV_200362,UTR_HDFC_800362,MATCHED,UTR_HDFC_800362,NONE,29913.38,29913.38,0.0,MATCHED
TXN_RZP_100363,ORD_INV_200363,UTR_HDFC_800363,MATCHED,UTR_HDFC_800363,NONE,33886.38,33886.38,0.0,MATCHED
TXN_RZP_100364,ORD_INV_200364,UTR_HDFC_800364,MATCHED,UTR_HDFC_800364,NONE,42467.41,42467.41,0.0,MATCHED
TXN_RZP_100365,ORD_INV_200365,UTR_HDFC_800365,MATCHED,UTR_HDFC_800365,NONE,38401.36,38401.36,0.0,MATCHED
TXN_RZP_100366,ORD_INV_200366,UTR_HDFC_800366,MATCHED,UTR_HDFC_800366,NONE,24517.64,24517.64,0.0,MATCHED
TXN_RZP_100367,ORD_INV_200367,UTR_HDFC_800367,MATCHED,UTR_HDFC_800367,NONE,12769.42,12769.42,0.0,MATCHED
TXN_RZP_100368,ORD_INV_200368,UTR_HDFC_800368,MATCHED,UTR_HDFC_800368,NONE,39809.7,39809.7,0.0,MATCHED
TXN_RZP_100369,ORD_INV_200369,UTR_HDFC_800369,MATCHED,UTR_HDFC_800369,NONE,41601.81,41601.81,0.0,MATCHED
TXN_RZP_100370,ORD_INV_200370,UTR_HDFC_800370,MATCHED,UTR_HDFC_800370,NONE,40906.84,40906.84,0.0,MATCHED
TXN_RZP_100371,ORD_INV_200371,UTR_HDFC_800371,MATCHED,UTR_HDFC_800371,NONE,22227.38,22227.38,0.0,MATCHED
TXN_RZP_100372,ORD_INV_200372,UTR_HDFC_800372,MATCHED,UTR_HDFC_800372,NONE,16686.53,16686.53,0.0,MATCHED
TXN_RZP_100373,ORD_INV_200373,UTR_HDFC_800373,EXCEPTION,UNRESOLVED,MISSING_BANK_CREDIT,36926.69,0.0,36926.69,Bank Statement Record Omitted from Ingestion
TXN_RZP_100374,ORD_INV_200374,UTR_HDFC_800374,MATCHED,UTR_HDFC_800374,NONE,2011.62,2011.62,0.0,MATCHED
TXN_RZP_100375,ORD_INV_200375,UTR_HDFC_800375,MATCHED,UTR_HDFC_800375,NONE,19899.09,19899.09,0.0,MATCHED
TXN_RZP_100376,ORD_INV_200376,UTR_HDFC_800376,MATCHED,UTR_HDFC_800376,NONE,11499.06,11499.06,0.0,MATCHED
TXN_RZP_100377,ORD_INV_200377,UTR_HDFC_800377,MATCHED,UTR_HDFC_800377,NONE,5189.07,5189.07,0.0,Multi-item Settlement Batch Mapping
TXN_RZP_100378,ORD_INV_200378,UTR_HDFC_800378,MATCHED,UTR_HDFC_800378,NONE,5653.87,5653.87,0.0,MATCHED
TXN_RZP_100379,ORD_INV_200379,UTR_HDFC_800379,MATCHED,UTR_HDFC_800379,NONE,4882.0,4882.0,0.0,Identical Amount Disambiguation
TXN_RZP_100380,ORD_INV_200380,UTR_HDFC_800380,MATCHED,UTR_HDFC_800380,NONE,27892.61,27892.61,0.0,MATCHED
TXN_RZP_100381,ORD_INV_200381,UTR_HDFC_800381,MATCHED,UTR_HDFC_800381,NONE,13040.1,13040.1,0.0,MATCHED
TXN_RZP_100382,ORD_INV_200382,UTR_HDFC_800382,MATCHED,UTR_HDFC_800382,NONE,10829.44,10829.44,0.0,MATCHED
TXN_RZP_100383,ORD_INV_200383,UTR_HDFC_800383,MATCHED,UTR_HDFC_800383,NONE,23163.72,23163.72,0.0,MATCHED
TXN_RZP_100384,ORD_INV_200384,UTR_HDFC_800384,MATCHED,UTR_HDFC_800384,NONE,17364.06,17364.06,0.0,MATCHED
TXN_RZP_100385,ORD_INV_200385,UTR_HDFC_800385,MATCHED,UTR_HDFC_800385,NONE,43111.39,43111.39,0.0,MATCHED
TXN_RZP_100386,ORD_INV_200386,UTR_HDFC_800386,MATCHED,UTR_HDFC_800386,NONE,34718.26,34718.26,0.0,MATCHED
TXN_RZP_100387,ORD_INV_200387,UTR_HDFC_800387,MATCHED,UTR_HDFC_800387,NONE,33976.32,33976.32,0.0,MATCHED
TXN_RZP_100388,ORD_INV_200388,UNKNOWN,EXCEPTION,UNRESOLVED,UNKNOWN,15700.66,15580.66,120.0,Ambiguous Entry Requiring Manual Human Review
TXN_RZP_100389,ORD_INV_200389,UTR_HDFC_800389,MATCHED,UTR_HDFC_800389,NONE,43101.79,43101.79,0.0,MATCHED
TXN_RZP_100390,ORD_INV_200390,UTR_HDFC_800390,MATCHED,UTR_HDFC_800390,NONE,3092.69,3092.69,0.0,MATCHED
TXN_RZP_100391,ORD_INV_200391,UTR_HDFC_800391,MATCHED,UTR_HDFC_800391,NONE,9130.36,9130.36,0.0,MATCHED
TXN_RZP_100392,ORD_INV_200392,UTR_HDFC_800392,MATCHED,UTR_HDFC_800392,NONE,41033.22,41033.22,0.0,MATCHED
TXN_RZP_100393,ORD_INV_200393,UTR_HDFC_800393,MATCHED,UTR_HDFC_800393,NONE,11385.27,11385.27,0.0,MATCHED
TXN_RZP_100394,ORD_INV_200394,UTR_HDFC_800394,MATCHED,UTR_HDFC_800394,NONE,37927.76,37927.76,0.0,MATCHED
TXN_RZP_100395,ORD_INV_200395,UTR_HDFC_800395,MATCHED,UTR_HDFC_800395,NONE,5768.38,5768.38,0.0,MATCHED
TXN_RZP_100396,ORD_INV_200396,UTR_HDFC_800396,MATCHED,UTR_HDFC_800396,NONE,32747.18,32747.18,0.0,MATCHED
TXN_RZP_100397,ORD_INV_200397,UTR_HDFC_800397,MATCHED,UTR_HDFC_800397,NONE,21974.34,21974.34,0.0,MATCHED
TXN_RZP_100398,ORD_INV_200398,UTR_HDFC_800398,MATCHED,UTR_HDFC_800398,NONE,35268.79,35268.79,0.0,MATCHED
TXN_RZP_100399,ORD_INV_200399,UTR_HDFC_800399,MATCHED,UTR_HDFC_800399,NONE,26606.45,26606.45,0.0,MATCHED
TXN_RZP_100400,ORD_INV_200400,UTR_HDFC_800400,MATCHED,UTR_HDFC_800400,NONE,14345.36,14345.36,0.0,MATCHED
TXN_RZP_100401,ORD_INV_200401,UTR_HDFC_800401,MATCHED,UTR_HDFC_800401,NONE,13703.81,13703.81,0.0,MATCHED
TXN_RZP_100402,ORD_INV_200402,UTR_HDFC_800402,MATCHED,UTR_HDFC_800402,NONE,30412.91,30412.91,0.0,MATCHED
TXN_RZP_100403,ORD_INV_200403,UTR_HDFC_800403,MATCHED,UTR_HDFC_800403,NONE,32028.12,32028.12,0.0,MATCHED
TXN_RZP_100404,ORD_INV_200404,UTR_HDFC_800404,MATCHED,UTR_HDFC_800404,NONE,12311.33,12311.33,0.0,MATCHED
TXN_RZP_100405,ORD_INV_200405,UTR_HDFC_800405,MATCHED,UTR_HDFC_800405,NONE,16180.74,16180.74,0.0,MATCHED
TXN_RZP_100406,ORD_INV_200406,UTR_HDFC_800406,MATCHED,UTR_HDFC_800406,NONE,37340.55,37340.55,0.0,MATCHED
TXN_RZP_100407,ORD_INV_200407,UTR_HDFC_800407,MATCHED,UTR_HDFC_800407,NONE,3272.86,3272.86,0.0,MATCHED
TXN_RZP_100408,ORD_INV_200408,UTR_HDFC_800408,MATCHED,UTR_HDFC_800408,NONE,41734.96,41734.96,0.0,MATCHED
TXN_RZP_100409,ORD_INV_200409,UTR_HDFC_800409,MATCHED,UTR_HDFC_800409,NONE,29946.31,29946.31,0.0,MATCHED
TXN_RZP_100410,ORD_INV_200410,UTR_HDFC_800410,MATCHED,UTR_HDFC_800410,NONE,33609.37,33609.37,0.0,MATCHED
TXN_RZP_100411,ORD_INV_200411,UTR_HDFC_800411,MATCHED,UTR_HDFC_800411,NONE,17694.54,17694.54,0.0,MATCHED
TXN_RZP_100412,ORD_INV_200412,UTR_HDFC_800412,MATCHED,UTR_HDFC_800412,NONE,1471.46,1471.46,0.0,T+1 Settlement Window Drift
TXN_RZP_100413,ORD_INV_200413,UTR_HDFC_800413,MATCHED,UTR_HDFC_800413,NONE,40168.78,40168.78,0.0,T+2 Banking Cycle Delay
TXN_RZP_100414,ORD_INV_200414,UTR_HDFC_800412,EXCEPTION,UNRESOLVED,DUPLICATE_UTR,31035.15,31035.15,0.0,Duplicate UTR Reference Detected
TXN_RZP_100415,ORD_INV_200415,UTR_HDFC_800415,MATCHED,UTR_HDFC_800415,NONE,30596.71,30596.71,0.0,MATCHED
TXN_RZP_100416,ORD_INV_200416,UTR_HDFC_800416,MATCHED,UTR_HDFC_800416,NONE,6258.98,6258.98,0.0,MATCHED
TXN_RZP_100417,ORD_INV_200417,UTR_HDFC_800417,MATCHED,UTR_HDFC_800417,NONE,39520.79,39520.79,0.0,MATCHED
TXN_RZP_100418,ORD_INV_200418,UTR_HDFC_800418,MATCHED,UTR_HDFC_800418,NONE,29457.06,29457.06,0.0,MATCHED
TXN_RZP_100419,ORD_INV_200419,UTR_HDFC_800419,MATCHED,UTR_HDFC_800419,NONE,39200.47,39200.47,0.0,MATCHED
TXN_RZP_100420,ORD_INV_200420,UTR_HDFC_800420,MATCHED,UTR_HDFC_800420,NONE,22521.58,22521.58,0.0,MATCHED
TXN_RZP_100421,ORD_INV_200421,UTR_HDFC_800421,MATCHED,UTR_HDFC_800421,NONE,10662.55,10662.55,0.0,MATCHED
TXN_RZP_100422,ORD_INV_200422,UTR_HDFC_800422,MATCHED,UTR_HDFC_800422,NONE,24495.01,24495.01,0.0,MATCHED
TXN_RZP_100423,ORD_INV_200423,UTR_HDFC_800423,MATCHED,UTR_HDFC_800423,NONE,27020.4,27020.4,0.0,MATCHED
TXN_RZP_100424,ORD_INV_200424,UTR_HDFC_800424,MATCHED,UTR_HDFC_800424,NONE,17700.02,17700.02,0.0,MATCHED
TXN_RZP_100425,ORD_INV_200425,UTR_HDFC_800425,MATCHED,UTR_HDFC_800425,NONE,33874.45,33874.45,0.0,MATCHED
TXN_RZP_100426,ORD_INV_200426,UTR_HDFC_800426,MATCHED,UTR_HDFC_800426,NONE,42733.86,42733.86,0.0,MATCHED
TXN_RZP_100427,ORD_INV_200427,UTR_HDFC_800427,MATCHED,UTR_HDFC_800427,NONE,29991.95,29991.95,0.0,MATCHED
TXN_RZP_100428,ORD_INV_200428,UTR_HDFC_800428,MATCHED,UTR_HDFC_800428,NONE,33814.15,33814.15,0.0,MATCHED
TXN_RZP_100429,ORD_INV_200429,UTR_HDFC_800429,MATCHED,UTR_HDFC_800429,NONE,36587.27,36587.27,0.0,MATCHED
TXN_RZP_100430,ORD_INV_200430,UTR_HDFC_800430,MATCHED,UTR_HDFC_800430,NONE,7520.17,7520.17,0.0,MATCHED
TXN_RZP_100431,ORD_INV_200431,UTR_HDFC_800431,MATCHED,UTR_HDFC_800431,NONE,41648.46,41648.46,0.0,MATCHED
TXN_RZP_100432,ORD_INV_200432,UTR_HDFC_800432,MATCHED,UTR_HDFC_800432,NONE,11267.2,11267.2,0.0,MATCHED
TXN_RZP_100433,ORD_INV_200432,UTR_HDFC_800433,EXCEPTION,UNRESOLVED,DUPLICATE_TRANSACTION,27590.37,27590.37,0.0,Duplicate Transaction Capture
TXN_RZP_100434,ORD_INV_200434,UTR_HDFC_800434,MATCHED,UTR_HDFC_800434,NONE,22252.05,22252.05,0.0,MATCHED
TXN_RZP_100435,ORD_INV_200435,UTR_HDFC_800435,MATCHED,UTR_HDFC_800435,NONE,7805.45,7805.45,0.0,MATCHED
TXN_RZP_100436,ORD_INV_200436,UTR_HDFC_800436,MATCHED,UTR_HDFC_800436,NONE,37072.89,37072.89,0.0,MATCHED
TXN_RZP_100437,ORD_INV_200437,UTR_HDFC_800437,MATCHED,UTR_HDFC_800437,NONE,3882.75,3882.75,0.0,MATCHED
TXN_RZP_100438,ORD_INV_200438,UTR_HDFC_800438,MATCHED,UTR_HDFC_800438,NONE,33778.29,33778.29,0.0,MATCHED
TXN_RZP_100439,ORD_INV_200439,UTR_HDFC_800439,MATCHED,UTR_HDFC_800439,NONE,22054.33,22054.33,0.0,MATCHED
TXN_RZP_100440,ORD_INV_200440,UTR_HDFC_800440,MATCHED,UTR_HDFC_800440,NONE,21396.33,21396.33,0.0,MATCHED
TXN_RZP_100441,ORD_INV_200441,UTR_HDFC_800441,MATCHED,UTR_HDFC_800441,NONE,3523.09,3523.09,0.0,MATCHED
TXN_RZP_100442,ORD_INV_200442,UTR_HDFC_800442,MATCHED,UTR_HDFC_800442,NONE,18461.29,18461.29,0.0,MATCHED
TXN_RZP_100443,ORD_INV_200443,UTR_HDFC_800443,MATCHED,UTR_HDFC_800443,NONE,26789.85,26789.85,0.0,MATCHED
TXN_RZP_100444,ORD_INV_200444,UTR_HDFC_800444,MATCHED,UTR_HDFC_800444,NONE,42864.4,42864.4,0.0,MATCHED
TXN_RZP_100445,ORD_INV_200445,UTR_HDFC_800445,EXCEPTION,UNRESOLVED,PARTIAL_REFUND,14254.0,9874.44,4379.56,Partial Customer Refund Deducted
TXN_RZP_100446,ORD_INV_200446,UTR_HDFC_800446,MATCHED,UTR_HDFC_800446,NONE,19942.44,19942.44,0.0,MATCHED
TXN_RZP_100447,ORD_INV_200447,UTR_HDFC_800447,MATCHED,UTR_HDFC_800447,NONE,12993.9,12993.9,0.0,MATCHED
TXN_RZP_100448,ORD_INV_200448,UTR_HDFC_800448,MATCHED,UTR_HDFC_800448,NONE,11165.39,11165.39,0.0,MATCHED
TXN_RZP_100449,ORD_INV_200449,UTR_HDFC_800449,MATCHED,UTR_HDFC_800449,NONE,8617.8,8617.8,0.0,MATCHED
TXN_RZP_100450,ORD_INV_200450,UTR_HDFC_800450,MATCHED,UTR_HDFC_800450,NONE,22085.8,22085.8,0.0,MATCHED
TXN_RZP_100451,ORD_INV_200451,UTR_HDFC_800451,MATCHED,UTR_HDFC_800451,NONE,4267.55,4267.55,0.0,MATCHED
TXN_RZP_100452,ORD_INV_200452,UTR_HDFC_800452,MATCHED,UTR_HDFC_800452,NONE,42485.66,42485.66,0.0,MATCHED
TXN_RZP_100453,ORD_INV_200453,UTR_HDFC_800453,MATCHED,UTR_HDFC_800453,NONE,2463.06,2463.06,0.0,MATCHED
TXN_RZP_100454,ORD_INV_200454,UTR_HDFC_800454,MATCHED,UTR_HDFC_800454,NONE,12799.31,12799.31,0.0,MATCHED
TXN_RZP_100455,ORD_INV_200455,UTR_HDFC_800455,MATCHED,UTR_HDFC_800455,NONE,6180.81,6180.81,0.0,MATCHED
TXN_RZP_100456,ORD_INV_200456,UTR_HDFC_800456,EXCEPTION,UNRESOLVED,FULL_REFUND,16295.24,0.0,16295.24,Full Order Cancellation & Refund
TXN_RZP_100457,ORD_INV_200457,UTR_HDFC_800457,MATCHED,UTR_HDFC_800457,NONE,16146.43,16146.43,0.0,MATCHED
TXN_RZP_100458,ORD_INV_200458,UTR_HDFC_800458,MATCHED,UTR_HDFC_800458,NONE,22325.4,22325.4,0.0,MATCHED
TXN_RZP_100459,ORD_INV_200459,UTR_HDFC_800459,MATCHED,UTR_HDFC_800459,NONE,5950.98,5950.98,0.0,MATCHED
TXN_RZP_100460,ORD_INV_200460,UTR_HDFC_800460,MATCHED,UTR_HDFC_800460,NONE,34996.29,34996.29,0.0,MATCHED
TXN_RZP_100461,ORD_INV_200461,UTR_HDFC_800461,MATCHED,UTR_HDFC_800461,NONE,33255.4,33255.4,0.0,MATCHED
TXN_RZP_100462,ORD_INV_200462,UTR_HDFC_800462,MATCHED,UTR_HDFC_800462,NONE,22143.27,22143.27,0.0,MATCHED
TXN_RZP_100463,ORD_INV_200463,UTR_HDFC_800463,MATCHED,UTR_HDFC_800463,NONE,31451.68,31451.68,0.0,MATCHED
TXN_RZP_100464,ORD_INV_200464,UTR_HDFC_800464,MATCHED,UTR_HDFC_800464,NONE,6835.0,6835.0,0.0,MATCHED
TXN_RZP_100465,ORD_INV_200465,UTR_HDFC_800465,MATCHED,UTR_HDFC_800465,NONE,40945.93,40945.93,0.0,MATCHED
TXN_RZP_100466,ORD_INV_200466,UTR_HDFC_800466,MATCHED,UTR_HDFC_800466,NONE,43528.88,43528.88,0.0,MATCHED
TXN_RZP_100467,ORD_INV_200467,UTR_HDFC_800467,MATCHED,UTR_HDFC_800467,NONE,22458.77,22458.77,0.0,MATCHED
TXN_RZP_100468,ORD_INV_200468,UTR_HDFC_800468,MATCHED,UTR_HDFC_800468,NONE,31240.15,31240.15,0.0,MATCHED
TXN_RZP_100469,ORD_INV_200469,UTR_HDFC_800469,MATCHED,UTR_HDFC_800469,NONE,16400.77,16400.77,0.0,MATCHED
TXN_RZP_100470,ORD_INV_200470,UTR_HDFC_800470,MATCHED,UTR_HDFC_800470,NONE,35077.27,35077.27,0.0,MATCHED
TXN_RZP_100471,ORD_INV_200471,UTR_HDFC_800471,MATCHED,UTR_HDFC_800471,NONE,11917.87,11917.87,0.0,MATCHED
TXN_RZP_100472,ORD_INV_200472,UTR_HDFC_800472,MATCHED,UTR_HDFC_800472,NONE,31792.09,31792.09,0.0,MATCHED
TXN_RZP_100473,ORD_INV_200473,UTR_HDFC_800473,MATCHED,UTR_HDFC_800473,NONE,23196.3,23196.3,0.0,MATCHED
TXN_RZP_100474,ORD_INV_200474,UTR_HDFC_800474,MATCHED,UTR_HDFC_800474,NONE,36163.11,36163.11,0.0,MATCHED
TXN_RZP_100475,ORD_INV_200475,UTR_HDFC_800475,MATCHED,UTR_HDFC_800475,NONE,8659.22,8659.22,0.0,MATCHED
TXN_RZP_100476,ORD_INV_200476,UTR_HDFC_800476,MATCHED,UTR_HDFC_800476,NONE,6943.58,6943.58,0.0,MATCHED
TXN_RZP_100477,ORD_INV_200477,UTR_HDFC_800477,MATCHED,UTR_HDFC_800477,NONE,38393.32,38393.32,0.0,MATCHED
TXN_RZP_100478,ORD_INV_200478,UTR_HDFC_800478,MATCHED,UTR_HDFC_800478,NONE,24794.3,24794.3,0.0,MATCHED
TXN_RZP_100479,ORD_INV_200479,UTR_HDFC_800479,MATCHED,UTR_HDFC_800479,NONE,14020.18,14020.18,0.0,MATCHED
TXN_RZP_100480,ORD_INV_200480,UTR_HDFC_800480,MATCHED,UTR_HDFC_800480,NONE,24157.21,24157.21,0.0,MATCHED
TXN_RZP_100481,ORD_INV_200481,UTR_HDFC_800481,MATCHED,UTR_HDFC_800481,NONE,8723.75,8723.75,0.0,MATCHED
TXN_RZP_100482,ORD_INV_200482,UTR_HDFC_800482,MATCHED,UTR_HDFC_800482,NONE,10145.09,10145.09,0.0,MATCHED
TXN_RZP_100483,ORD_INV_200483,UTR_HDFC_800483,MATCHED,UTR_HDFC_800483,NONE,30433.62,30433.62,0.0,MATCHED
TXN_RZP_100484,ORD_INV_200484,UTR_HDFC_800484,MATCHED,UTR_HDFC_800484,NONE,15548.25,15548.25,0.0,MATCHED
TXN_RZP_100485,ORD_INV_200485,UTR_HDFC_800485,MATCHED,UTR_HDFC_800485,NONE,25343.19,25343.19,0.0,MATCHED
TXN_RZP_100486,ORD_INV_200486,UTR_HDFC_800486,MATCHED,UTR_HDFC_800486,NONE,36019.93,36019.93,0.0,MATCHED
TXN_RZP_100487,ORD_INV_200487,UTR_HDFC_800487,MATCHED,UTR_HDFC_800487,NONE,12881.35,12881.35,0.0,MATCHED
TXN_RZP_100488,ORD_INV_200488,UTR_HDFC_800488,MATCHED,UTR_HDFC_800488,NONE,28939.67,28939.67,0.0,MATCHED
TXN_RZP_100489,ORD_INV_200489,UTR_HDFC_800489,MATCHED,UTR_HDFC_800489,NONE,36437.34,36437.34,0.0,MATCHED
TXN_RZP_100490,ORD_INV_200490,UTR_HDFC_800490,EXCEPTION,UNRESOLVED,CHARGEBACK_RESERVE,6326.34,5926.34,400.0,Unmapped Chargeback Reserve Holdback
TXN_RZP_100491,ORD_INV_200491,UTR_HDFC_800491,MATCHED,UTR_HDFC_800491,NONE,10912.0,10912.0,0.0,MATCHED
TXN_RZP_100492,ORD_INV_200492,UTR_HDFC_800492,MATCHED,UTR_HDFC_800492,NONE,2630.16,2630.16,0.0,MATCHED
TXN_RZP_100493,ORD_INV_200493,UTR_HDFC_800493,MATCHED,UTR_HDFC_800493,NONE,4725.12,4725.12,0.0,MATCHED
TXN_RZP_100494,ORD_INV_200494,UTR_HDFC_800494,MATCHED,UTR_HDFC_800494,NONE,18081.38,18081.38,0.0,MATCHED
TXN_RZP_100495,ORD_INV_200495,UTR_HDFC_800495,MATCHED,UTR_HDFC_800495,NONE,33296.63,33296.63,0.0,MATCHED
TXN_RZP_100496,ORD_INV_200496,UTR_HDFC_800496,MATCHED,UTR_HDFC_800496,NONE,28500.47,28500.47,0.0,MATCHED
TXN_RZP_100497,ORD_INV_200497,UTR_HDFC_800497,MATCHED,UTR_HDFC_800497,NONE,23672.38,23672.38,0.0,MATCHED
TXN_RZP_100498,ORD_INV_200498,UTR_HDFC_800498,MATCHED,UTR_HDFC_800498,NONE,38804.33,38804.33,0.0,MATCHED
TXN_RZP_100499,ORD_INV_200499,UTR_HDFC_800499,MATCHED,UTR_HDFC_800499,NONE,34693.87,34693.87,0.0,MATCHED
