invoice_id,order_id,customer_name,gross_order_value,created_at,merchant_id,tax_amount,net_receivable,status
INV_2026_300000,ORD_INV_200000,Manish Tiwari,37382.92,2026-03-01 09:00:00,MID_RAZORPAY_8839,6728.93,36500.68,INVOICED
INV_2026_300001,ORD_INV_200001,Rahul Dravid,31809.13,2026-03-01 09:45:00,MID_RAZORPAY_8839,5725.64,31058.44,INVOICED
INV_2026_300002,ORD_INV_200002,Priya Patel,44340.14,2026-03-01 10:30:00,MID_RAZORPAY_8839,7981.23,43293.72,INVOICED
INV_2026_300003,ORD_INV_200003,Sneha Kulkarni,12761.52,2026-03-01 11:15:00,MID_RAZORPAY_8839,2297.07,12460.35,INVOICED
INV_2026_300004,ORD_INV_200004,Neha Gupta,16212.84,2026-03-01 12:00:00,MID_RAZORPAY_8839,2918.31,15830.21,INVOICED
INV_2026_300005,ORD_INV_200005,Aditya Joshi,24199.35,2026-03-01 12:45:00,MID_RAZORPAY_8839,4355.88,23628.24,INVOICED
INV_2026_300006,ORD_INV_200006,Sneha Kulkarni,17292.69,2026-03-01 13:30:00,MID_RAZORPAY_8839,3112.68,16884.59,INVOICED
INV_2026_300007,ORD_INV_200007,Nikhil Chopra,37983.34,2026-03-01 14:15:00,MID_RAZORPAY_8839,6837.0,37086.93,INVOICED
INV_2026_300008,ORD_INV_200008,Priya Patel,36295.3,2026-03-01 15:00:00,MID_RAZORPAY_8839,6533.15,35438.73,INVOICED
INV_2026_300009,ORD_INV_200009,Manish Tiwari,9770.38,2026-03-01 15:45:00,MID_RAZORPAY_8839,1758.67,9539.8,INVOICED
INV_2026_300010,ORD_INV_200010,Meera Nambiar,29615.34,2026-03-01 16:30:00,MID_RAZORPAY_8839,5330.76,28916.41,INVOICED
INV_2026_300011,ORD_INV_200011,Manish Tiwari,12176.9,2026-03-01 17:15:00,MID_RAZORPAY_8839,2191.84,11889.52,INVOICED
INV_2026_300012,ORD_INV_200012,Sneha Kulkarni,33704.17,2026-03-01 18:00:00,MID_RAZORPAY_8839,6066.75,32908.76,INVOICED
INV_2026_300013,ORD_INV_200013,Rhea Kapoor,16513.14,2026-03-01 18:45:00,MID_RAZORPAY_8839,2972.37,16123.43,INVOICED
INV_2026_300014,ORD_INV_200014,Rohit Verma,4409.11,2026-03-01 19:30:00,MID_RAZORPAY_8839,793.64,4305.06,INVOICED
INV_2026_300015,ORD_INV_200015,Priya Patel,28365.47,2026-03-01 20:15:00,MID_RAZORPAY_8839,5105.78,27696.04,INVOICED
INV_2026_300016,ORD_INV_200016,Rhea Kapoor,17529.86,2026-03-01 21:00:00,MID_RAZORPAY_8839,3155.37,17116.15,INVOICED
INV_2026_300017,ORD_INV_200017,Rahul Dravid,43708.65,2026-03-01 21:45:00,MID_RAZORPAY_8839,7867.56,42677.13,INVOICED
INV_2026_300018,ORD_INV_200018,Aarav Sharma,34667.93,2026-03-01 22:30:00,MID_RAZORPAY_8839,6240.23,33849.77,INVOICED
INV_2026_300019,ORD_INV_200019,Karan Singhania,19762.27,2026-03-01 23:15:00,MID_RAZORPAY_8839,3557.21,19295.87,INVOICED
INV_2026_300020,ORD_INV_200020,Varun Dhawan,43744.8,2026-03-02 00:00:00,MID_RAZORPAY_8839,7874.06,42712.42,INVOICED
INV_2026_300021,ORD_INV_200021,Deepika Sen,39218.65,2026-03-02 00:45:00,MID_RAZORPAY_8839,7059.36,38293.09,INVOICED
INV_2026_300022,ORD_INV_200022,Pooja Mehta,7174.27,2026-03-02 01:30:00,MID_RAZORPAY_8839,1291.37,7004.95,INVOICED
INV_2026_300023,ORD_INV_200023,Deepika Sen,27092.88,2026-03-02 02:15:00,MID_RAZORPAY_8839,4876.72,26453.49,INVOICED
INV_2026_300024,ORD_INV_200024,Ishaan Khatter,41834.25,2026-03-02 03:00:00,MID_RAZORPAY_8839,7530.17,40846.96,INVOICED
INV_2026_300025,ORD_INV_200025,Pooja Mehta,11104.92,2026-03-02 03:45:00,MID_RAZORPAY_8839,1998.89,10842.84,INVOICED
INV_2026_300026,ORD_INV_200026,Meera Nambiar,33029.67,2026-03-02 04:30:00,MID_RAZORPAY_8839,5945.34,32250.17,INVOICED
INV_2026_300027,ORD_INV_200027,Vikram Malhotra,6082.68,2026-03-02 05:15:00,MID_RAZORPAY_8839,1094.88,5939.13,INVOICED
INV_2026_300028,ORD_INV_200028,Ishaan Khatter,12184.78,2026-03-02 06:00:00,MID_RAZORPAY_8839,2193.26,11897.21,INVOICED
INV_2026_300029,ORD_INV_200029,Rahul Dravid,41825.99,2026-03-02 06:45:00,MID_RAZORPAY_8839,7528.68,40838.9,INVOICED
INV_2026_300030,ORD_INV_200030,Siddharth Nair,44783.42,2026-03-02 07:30:00,MID_RAZORPAY_8839,8061.02,43726.53,INVOICED
INV_2026_300031,ORD_INV_200031,Neha Gupta,5752.84,2026-03-02 08:15:00,MID_RAZORPAY_8839,1035.51,5617.07,INVOICED
INV_2026_300032,ORD_INV_200032,Sneha Kulkarni,1289.18,2026-03-02 09:00:00,MID_RAZORPAY_8839,232.05,1258.76,INVOICED
INV_2026_300033,ORD_INV_200033,Nikhil Chopra,671.07,2026-03-02 09:45:00,MID_RAZORPAY_8839,120.79,655.23,INVOICED
INV_2026_300034,ORD_INV_200034,Priya Patel,40777.0,2026-03-02 10:30:00,MID_RAZORPAY_8839,7339.86,39814.66,INVOICED
INV_2026_300035,ORD_INV_200035,Karan Singhania,12784.01,2026-03-02 11:15:00,MID_RAZORPAY_8839,2301.12,12482.31,INVOICED
INV_2026_300036,ORD_INV_200036,Ishaan Khatter,32647.69,2026-03-02 12:00:00,MID_RAZORPAY_8839,5876.58,31877.21,INVOICED
INV_2026_300037,ORD_INV_200037,Meera Nambiar,11199.83,2026-03-02 12:45:00,MID_RAZORPAY_8839,2015.97,10935.51,INVOICED
INV_2026_300038,ORD_INV_200038,Ishaan Khatter,4561.65,2026-03-02 13:30:00,MID_RAZORPAY_8839,821.1,4454.0,INVOICED
INV_2026_300039,ORD_INV_200039,Rhea Kapoor,18705.72,2026-03-02 14:15:00,MID_RAZORPAY_8839,3367.03,18264.27,INVOICED
INV_2026_300040,ORD_INV_200040,Priya Patel,18327.04,2026-03-02 15:00:00,MID_RAZORPAY_8839,3298.87,17894.52,INVOICED
INV_2026_300041,ORD_INV_200041,Karan Singhania,8904.5,2026-03-02 15:45:00,MID_RAZORPAY_8839,1602.81,8694.35,INVOICED
INV_2026_300042,ORD_INV_200042,Nikhil Chopra,19187.02,2026-03-02 16:30:00,MID_RAZORPAY_8839,3453.66,18734.21,INVOICED
INV_2026_300043,ORD_INV_200043,Aditya Joshi,39395.8,2026-03-02 17:15:00,MID_RAZORPAY_8839,7091.24,38466.05,INVOICED
INV_2026_300044,ORD_INV_200043,Vikram Malhotra,2608.77,2026-03-02 18:00:00,MID_RAZORPAY_8839,469.58,2547.2,INVOICED
INV_2026_300045,ORD_INV_200045,Nikhil Chopra,41712.29,2026-03-02 18:45:00,MID_RAZORPAY_8839,7508.21,40727.87,INVOICED
INV_2026_300046,ORD_INV_200046,Sneha Kulkarni,22033.88,2026-03-02 19:30:00,MID_RAZORPAY_8839,3966.1,21513.88,INVOICED
INV_2026_300047,ORD_INV_200047,Siddharth Nair,7701.05,2026-03-02 20:15:00,MID_RAZORPAY_8839,1386.19,7519.31,INVOICED
INV_2026_300048,ORD_INV_200048,Aarav Sharma,41719.03,2026-03-02 21:00:00,MID_RAZORPAY_8839,7509.43,40734.46,INVOICED
INV_2026_300049,ORD_INV_200049,Varun Dhawan,31452.81,2026-03-02 21:45:00,MID_RAZORPAY_8839,5661.51,30710.52,INVOICED
INV_2026_300050,ORD_INV_200050,Nikhil Chopra,8828.94,2026-03-02 22:30:00,MID_RAZORPAY_8839,1589.21,8620.58,INVOICED
INV_2026_300051,ORD_INV_200051,Siddharth Nair,33747.11,2026-03-02 23:15:00,MID_RAZORPAY_8839,6074.48,32950.68,INVOICED
INV_2026_300052,ORD_INV_200052,Priya Patel,22802.27,2026-03-03 00:00:00,MID_RAZORPAY_8839,4104.41,22264.13,INVOICED
INV_2026_300053,ORD_INV_200053,Tanvi Deshmukh,43248.78,2026-03-03 00:45:00,MID_RAZORPAY_8839,7784.78,42228.1,INVOICED
INV_2026_300054,ORD_INV_200054,Vikram Malhotra,26918.32,2026-03-03 01:30:00,MID_RAZORPAY_8839,4845.3,26283.04,INVOICED
INV_2026_300055,ORD_INV_200055,Sneha Kulkarni,42392.27,2026-03-03 02:15:00,MID_RAZORPAY_8839,7630.61,41391.81,INVOICED
INV_2026_300056,ORD_INV_200056,Meera Nambiar,28005.38,2026-03-03 03:00:00,MID_RAZORPAY_8839,5040.97,27344.45,INVOICED
INV_2026_300057,ORD_INV_200057,Rhea Kapoor,42084.63,2026-03-03 03:45:00,MID_RAZORPAY_8839,7575.23,41091.44,INVOICED
INV_2026_300058,ORD_INV_200058,Siddharth Nair,12209.69,2026-03-03 04:30:00,MID_RAZORPAY_8839,2197.74,11921.55,INVOICED
INV_2026_300059,ORD_INV_200059,Rohit Verma,14467.31,2026-03-03 05:15:00,MID_RAZORPAY_8839,2604.12,14125.88,INVOICED
INV_2026_300060,ORD_INV_200060,Vikram Malhotra,28084.76,2026-03-03 06:00:00,MID_RAZORPAY_8839,5055.26,27421.95,INVOICED
INV_2026_300061,ORD_INV_200061,Meera Nambiar,24355.38,2026-03-03 06:45:00,MID_RAZORPAY_8839,4383.97,23780.59,INVOICED
INV_2026_300062,ORD_INV_200062,Tanvi Deshmukh,42020.03,2026-03-03 07:30:00,MID_RAZORPAY_8839,7563.61,41028.36,INVOICED
INV_2026_300063,ORD_INV_200063,Vikram Malhotra,13074.69,2026-03-03 08:15:00,MID_RAZORPAY_8839,2353.44,12766.13,INVOICED
INV_2026_300064,ORD_INV_200064,Varun Dhawan,27661.41,2026-03-03 09:00:00,MID_RAZORPAY_8839,4979.05,27008.6,INVOICED
INV_2026_300065,ORD_INV_200065,Tanvi Deshmukh,41952.91,2026-03-03 09:45:00,MID_RAZORPAY_8839,7551.52,40962.82,INVOICED
INV_2026_300066,ORD_INV_200066,Ananya Rao,5503.89,2026-03-03 10:30:00,MID_RAZORPAY_8839,990.7,5374.0,INVOICED
INV_2026_300067,ORD_INV_200067,Ananya Rao,12510.35,2026-03-03 11:15:00,MID_RAZORPAY_8839,2251.86,12215.1,INVOICED
INV_2026_300068,ORD_INV_200068,Rahul Dravid,9440.62,2026-03-03 12:00:00,MID_RAZORPAY_8839,1699.31,9217.82,INVOICED
INV_2026_300069,ORD_INV_200069,Aditya Joshi,11562.56,2026-03-03 12:45:00,MID_RAZORPAY_8839,2081.26,11289.68,INVOICED
INV_2026_300070,ORD_INV_200070,Priya Patel,37380.39,2026-03-03 13:30:00,MID_RAZORPAY_8839,6728.47,36498.21,INVOICED
INV_2026_300071,ORD_INV_200071,Priya Patel,34780.47,2026-03-03 14:15:00,MID_RAZORPAY_8839,6260.48,33959.65,INVOICED
INV_2026_300072,ORD_INV_200072,Aditya Joshi,24982.53,2026-03-03 15:00:00,MID_RAZORPAY_8839,4496.86,24392.94,INVOICED
INV_2026_300073,ORD_INV_200073,Rhea Kapoor,5345.17,2026-03-03 15:45:00,MID_RAZORPAY_8839,962.13,5219.03,INVOICED
INV_2026_300074,ORD_INV_200074,Rohit Verma,37614.67,2026-03-03 16:30:00,MID_RAZORPAY_8839,6770.64,36726.97,INVOICED
INV_2026_300075,ORD_INV_200075,Meera Nambiar,19539.98,2026-03-03 17:15:00,MID_RAZORPAY_8839,3517.2,19078.84,INVOICED
INV_2026_300076,ORD_INV_200076,Priya Patel,40489.52,2026-03-03 18:00:00,MID_RAZORPAY_8839,7288.11,39533.97,INVOICED
INV_2026_300077,ORD_INV_200077,Priya Patel,30804.28,2026-03-03 18:45:00,MID_RAZORPAY_8839,5544.77,30077.29,INVOICED
INV_2026_300078,ORD_INV_200078,Ananya Rao,43831.82,2026-03-03 19:30:00,MID_RAZORPAY_8839,7889.73,42797.38,INVOICED
INV_2026_300079,ORD_INV_200079,Rohit Verma,43937.6,2026-03-03 20:15:00,MID_RAZORPAY_8839,7908.77,42900.67,INVOICED
INV_2026_300080,ORD_INV_200080,Deepika Sen,8358.45,2026-03-03 21:00:00,MID_RAZORPAY_8839,1504.52,8161.19,INVOICED
INV_2026_300081,ORD_INV_200081,Karan Singhania,12262.87,2026-03-03 21:45:00,MID_RAZORPAY_8839,2207.32,11973.46,INVOICED
INV_2026_300082,ORD_INV_200082,Ananya Rao,38686.19,2026-03-03 22:30:00,MID_RAZORPAY_8839,6963.51,37773.2,INVOICED
INV_2026_300083,ORD_INV_200083,Sneha Kulkarni,15962.25,2026-03-03 23:15:00,MID_RAZORPAY_8839,2873.21,15585.53,INVOICED
INV_2026_300084,ORD_INV_200084,Sneha Kulkarni,29820.48,2026-03-04 00:00:00,MID_RAZORPAY_8839,5367.69,29116.72,INVOICED
INV_2026_300085,ORD_INV_200085,Manish Tiwari,38943.36,2026-03-04 00:45:00,MID_RAZORPAY_8839,7009.8,38024.29,INVOICED
INV_2026_300086,ORD_INV_200086,Aditya Joshi,30690.48,2026-03-04 01:30:00,MID_RAZORPAY_8839,5524.29,29966.18,INVOICED
INV_2026_300087,ORD_INV_200087,Nikhil Chopra,5500.01,2026-03-04 02:15:00,MID_RAZORPAY_8839,990.0,5370.21,INVOICED
INV_2026_300088,ORD_INV_200088,Aditya Joshi,2058.18,2026-03-04 03:00:00,MID_RAZORPAY_8839,370.47,2009.61,INVOICED
INV_2026_300089,ORD_INV_200089,Rahul Dravid,32879.54,2026-03-04 03:45:00,MID_RAZORPAY_8839,5918.32,32103.58,INVOICED
INV_2026_300090,ORD_INV_200090,Karan Singhania,17548.98,2026-03-04 04:30:00,MID_RAZORPAY_8839,3158.82,17134.82,INVOICED
INV_2026_300091,ORD_INV_200091,Meera Nambiar,2331.86,2026-03-04 05:15:00,MID_RAZORPAY_8839,419.73,2276.82,INVOICED
INV_2026_300092,ORD_INV_200092,Rhea Kapoor,16612.49,2026-03-04 06:00:00,MID_RAZORPAY_8839,2990.25,16220.43,INVOICED
INV_2026_300093,ORD_INV_200093,Vikram Malhotra,29970.25,2026-03-04 06:45:00,MID_RAZORPAY_8839,5394.65,29262.95,INVOICED
INV_2026_300094,ORD_INV_200094,Ananya Rao,30126.77,2026-03-04 07:30:00,MID_RAZORPAY_8839,5422.82,29415.77,INVOICED
INV_2026_300095,ORD_INV_200095,Karan Singhania,25104.52,2026-03-04 08:15:00,MID_RAZORPAY_8839,4518.81,24512.05,INVOICED
INV_2026_300096,ORD_INV_200096,Siddharth Nair,30592.25,2026-03-04 09:00:00,MID_RAZORPAY_8839,5506.61,29870.27,INVOICED
INV_2026_300097,ORD_INV_200097,Deepika Sen,18481.26,2026-03-04 09:45:00,MID_RAZORPAY_8839,3326.63,18045.1,INVOICED
INV_2026_300098,ORD_INV_200098,Aarav Sharma,9734.66,2026-03-04 10:30:00,MID_RAZORPAY_8839,1752.24,9504.93,INVOICED
INV_2026_300099,ORD_INV_200099,Meera Nambiar,21111.72,2026-03-04 11:15:00,MID_RAZORPAY_8839,3800.11,20613.49,INVOICED
INV_2026_300100,ORD_INV_200100,Varun Dhawan,35790.29,2026-03-04 12:00:00,MID_RAZORPAY_8839,6442.25,34945.63,INVOICED
INV_2026_300101,ORD_INV_200101,Deepika Sen,23364.93,2026-03-04 12:45:00,MID_RAZORPAY_8839,4205.69,22813.52,INVOICED
INV_2026_300102,ORD_INV_200102,Rahul Dravid,36892.61,2026-03-04 13:30:00,MID_RAZORPAY_8839,6640.67,36021.95,INVOICED
INV_2026_300103,ORD_INV_200103,Sneha Kulkarni,36363.03,2026-03-04 14:15:00,MID_RAZORPAY_8839,6545.35,35504.86,INVOICED
INV_2026_300104,ORD_INV_200104,Rohit Verma,11282.22,2026-03-04 15:00:00,MID_RAZORPAY_8839,2030.8,11015.96,INVOICED
INV_2026_300105,ORD_INV_200105,Ishaan Khatter,20684.33,2026-03-04 15:45:00,MID_RAZORPAY_8839,3723.18,20196.18,INVOICED
INV_2026_300106,ORD_INV_200106,Meera Nambiar,22423.94,2026-03-04 16:30:00,MID_RAZORPAY_8839,4036.31,21894.73,INVOICED
INV_2026_300107,ORD_INV_200107,Sneha Kulkarni,40207.26,2026-03-04 17:15:00,MID_RAZORPAY_8839,7237.31,39258.36,INVOICED
INV_2026_300108,ORD_INV_200108,Ananya Rao,8203.34,2026-03-04 18:00:00,MID_RAZORPAY_8839,1476.6,8009.74,INVOICED
INV_2026_300109,ORD_INV_200109,Tanvi Deshmukh,25238.17,2026-03-04 18:45:00,MID_RAZORPAY_8839,4542.87,24642.55,INVOICED
INV_2026_300110,ORD_INV_200110,Ananya Rao,36133.25,2026-03-04 19:30:00,MID_RAZORPAY_8839,6503.99,35280.5,INVOICED
UNRECORDED_ERP_DRAFT,ORD_INV_200111,Tanvi Deshmukh,42769.27,2026-03-04 20:15:00,MID_RAZORPAY_8839,7698.47,41759.91,INVOICED
INV_2026_300112,ORD_INV_200112,Varun Dhawan,37434.91,2026-03-04 21:00:00,MID_RAZORPAY_8839,6738.28,36551.44,INVOICED
INV_2026_300113,ORD_INV_200113,Nikhil Chopra,33554.22,2026-03-04 21:45:00,MID_RAZORPAY_8839,6039.76,32762.35,INVOICED
INV_2026_300114,ORD_INV_200114,Ishaan Khatter,33916.83,2026-03-04 22:30:00,MID_RAZORPAY_8839,6105.03,33116.39,INVOICED
INV_2026_300115,ORD_INV_200115,Aditya Joshi,28334.32,2026-03-04 23:15:00,MID_RAZORPAY_8839,5100.18,27665.63,INVOICED
INV_2026_300116,ORD_INV_200116,Aditya Joshi,32209.78,2026-03-05 00:00:00,MID_RAZORPAY_8839,5797.76,31449.62,INVOICED
INV_2026_300117,ORD_INV_200117,Sneha Kulkarni,14625.03,2026-03-05 00:45:00,MID_RAZORPAY_8839,2632.51,14279.88,INVOICED
INV_2026_300118,ORD_INV_200118,Nikhil Chopra,7084.59,2026-03-05 01:30:00,MID_RAZORPAY_8839,1275.23,6917.4,INVOICED
INV_2026_300119,ORD_INV_200119,Manish Tiwari,3217.82,2026-03-05 02:15:00,MID_RAZORPAY_8839,579.21,3141.88,INVOICED
INV_2026_300120,ORD_INV_200120,Rhea Kapoor,18914.32,2026-03-05 03:00:00,MID_RAZORPAY_8839,3404.58,18467.94,INVOICED
INV_2026_300121,ORD_INV_200121,Siddharth Nair,40751.04,2026-03-05 03:45:00,MID_RAZORPAY_8839,7335.19,39789.32,INVOICED
INV_2026_300122,ORD_INV_200122,Meera Nambiar,21647.15,2026-03-05 04:30:00,MID_RAZORPAY_8839,3896.49,21136.28,INVOICED
INV_2026_300123,ORD_INV_200123,Neha Gupta,38456.45,2026-03-05 05:15:00,MID_RAZORPAY_8839,6922.16,37548.88,INVOICED
INV_2026_300124,ORD_INV_200124,Rhea Kapoor,22149.45,2026-03-05 06:00:00,MID_RAZORPAY_8839,3986.9,21626.72,INVOICED
INV_2026_300125,ORD_INV_200125,Aditya Joshi,1645.96,2026-03-05 06:45:00,MID_RAZORPAY_8839,296.27,1607.11,INVOICED
INV_2026_300126,ORD_INV_200126,Karan Singhania,37878.58,2026-03-05 07:30:00,MID_RAZORPAY_8839,6818.14,36984.65,INVOICED
INV_2026_300127,ORD_INV_200127,Rohit Verma,40844.37,2026-03-05 08:15:00,MID_RAZORPAY_8839,7351.99,39880.44,INVOICED
INV_2026_300128,ORD_INV_200128,Meera Nambiar,4098.25,2026-03-05 09:00:00,MID_RAZORPAY_8839,737.69,4001.53,INVOICED
INV_2026_300129,ORD_INV_200129,Rhea Kapoor,8464.2,2026-03-05 09:45:00,MID_RAZORPAY_8839,1523.56,8264.45,INVOICED
INV_2026_300130,ORD_INV_200130,Aditya Joshi,9800.63,2026-03-05 10:30:00,MID_RAZORPAY_8839,1764.11,9569.34,INVOICED
INV_2026_300131,ORD_INV_200131,Karan Singhania,12774.16,2026-03-05 11:15:00,MID_RAZORPAY_8839,2299.35,12472.69,INVOICED
INV_2026_300132,ORD_INV_200132,Rhea Kapoor,21349.2,2026-03-05 12:00:00,MID_RAZORPAY_8839,3842.86,20845.36,INVOICED
INV_2026_300133,ORD_INV_200133,Nikhil Chopra,10361.52,2026-03-05 12:45:00,MID_RAZORPAY_8839,1865.07,10116.99,INVOICED
INV_2026_300134,ORD_INV_200134,Vikram Malhotra,42750.16,2026-03-05 13:30:00,MID_RAZORPAY_8839,7695.03,41741.26,INVOICED
INV_2026_300135,ORD_INV_200135,Siddharth Nair,11001.03,2026-03-05 14:15:00,MID_RAZORPAY_8839,1980.19,10741.41,INVOICED
INV_2026_300136,ORD_INV_200136,Ishaan Khatter,21113.77,2026-03-05 15:00:00,MID_RAZORPAY_8839,3800.48,20615.48,INVOICED
INV_2026_300137,ORD_INV_200137,Aditya Joshi,27403.11,2026-03-05 15:45:00,MID_RAZORPAY_8839,4932.56,26756.4,INVOICED
INV_2026_300138,ORD_INV_200138,Ananya Rao,5176.61,2026-03-05 16:30:00,MID_RAZORPAY_8839,931.79,5054.44,INVOICED
INV_2026_300139,ORD_INV_200139,Aarav Sharma,18060.62,2026-03-05 17:15:00,MID_RAZORPAY_8839,3250.91,17634.39,INVOICED
INV_2026_300140,ORD_INV_200140,Siddharth Nair,4899.89,2026-03-05 18:00:00,MID_RAZORPAY_8839,881.98,4784.25,INVOICED
INV_2026_300141,ORD_INV_200141,Pooja Mehta,35901.55,2026-03-05 18:45:00,MID_RAZORPAY_8839,6462.28,35054.27,INVOICED
INV_2026_300142,ORD_INV_200142,Meera Nambiar,24137.08,2026-03-05 19:30:00,MID_RAZORPAY_8839,4344.67,23567.45,INVOICED
INV_2026_300143,ORD_INV_200143,Neha Gupta,914.92,2026-03-05 20:15:00,MID_RAZORPAY_8839,164.69,893.33,INVOICED
INV_2026_300144,ORD_INV_200144,Rhea Kapoor,19706.82,2026-03-05 21:00:00,MID_RAZORPAY_8839,3547.23,19241.73,INVOICED
INV_2026_300145,ORD_INV_200145,Neha Gupta,19794.5,2026-03-05 21:45:00,MID_RAZORPAY_8839,3563.01,19327.35,INVOICED
INV_2026_300146,ORD_INV_200146,Tanvi Deshmukh,21106.61,2026-03-05 22:30:00,MID_RAZORPAY_8839,3799.19,20608.5,INVOICED
INV_2026_300147,ORD_INV_200147,Meera Nambiar,38378.99,2026-03-05 23:15:00,MID_RAZORPAY_8839,6908.22,37473.25,INVOICED
INV_2026_300148,ORD_INV_200148,Vikram Malhotra,11238.5,2026-03-06 00:00:00,MID_RAZORPAY_8839,2022.93,10973.27,INVOICED
INV_2026_300149,ORD_INV_200149,Varun Dhawan,15370.11,2026-03-06 00:45:00,MID_RAZORPAY_8839,2766.62,15007.38,INVOICED
INV_2026_300150,ORD_INV_200150,Ishaan Khatter,22119.1,2026-03-06 01:30:00,MID_RAZORPAY_8839,3981.44,21597.09,INVOICED
INV_2026_300151,ORD_INV_200151,Neha Gupta,12836.75,2026-03-06 02:15:00,MID_RAZORPAY_8839,2310.62,12533.8,INVOICED
INV_2026_300152,ORD_INV_200152,Rahul Dravid,23417.41,2026-03-06 03:00:00,MID_RAZORPAY_8839,4215.13,22864.76,INVOICED
INV_2026_300153,ORD_INV_200153,Siddharth Nair,32501.33,2026-03-06 03:45:00,MID_RAZORPAY_8839,5850.24,31734.29,INVOICED
INV_2026_300154,ORD_INV_200154,Ishaan Khatter,31185.71,2026-03-06 04:30:00,MID_RAZORPAY_8839,5613.43,30449.73,INVOICED
INV_2026_300155,ORD_INV_200155,Ishaan Khatter,4504.83,2026-03-06 05:15:00,MID_RAZORPAY_8839,810.87,4398.51,INVOICED
INV_2026_300156,ORD_INV_200156,Sneha Kulkarni,14022.1,2026-03-06 06:00:00,MID_RAZORPAY_8839,2523.98,13691.18,INVOICED
INV_2026_300157,ORD_INV_200157,Meera Nambiar,25062.57,2026-03-06 06:45:00,MID_RAZORPAY_8839,4511.26,24471.09,INVOICED
INV_2026_300158,ORD_INV_200158,Neha Gupta,16058.34,2026-03-06 07:30:00,MID_RAZORPAY_8839,2890.5,15679.36,INVOICED
INV_2026_300159,ORD_INV_200159,Varun Dhawan,11575.17,2026-03-06 08:15:00,MID_RAZORPAY_8839,2083.53,11302.0,INVOICED
INV_2026_300160,ORD_INV_200160,Ananya Rao,5688.12,2026-03-06 09:00:00,MID_RAZORPAY_8839,1023.86,5553.88,INVOICED
INV_2026_300161,ORD_INV_200161,Nikhil Chopra,10011.57,2026-03-06 09:45:00,MID_RAZORPAY_8839,1802.08,9775.3,INVOICED
INV_2026_300162,ORD_INV_200162,Ishaan Khatter,44129.8,2026-03-06 10:30:00,MID_RAZORPAY_8839,7943.36,43088.33,INVOICED
INV_2026_300163,ORD_INV_200163,Siddharth Nair,16463.34,2026-03-06 11:15:00,MID_RAZORPAY_8839,2963.4,16074.8,INVOICED
INV_2026_300164,ORD_INV_200164,Pooja Mehta,12598.0,2026-03-06 12:00:00,MID_RAZORPAY_8839,2267.64,12300.69,INVOICED
INV_2026_300165,ORD_INV_200165,Priya Patel,31489.69,2026-03-06 12:45:00,MID_RAZORPAY_8839,5668.14,30746.54,INVOICED
INV_2026_300166,ORD_INV_200166,Rohit Verma,39316.94,2026-03-06 13:30:00,MID_RAZORPAY_8839,7077.05,38389.06,INVOICED
INV_2026_300167,ORD_INV_200167,Meera Nambiar,21724.59,2026-03-06 14:15:00,MID_RAZORPAY_8839,3910.43,21211.89,INVOICED
INV_2026_300168,ORD_INV_200168,Karan Singhania,11623.16,2026-03-06 15:00:00,MID_RAZORPAY_8839,2092.17,11348.86,INVOICED
INV_2026_300169,ORD_INV_200169,Ishaan Khatter,18241.59,2026-03-06 15:45:00,MID_RAZORPAY_8839,3283.49,17811.09,INVOICED
INV_2026_300170,ORD_INV_200170,Vikram Malhotra,7124.61,2026-03-06 16:30:00,MID_RAZORPAY_8839,1282.43,6956.47,INVOICED
INV_2026_300171,ORD_INV_200171,Meera Nambiar,44728.44,2026-03-06 17:15:00,MID_RAZORPAY_8839,8051.12,43672.85,INVOICED
INV_2026_300172,ORD_INV_200172,Ananya Rao,5000.0,2026-03-06 18:00:00,MID_RAZORPAY_8839,900.0,4882.0,INVOICED
INV_2026_300173,ORD_INV_200173,Rahul Dravid,20465.47,2026-03-06 18:45:00,MID_RAZORPAY_8839,3683.78,19982.48,INVOICED
INV_2026_300174,ORD_INV_200174,Varun Dhawan,13985.23,2026-03-06 19:30:00,MID_RAZORPAY_8839,2517.34,13655.18,INVOICED
INV_2026_300175,ORD_INV_200175,Rahul Dravid,42659.9,2026-03-06 20:15:00,MID_RAZORPAY_8839,7678.78,41653.12,INVOICED
INV_2026_300176,ORD_INV_200176,Siddharth Nair,29838.12,2026-03-06 21:00:00,MID_RAZORPAY_8839,5370.86,29133.94,INVOICED
INV_2026_300177,ORD_INV_200177,Deepika Sen,24996.45,2026-03-06 21:45:00,MID_RAZORPAY_8839,4499.36,24406.53,INVOICED
INV_2026_300178,ORD_INV_200178,Deepika Sen,20464.99,2026-03-06 22:30:00,MID_RAZORPAY_8839,3683.7,19982.02,INVOICED
INV_2026_300179,ORD_INV_200179,Rahul Dravid,1807.37,2026-03-06 23:15:00,MID_RAZORPAY_8839,325.33,1764.71,INVOICED
INV_2026_300180,ORD_INV_200180,Pooja Mehta,3528.18,2026-03-07 00:00:00,MID_RAZORPAY_8839,635.07,3444.92,INVOICED
INV_2026_300181,ORD_INV_200181,Sneha Kulkarni,19332.45,2026-03-07 00:45:00,MID_RAZORPAY_8839,3479.84,18876.2,INVOICED
INV_2026_300182,ORD_INV_200182,Nikhil Chopra,40910.57,2026-03-07 01:30:00,MID_RAZORPAY_8839,7363.9,39945.08,INVOICED
INV_2026_300183,ORD_INV_200183,Rohit Verma,7758.45,2026-03-07 02:15:00,MID_RAZORPAY_8839,1396.52,7575.35,INVOICED
INV_2026_300184,ORD_INV_200184,Pooja Mehta,19958.2,2026-03-07 03:00:00,MID_RAZORPAY_8839,3592.48,19487.19,INVOICED
INV_2026_300185,ORD_INV_200185,Varun Dhawan,42440.49,2026-03-07 03:45:00,MID_RAZORPAY_8839,7639.29,41438.89,INVOICED
INV_2026_300186,ORD_INV_200186,Tanvi Deshmukh,19895.93,2026-03-07 04:30:00,MID_RAZORPAY_8839,3581.27,19426.38,INVOICED
INV_2026_300187,ORD_INV_200187,Rahul Dravid,33146.94,2026-03-07 05:15:00,MID_RAZORPAY_8839,5966.45,32364.67,INVOICED
INV_2026_300188,ORD_INV_200188,Rahul Dravid,4427.75,2026-03-07 06:00:00,MID_RAZORPAY_8839,797.0,4323.25,INVOICED
INV_2026_300189,ORD_INV_200189,Meera Nambiar,44980.91,2026-03-07 06:45:00,MID_RAZORPAY_8839,8096.56,43919.36,INVOICED
INV_2026_300190,ORD_INV_200190,Aditya Joshi,34422.82,2026-03-07 07:30:00,MID_RAZORPAY_8839,6196.11,33610.44,INVOICED
INV_2026_300191,ORD_INV_200191,Deepika Sen,41252.65,2026-03-07 08:15:00,MID_RAZORPAY_8839,7425.48,40279.09,INVOICED
INV_2026_300192,ORD_INV_200192,Deepika Sen,28693.14,2026-03-07 09:00:00,MID_RAZORPAY_8839,5164.77,28015.99,INVOICED
INV_2026_300193,ORD_INV_200193,Ishaan Khatter,15886.46,2026-03-07 09:45:00,MID_RAZORPAY_8839,2859.56,15511.54,INVOICED
INV_2026_300194,ORD_INV_200194,Karan Singhania,38647.78,2026-03-07 10:30:00,MID_RAZORPAY_8839,6956.6,37735.69,INVOICED
INV_2026_300195,ORD_INV_200195,Karan Singhania,13218.92,2026-03-07 11:15:00,MID_RAZORPAY_8839,2379.41,12906.95,INVOICED
INV_2026_300196,ORD_INV_200196,Manish Tiwari,20657.98,2026-03-07 12:00:00,MID_RAZORPAY_8839,3718.44,20170.45,INVOICED
INV_2026_300197,ORD_INV_200197,Karan Singhania,5525.9,2026-03-07 12:45:00,MID_RAZORPAY_8839,994.66,5395.49,INVOICED
INV_2026_300198,ORD_INV_200198,Manish Tiwari,29714.54,2026-03-07 13:30:00,MID_RAZORPAY_8839,5348.62,29013.28,INVOICED
INV_2026_300199,ORD_INV_200199,Nikhil Chopra,2770.21,2026-03-07 14:15:00,MID_RAZORPAY_8839,498.64,2704.84,INVOICED
INV_2026_300200,ORD_INV_200200,Tanvi Deshmukh,28274.5,2026-03-07 15:00:00,MID_RAZORPAY_8839,5089.41,27607.22,INVOICED
INV_2026_300201,ORD_INV_200201,Priya Patel,24872.66,2026-03-07 15:45:00,MID_RAZORPAY_8839,4477.08,24285.67,INVOICED
INV_2026_300202,ORD_INV_200202,Pooja Mehta,5771.67,2026-03-07 16:30:00,MID_RAZORPAY_8839,1038.9,5635.46,INVOICED
INV_2026_300203,ORD_INV_200203,Rahul Dravid,14224.99,2026-03-07 17:15:00,MID_RAZORPAY_8839,2560.5,13889.28,INVOICED
INV_2026_300204,ORD_INV_200204,Aarav Sharma,4511.79,2026-03-07 18:00:00,MID_RAZORPAY_8839,812.12,4405.31,INVOICED
INV_2026_300205,ORD_INV_200205,Ananya Rao,29270.24,2026-03-07 18:45:00,MID_RAZORPAY_8839,5268.64,28579.47,INVOICED
INV_2026_300206,ORD_INV_200206,Rohit Verma,23071.14,2026-03-07 19:30:00,MID_RAZORPAY_8839,4152.81,22526.66,INVOICED
INV_2026_300207,ORD_INV_200207,Aditya Joshi,44117.92,2026-03-07 20:15:00,MID_RAZORPAY_8839,7941.23,43076.74,INVOICED
INV_2026_300208,ORD_INV_200208,Sneha Kulkarni,17477.12,2026-03-07 21:00:00,MID_RAZORPAY_8839,3145.88,17064.66,INVOICED
INV_2026_300209,ORD_INV_200209,Rahul Dravid,38928.8,2026-03-07 21:45:00,MID_RAZORPAY_8839,7007.18,38010.08,INVOICED
INV_2026_300210,ORD_INV_200210,Aditya Joshi,42064.19,2026-03-07 22:30:00,MID_RAZORPAY_8839,7571.55,41071.48,INVOICED
INV_2026_300211,ORD_INV_200211,Tanvi Deshmukh,12978.76,2026-03-07 23:15:00,MID_RAZORPAY_8839,2336.18,12672.46,INVOICED
INV_2026_300212,ORD_INV_200212,Pooja Mehta,38983.89,2026-03-08 00:00:00,MID_RAZORPAY_8839,7017.1,38063.87,INVOICED
INV_2026_300213,ORD_INV_200213,Varun Dhawan,15759.78,2026-03-08 00:45:00,MID_RAZORPAY_8839,2836.76,15387.84,INVOICED
INV_2026_300214,ORD_INV_200214,Nikhil Chopra,20681.14,2026-03-08 01:30:00,MID_RAZORPAY_8839,3722.61,20193.07,INVOICED
INV_2026_300215,ORD_INV_200215,Karan Singhania,25880.76,2026-03-08 02:15:00,MID_RAZORPAY_8839,4658.54,25269.97,INVOICED
INV_2026_300216,ORD_INV_200215,Sneha Kulkarni,14556.57,2026-03-08 03:00:00,MID_RAZORPAY_8839,2620.18,14213.04,INVOICED
INV_2026_300217,ORD_INV_200217,Ishaan Khatter,44482.69,2026-03-08 03:45:00,MID_RAZORPAY_8839,8006.88,43432.9,INVOICED
INV_2026_300218,ORD_INV_200218,Rohit Verma,5986.9,2026-03-08 04:30:00,MID_RAZORPAY_8839,1077.64,5845.61,INVOICED
INV_2026_300219,ORD_INV_200219,Meera Nambiar,39382.6,2026-03-08 05:15:00,MID_RAZORPAY_8839,7088.87,38453.17,INVOICED
INV_2026_300220,ORD_INV_200220,Varun Dhawan,1035.27,2026-03-08 06:00:00,MID_RAZORPAY_8839,186.35,1010.83,INVOICED
INV_2026_300221,ORD_INV_200221,Rohit Verma,3691.08,2026-03-08 06:45:00,MID_RAZORPAY_8839,664.39,3603.97,INVOICED
INV_2026_300222,ORD_INV_200222,Aditya Joshi,29365.21,2026-03-08 07:30:00,MID_RAZORPAY_8839,5285.74,28672.2,INVOICED
INV_2026_300223,ORD_INV_200223,Karan Singhania,42952.33,2026-03-08 08:15:00,MID_RAZORPAY_8839,7731.42,41938.65,INVOICED
INV_2026_300224,ORD_INV_200224,Ishaan Khatter,27919.56,2026-03-08 09:00:00,MID_RAZORPAY_8839,5025.52,27260.66,INVOICED
INV_2026_300225,ORD_INV_200225,Sneha Kulkarni,33693.12,2026-03-08 09:45:00,MID_RAZORPAY_8839,6064.76,32897.97,INVOICED
INV_2026_300226,ORD_INV_200226,Rhea Kapoor,20160.25,2026-03-08 10:30:00,MID_RAZORPAY_8839,3628.85,19684.46,INVOICED
INV_2026_300227,ORD_INV_200227,Pooja Mehta,14833.33,2026-03-08 11:15:00,MID_RAZORPAY_8839,2670.0,14483.26,INVOICED
INV_2026_300228,ORD_INV_200228,Priya Patel,17086.65,2026-03-08 12:00:00,MID_RAZORPAY_8839,3075.6,16683.41,INVOICED
INV_2026_300229,ORD_INV_200229,Rohit Verma,25618.69,2026-03-08 12:45:00,MID_RAZORPAY_8839,4611.36,25014.09,INVOICED
INV_2026_300230,ORD_INV_200230,Deepika Sen,3875.94,2026-03-08 13:30:00,MID_RAZORPAY_8839,697.67,3784.47,INVOICED
INV_2026_300231,ORD_INV_200231,Manish Tiwari,22570.84,2026-03-08 14:15:00,MID_RAZORPAY_8839,4062.75,22038.16,INVOICED
INV_2026_300232,ORD_INV_200232,Meera Nambiar,20940.34,2026-03-08 15:00:00,MID_RAZORPAY_8839,3769.26,20446.14,INVOICED
INV_2026_300233,ORD_INV_200233,Aditya Joshi,30124.44,2026-03-08 15:45:00,MID_RAZORPAY_8839,5422.4,29413.5,INVOICED
INV_2026_300234,ORD_INV_200234,Varun Dhawan,3647.93,2026-03-08 16:30:00,MID_RAZORPAY_8839,656.63,3561.84,INVOICED
INV_2026_300235,ORD_INV_200235,Neha Gupta,28878.61,2026-03-08 17:15:00,MID_RAZORPAY_8839,5198.15,28197.08,INVOICED
INV_2026_300236,ORD_INV_200236,Rhea Kapoor,38092.82,2026-03-08 18:00:00,MID_RAZORPAY_8839,6856.71,37193.83,INVOICED
INV_2026_300237,ORD_INV_200237,Siddharth Nair,5112.07,2026-03-08 18:45:00,MID_RAZORPAY_8839,920.17,4991.43,INVOICED
INV_2026_300238,ORD_INV_200238,Manish Tiwari,26015.35,2026-03-08 19:30:00,MID_RAZORPAY_8839,4682.76,25401.38,INVOICED
INV_2026_300239,ORD_INV_200239,Pooja Mehta,12605.55,2026-03-08 20:15:00,MID_RAZORPAY_8839,2269.0,12308.06,INVOICED
INV_2026_300240,ORD_INV_200240,Meera Nambiar,37536.26,2026-03-08 21:00:00,MID_RAZORPAY_8839,6756.53,36650.4,INVOICED
INV_2026_300241,ORD_INV_200241,Pooja Mehta,10128.55,2026-03-08 21:45:00,MID_RAZORPAY_8839,1823.14,9889.52,INVOICED
INV_2026_300242,ORD_INV_200242,Siddharth Nair,30612.18,2026-03-08 22:30:00,MID_RAZORPAY_8839,5510.19,29889.74,INVOICED
INV_2026_300243,ORD_INV_200243,Rohit Verma,14143.85,2026-03-08 23:15:00,MID_RAZORPAY_8839,2545.89,13810.05,INVOICED
INV_2026_300244,ORD_INV_200244,Varun Dhawan,33049.86,2026-03-09 00:00:00,MID_RAZORPAY_8839,5948.97,32269.88,INVOICED
INV_2026_300245,ORD_INV_200245,Vikram Malhotra,33725.02,2026-03-09 00:45:00,MID_RAZORPAY_8839,6070.5,32929.11,INVOICED
INV_2026_300246,ORD_INV_200246,Deepika Sen,35467.8,2026-03-09 01:30:00,MID_RAZORPAY_8839,6384.2,34630.76,INVOICED
INV_2026_300247,ORD_INV_200247,Neha Gupta,37430.6,2026-03-09 02:15:00,MID_RAZORPAY_8839,6737.51,36547.24,INVOICED
INV_2026_300248,ORD_INV_200248,Aditya Joshi,33683.88,2026-03-09 03:00:00,MID_RAZORPAY_8839,6063.1,32888.94,INVOICED
INV_2026_300249,ORD_INV_200249,Karan Singhania,43343.19,2026-03-09 03:45:00,MID_RAZORPAY_8839,7801.77,42320.3,INVOICED
INV_2026_300250,ORD_INV_200250,Rohit Verma,43538.59,2026-03-09 04:30:00,MID_RAZORPAY_8839,7836.95,42511.08,INVOICED
INV_2026_300251,ORD_INV_200251,Nikhil Chopra,35653.95,2026-03-09 05:15:00,MID_RAZORPAY_8839,6417.71,34812.52,INVOICED
INV_2026_300252,ORD_INV_200252,Aarav Sharma,20656.2,2026-03-09 06:00:00,MID_RAZORPAY_8839,3718.12,20168.72,INVOICED
INV_2026_300253,ORD_INV_200253,Aditya Joshi,37070.93,2026-03-09 06:45:00,MID_RAZORPAY_8839,6672.77,36196.05,INVOICED
INV_2026_300254,ORD_INV_200254,Neha Gupta,21401.44,2026-03-09 07:30:00,MID_RAZORPAY_8839,3852.26,20896.36,INVOICED
INV_2026_300255,ORD_INV_200255,Rahul Dravid,41216.18,2026-03-09 08:15:00,MID_RAZORPAY_8839,7418.91,40243.48,INVOICED
INV_2026_300256,ORD_INV_200256,Sneha Kulkarni,40954.16,2026-03-09 09:00:00,MID_RAZORPAY_8839,7371.75,39987.65,INVOICED
INV_2026_300257,ORD_INV_200257,Pooja Mehta,6591.04,2026-03-09 09:45:00,MID_RAZORPAY_8839,1186.39,6435.49,INVOICED
INV_2026_300258,ORD_INV_200258,Priya Patel,5534.78,2026-03-09 10:30:00,MID_RAZORPAY_8839,996.26,5404.15,INVOICED
INV_2026_300259,ORD_INV_200259,Sneha Kulkarni,17703.04,2026-03-09 11:15:00,MID_RAZORPAY_8839,3186.55,17285.25,INVOICED
INV_2026_300260,ORD_INV_200260,Neha Gupta,26574.75,2026-03-09 12:00:00,MID_RAZORPAY_8839,4783.46,25947.58,INVOICED
INV_2026_300261,ORD_INV_200261,Rohit Verma,37574.4,2026-03-09 12:45:00,MID_RAZORPAY_8839,6763.39,36687.64,INVOICED
INV_2026_300262,ORD_INV_200262,Rahul Dravid,1810.78,2026-03-09 13:30:00,MID_RAZORPAY_8839,325.94,1768.04,INVOICED
INV_2026_300263,ORD_INV_200263,Neha Gupta,20205.67,2026-03-09 14:15:00,MID_RAZORPAY_8839,3637.02,19728.82,INVOICED
INV_2026_300264,ORD_INV_200264,Sneha Kulkarni,44148.42,2026-03-09 15:00:00,MID_RAZORPAY_8839,7946.72,43106.52,INVOICED
INV_2026_300265,ORD_INV_200265,Neha Gupta,3053.56,2026-03-09 15:45:00,MID_RAZORPAY_8839,549.64,2981.5,INVOICED
INV_2026_300266,ORD_INV_200266,Aditya Joshi,42723.33,2026-03-09 16:30:00,MID_RAZORPAY_8839,7690.2,41715.06,INVOICED
INV_2026_300267,ORD_INV_200267,Varun Dhawan,29002.1,2026-03-09 17:15:00,MID_RAZORPAY_8839,5220.38,28317.65,INVOICED
INV_2026_300268,ORD_INV_200268,Rahul Dravid,35480.38,2026-03-09 18:00:00,MID_RAZORPAY_8839,6386.47,34643.04,INVOICED
INV_2026_300269,ORD_INV_200269,Sneha Kulkarni,3413.44,2026-03-09 18:45:00,MID_RAZORPAY_8839,614.42,3332.88,INVOICED
INV_2026_300270,ORD_INV_200270,Nikhil Chopra,36652.82,2026-03-09 19:30:00,MID_RAZORPAY_8839,6597.51,35787.81,INVOICED
INV_2026_300271,ORD_INV_200271,Sneha Kulkarni,35562.94,2026-03-09 20:15:00,MID_RAZORPAY_8839,6401.33,34723.65,INVOICED
INV_2026_300272,ORD_INV_200272,Rahul Dravid,38677.83,2026-03-09 21:00:00,MID_RAZORPAY_8839,6962.01,37765.03,INVOICED
INV_2026_300273,ORD_INV_200273,Rohit Verma,36003.64,2026-03-09 21:45:00,MID_RAZORPAY_8839,6480.66,35153.96,INVOICED
INV_2026_300274,ORD_INV_200274,Ananya Rao,1013.51,2026-03-09 22:30:00,MID_RAZORPAY_8839,182.43,989.59,INVOICED
INV_2026_300275,ORD_INV_200275,Sneha Kulkarni,1054.63,2026-03-09 23:15:00,MID_RAZORPAY_8839,189.83,1029.74,INVOICED
INV_2026_300276,ORD_INV_200276,Aditya Joshi,33467.71,2026-03-10 00:00:00,MID_RAZORPAY_8839,6024.19,32677.88,INVOICED
INV_2026_300277,ORD_INV_200277,Tanvi Deshmukh,21614.38,2026-03-10 00:45:00,MID_RAZORPAY_8839,3890.59,21104.28,INVOICED
INV_2026_300278,ORD_INV_200278,Neha Gupta,20532.04,2026-03-10 01:30:00,MID_RAZORPAY_8839,3695.77,20047.48,INVOICED
INV_2026_300279,ORD_INV_200279,Sneha Kulkarni,32821.4,2026-03-10 02:15:00,MID_RAZORPAY_8839,5907.85,32046.81,INVOICED
INV_2026_300280,ORD_INV_200280,Tanvi Deshmukh,29075.16,2026-03-10 03:00:00,MID_RAZORPAY_8839,5233.53,28388.99,INVOICED
INV_2026_300281,ORD_INV_200281,Aarav Sharma,38181.88,2026-03-10 03:45:00,MID_RAZORPAY_8839,6872.74,37280.78,INVOICED
INV_2026_300282,ORD_INV_200282,Rhea Kapoor,32158.72,2026-03-10 04:30:00,MID_RAZORPAY_8839,5788.57,31399.78,INVOICED
INV_2026_300283,ORD_INV_200283,Varun Dhawan,14732.29,2026-03-10 05:15:00,MID_RAZORPAY_8839,2651.81,14384.6,INVOICED
INV_2026_300284,ORD_INV_200284,Rohit Verma,12629.46,2026-03-10 06:00:00,MID_RAZORPAY_8839,2273.3,12331.4,INVOICED
INV_2026_300285,ORD_INV_200285,Meera Nambiar,17357.38,2026-03-10 06:45:00,MID_RAZORPAY_8839,3124.33,16947.74,INVOICED
INV_2026_300286,ORD_INV_200286,Rahul Dravid,20608.39,2026-03-10 07:30:00,MID_RAZORPAY_8839,3709.51,20122.03,INVOICED
INV_2026_300287,ORD_INV_200287,Rahul Dravid,35761.74,2026-03-10 08:15:00,MID_RAZORPAY_8839,6437.11,34917.77,INVOICED
INV_2026_300288,ORD_INV_200288,Ananya Rao,19552.62,2026-03-10 09:00:00,MID_RAZORPAY_8839,3519.47,19091.18,INVOICED
INV_2026_300289,ORD_INV_200289,Sneha Kulkarni,37294.27,2026-03-10 09:45:00,MID_RAZORPAY_8839,6712.97,36414.12,INVOICED
INV_2026_300290,ORD_INV_200290,Manish Tiwari,14305.28,2026-03-10 10:30:00,MID_RAZORPAY_8839,2574.95,13967.67,INVOICED
INV_2026_300291,ORD_INV_200291,Karan Singhania,42927.91,2026-03-10 11:15:00,MID_RAZORPAY_8839,7727.02,41914.81,INVOICED
INV_2026_300292,ORD_INV_200292,Ishaan Khatter,37488.61,2026-03-10 12:00:00,MID_RAZORPAY_8839,6747.95,36603.88,INVOICED
INV_2026_300293,ORD_INV_200293,Vikram Malhotra,33595.9,2026-03-10 12:45:00,MID_RAZORPAY_8839,6047.26,32803.03,INVOICED
INV_2026_300294,ORD_INV_200294,Neha Gupta,26535.67,2026-03-10 13:30:00,MID_RAZORPAY_8839,4776.42,25909.43,INVOICED
INV_2026_300295,ORD_INV_200295,Nikhil Chopra,30266.09,2026-03-10 14:15:00,MID_RAZORPAY_8839,5447.9,29551.81,INVOICED
INV_2026_300296,ORD_INV_200296,Rhea Kapoor,39110.31,2026-03-10 15:00:00,MID_RAZORPAY_8839,7039.86,38187.3,INVOICED
INV_2026_300297,ORD_INV_200297,Priya Patel,16051.0,2026-03-10 15:45:00,MID_RAZORPAY_8839,2889.18,15672.2,INVOICED
INV_2026_300298,ORD_INV_200298,Meera Nambiar,7258.7,2026-03-10 16:30:00,MID_RAZORPAY_8839,1306.57,7087.4,INVOICED
INV_2026_300299,ORD_INV_200299,Ishaan Khatter,15982.59,2026-03-10 17:15:00,MID_RAZORPAY_8839,2876.87,15605.4,INVOICED
INV_2026_300300,ORD_INV_200300,Nikhil Chopra,34400.34,2026-03-10 18:00:00,MID_RAZORPAY_8839,6192.06,33588.49,INVOICED
INV_2026_300301,ORD_INV_200301,Meera Nambiar,38086.18,2026-03-10 18:45:00,MID_RAZORPAY_8839,6855.51,37187.35,INVOICED
INV_2026_300302,ORD_INV_200302,Rahul Dravid,27541.62,2026-03-10 19:30:00,MID_RAZORPAY_8839,4957.49,26891.64,INVOICED
INV_2026_300303,ORD_INV_200303,Aditya Joshi,12551.52,2026-03-10 20:15:00,MID_RAZORPAY_8839,2259.27,12255.3,INVOICED
INV_2026_300304,ORD_INV_200304,Pooja Mehta,622.62,2026-03-10 21:00:00,MID_RAZORPAY_8839,112.07,607.93,INVOICED
INV_2026_300305,ORD_INV_200305,Rohit Verma,3456.99,2026-03-10 21:45:00,MID_RAZORPAY_8839,622.26,3375.4,INVOICED
INV_2026_300306,ORD_INV_200306,Aarav Sharma,17147.08,2026-03-10 22:30:00,MID_RAZORPAY_8839,3086.47,16742.41,INVOICED
INV_2026_300307,ORD_INV_200307,Varun Dhawan,16872.87,2026-03-10 23:15:00,MID_RAZORPAY_8839,3037.12,16474.67,INVOICED
INV_2026_300308,ORD_INV_200308,Karan Singhania,39791.23,2026-03-11 00:00:00,MID_RAZORPAY_8839,7162.42,38852.16,INVOICED
INV_2026_300309,ORD_INV_200309,Rohit Verma,30442.7,2026-03-11 00:45:00,MID_RAZORPAY_8839,5479.69,29724.26,INVOICED
INV_2026_300310,ORD_INV_200310,Aditya Joshi,22034.8,2026-03-11 01:30:00,MID_RAZORPAY_8839,3966.26,21514.77,INVOICED
INV_2026_300311,ORD_INV_200311,Varun Dhawan,9975.15,2026-03-11 02:15:00,MID_RAZORPAY_8839,1795.53,9739.74,INVOICED
INV_2026_300312,ORD_INV_200312,Tanvi Deshmukh,19545.64,2026-03-11 03:00:00,MID_RAZORPAY_8839,3518.22,19084.37,INVOICED
INV_2026_300313,ORD_INV_200313,Pooja Mehta,23877.61,2026-03-11 03:45:00,MID_RAZORPAY_8839,4297.97,23314.1,INVOICED
INV_2026_300314,ORD_INV_200314,Pooja Mehta,17998.51,2026-03-11 04:30:00,MID_RAZORPAY_8839,3239.73,17573.75,INVOICED
INV_2026_300315,ORD_INV_200315,Rahul Dravid,9477.49,2026-03-11 05:15:00,MID_RAZORPAY_8839,1705.95,9253.82,INVOICED
INV_2026_300316,ORD_INV_200316,Siddharth Nair,13273.81,2026-03-11 06:00:00,MID_RAZORPAY_8839,2389.29,12960.54,INVOICED
INV_2026_300317,ORD_INV_200317,Ananya Rao,33704.18,2026-03-11 06:45:00,MID_RAZORPAY_8839,6066.75,32908.77,INVOICED
INV_2026_300318,ORD_INV_200318,Deepika Sen,24129.8,2026-03-11 07:30:00,MID_RAZORPAY_8839,4343.36,23560.33,INVOICED
INV_2026_300319,ORD_INV_200319,Sneha Kulkarni,3568.17,2026-03-11 08:15:00,MID_RAZORPAY_8839,642.27,3483.97,INVOICED
INV_2026_300320,ORD_INV_200320,Priya Patel,20878.03,2026-03-11 09:00:00,MID_RAZORPAY_8839,3758.05,20385.31,INVOICED
INV_2026_300321,ORD_INV_200321,Vikram Malhotra,25952.3,2026-03-11 09:45:00,MID_RAZORPAY_8839,4671.41,25339.82,INVOICED
INV_2026_300322,ORD_INV_200322,Rhea Kapoor,18434.69,2026-03-11 10:30:00,MID_RAZORPAY_8839,3318.24,17999.64,INVOICED
INV_2026_300323,ORD_INV_200323,Karan Singhania,37499.96,2026-03-11 11:15:00,MID_RAZORPAY_8839,6749.99,36614.96,INVOICED
INV_2026_300324,ORD_INV_200324,Neha Gupta,38056.23,2026-03-11 12:00:00,MID_RAZORPAY_8839,6850.12,37158.11,INVOICED
INV_2026_300325,ORD_INV_200325,Sneha Kulkarni,23744.93,2026-03-11 12:45:00,MID_RAZORPAY_8839,4274.09,23184.55,INVOICED
INV_2026_300326,ORD_INV_200326,Manish Tiwari,10243.19,2026-03-11 13:30:00,MID_RAZORPAY_8839,1843.77,10001.46,INVOICED
UNRECORDED_ERP_DRAFT,ORD_INV_200327,Deepika Sen,24041.51,2026-03-11 14:15:00,MID_RAZORPAY_8839,4327.47,23474.13,INVOICED
INV_2026_300328,ORD_INV_200328,Siddharth Nair,32827.48,2026-03-11 15:00:00,MID_RAZORPAY_8839,5908.95,32052.75,INVOICED
INV_2026_300329,ORD_INV_200329,Rohit Verma,6888.73,2026-03-11 15:45:00,MID_RAZORPAY_8839,1239.97,6726.16,INVOICED
INV_2026_300330,ORD_INV_200330,Siddharth Nair,34293.61,2026-03-11 16:30:00,MID_RAZORPAY_8839,6172.85,33484.28,INVOICED
INV_2026_300331,ORD_INV_200331,Vikram Malhotra,21065.5,2026-03-11 17:15:00,MID_RAZORPAY_8839,3791.79,20568.35,INVOICED
INV_2026_300332,ORD_INV_200332,Meera Nambiar,30762.61,2026-03-11 18:00:00,MID_RAZORPAY_8839,5537.27,30036.61,INVOICED
INV_2026_300333,ORD_INV_200333,Meera Nambiar,38938.62,2026-03-11 18:45:00,MID_RAZORPAY_8839,7008.95,38019.67,INVOICED
INV_2026_300334,ORD_INV_200334,Karan Singhania,3398.98,2026-03-11 19:30:00,MID_RAZORPAY_8839,611.82,3318.76,INVOICED
INV_2026_300335,ORD_INV_200335,Varun Dhawan,26756.89,2026-03-11 20:15:00,MID_RAZORPAY_8839,4816.24,26125.42,INVOICED
INV_2026_300336,ORD_INV_200336,Neha Gupta,14209.71,2026-03-11 21:00:00,MID_RAZORPAY_8839,2557.75,13874.37,INVOICED
INV_2026_300337,ORD_INV_200337,Varun Dhawan,16814.13,2026-03-11 21:45:00,MID_RAZORPAY_8839,3026.54,16417.32,INVOICED
INV_2026_300338,ORD_INV_200338,Pooja Mehta,27810.12,2026-03-11 22:30:00,MID_RAZORPAY_8839,5005.82,27153.8,INVOICED
INV_2026_300339,ORD_INV_200339,Tanvi Deshmukh,26261.71,2026-03-11 23:15:00,MID_RAZORPAY_8839,4727.11,25641.94,INVOICED
INV_2026_300340,ORD_INV_200340,Priya Patel,14706.17,2026-03-12 00:00:00,MID_RAZORPAY_8839,2647.11,14359.11,INVOICED
INV_2026_300341,ORD_INV_200341,Ishaan Khatter,43112.3,2026-03-12 00:45:00,MID_RAZORPAY_8839,7760.21,42094.84,INVOICED
INV_2026_300342,ORD_INV_200342,Varun Dhawan,44213.52,2026-03-12 01:30:00,MID_RAZORPAY_8839,7958.43,43170.08,INVOICED
INV_2026_300343,ORD_INV_200343,Vikram Malhotra,2097.7,2026-03-12 02:15:00,MID_RAZORPAY_8839,377.59,2048.2,INVOICED
INV_2026_300344,ORD_INV_200344,Varun Dhawan,16598.04,2026-03-12 03:00:00,MID_RAZORPAY_8839,2987.65,16206.33,INVOICED
INV_2026_300345,ORD_INV_200345,Pooja Mehta,34929.85,2026-03-12 03:45:00,MID_RAZORPAY_8839,6287.37,34105.5,INVOICED
INV_2026_300346,ORD_INV_200346,Rahul Dravid,3292.96,2026-03-12 04:30:00,MID_RAZORPAY_8839,592.73,3215.25,INVOICED
INV_2026_300347,ORD_INV_200347,Ananya Rao,13037.16,2026-03-12 05:15:00,MID_RAZORPAY_8839,2346.69,12729.49,INVOICED
INV_2026_300348,ORD_INV_200348,Rahul Dravid,3989.06,2026-03-12 06:00:00,MID_RAZORPAY_8839,718.03,3894.92,INVOICED
INV_2026_300349,ORD_INV_200349,Rohit Verma,43557.65,2026-03-12 06:45:00,MID_RAZORPAY_8839,7840.38,42529.69,INVOICED
INV_2026_300350,ORD_INV_200350,Manish Tiwari,14172.83,2026-03-12 07:30:00,MID_RAZORPAY_8839,2551.11,13838.35,INVOICED
INV_2026_300351,ORD_INV_200351,Manish Tiwari,30270.7,2026-03-12 08:15:00,MID_RAZORPAY_8839,5448.73,29556.32,INVOICED
INV_2026_300352,ORD_INV_200352,Tanvi Deshmukh,23054.01,2026-03-12 09:00:00,MID_RAZORPAY_8839,4149.72,22509.94,INVOICED
INV_2026_300353,ORD_INV_200353,Aarav Sharma,8398.74,2026-03-12 09:45:00,MID_RAZORPAY_8839,1511.77,8200.54,INVOICED
INV_2026_300354,ORD_INV_200354,Siddharth Nair,8923.03,2026-03-12 10:30:00,MID_RAZORPAY_8839,1606.15,8712.45,INVOICED
INV_2026_300355,ORD_INV_200355,Rohit Verma,13557.12,2026-03-12 11:15:00,MID_RAZORPAY_8839,2440.28,13237.17,INVOICED
INV_2026_300356,ORD_INV_200356,Ananya Rao,29905.14,2026-03-12 12:00:00,MID_RAZORPAY_8839,5382.93,29199.38,INVOICED
INV_2026_300357,ORD_INV_200357,Rahul Dravid,7237.39,2026-03-12 12:45:00,MID_RAZORPAY_8839,1302.73,7066.58,INVOICED
INV_2026_300358,ORD_INV_200358,Deepika Sen,32550.82,2026-03-12 13:30:00,MID_RAZORPAY_8839,5859.15,31782.62,INVOICED
INV_2026_300359,ORD_INV_200359,Priya Patel,30549.6,2026-03-12 14:15:00,MID_RAZORPAY_8839,5498.93,29828.63,INVOICED
INV_2026_300360,ORD_INV_200360,Sneha Kulkarni,33944.27,2026-03-12 15:00:00,MID_RAZORPAY_8839,6109.97,33143.18,INVOICED
INV_2026_300361,ORD_INV_200361,Varun Dhawan,14167.74,2026-03-12 15:45:00,MID_RAZORPAY_8839,2550.19,13833.39,INVOICED
INV_2026_300362,ORD_INV_200362,Ishaan Khatter,30636.4,2026-03-12 16:30:00,MID_RAZORPAY_8839,5514.55,29913.38,INVOICED
INV_2026_300363,ORD_INV_200363,Meera Nambiar,34705.43,2026-03-12 17:15:00,MID_RAZORPAY_8839,6246.98,33886.38,INVOICED
INV_2026_300364,ORD_INV_200364,Manish Tiwari,43493.87,2026-03-12 18:00:00,MID_RAZORPAY_8839,7828.9,42467.41,INVOICED
INV_2026_300365,ORD_INV_200365,Siddharth Nair,39329.54,2026-03-12 18:45:00,MID_RAZORPAY_8839,7079.32,38401.36,INVOICED
INV_2026_300366,ORD_INV_200366,Priya Patel,25110.24,2026-03-12 19:30:00,MID_RAZORPAY_8839,4519.84,24517.64,INVOICED
INV_2026_300367,ORD_INV_200367,Ananya Rao,13078.06,2026-03-12 20:15:00,MID_RAZORPAY_8839,2354.05,12769.42,INVOICED
INV_2026_300368,ORD_INV_200368,Deepika Sen,40771.92,2026-03-12 21:00:00,MID_RAZORPAY_8839,7338.95,39809.7,INVOICED
INV_2026_300369,ORD_INV_200369,Rohit Verma,42607.35,2026-03-12 21:45:00,MID_RAZORPAY_8839,7669.32,41601.81,INVOICED
INV_2026_300370,ORD_INV_200370,Sneha Kulkarni,41895.57,2026-03-12 22:30:00,MID_RAZORPAY_8839,7541.2,40906.84,INVOICED
INV_2026_300371,ORD_INV_200371,Rhea Kapoor,22764.62,2026-03-12 23:15:00,MID_RAZORPAY_8839,4097.63,22227.38,INVOICED
INV_2026_300372,ORD_INV_200372,Sneha Kulkarni,17089.85,2026-03-13 00:00:00,MID_RAZORPAY_8839,3076.17,16686.53,INVOICED
INV_2026_300373,ORD_INV_200373,Aarav Sharma,37819.22,2026-03-13 00:45:00,MID_RAZORPAY_8839,6807.46,36926.69,INVOICED
INV_2026_300374,ORD_INV_200374,Karan Singhania,2060.24,2026-03-13 01:30:00,MID_RAZORPAY_8839,370.84,2011.62,INVOICED
INV_2026_300375,ORD_INV_200375,Ishaan Khatter,20380.06,2026-03-13 02:15:00,MID_RAZORPAY_8839,3668.41,19899.09,INVOICED
INV_2026_300376,ORD_INV_200376,Aarav Sharma,11777.0,2026-03-13 03:00:00,MID_RAZORPAY_8839,2119.86,11499.06,INVOICED
INV_2026_300377,ORD_INV_200377,Rohit Verma,5314.49,2026-03-13 03:45:00,MID_RAZORPAY_8839,956.61,5189.07,INVOICED
INV_2026_300378,ORD_INV_200378,Pooja Mehta,5790.53,2026-03-13 04:30:00,MID_RAZORPAY_8839,1042.3,5653.87,INVOICED
INV_2026_300379,ORD_INV_200379,Sneha Kulkarni,5000.0,2026-03-13 05:15:00,MID_RAZORPAY_8839,900.0,4882.0,INVOICED
INV_2026_300380,ORD_INV_200380,Ishaan Khatter,28566.79,2026-03-13 06:00:00,MID_RAZORPAY_8839,5142.02,27892.61,INVOICED
INV_2026_300381,ORD_INV_200381,Meera Nambiar,13355.29,2026-03-13 06:45:00,MID_RAZORPAY_8839,2403.95,13040.1,INVOICED
INV_2026_300382,ORD_INV_200382,Aarav Sharma,11091.19,2026-03-13 07:30:00,MID_RAZORPAY_8839,1996.41,10829.44,INVOICED
INV_2026_300383,ORD_INV_200383,Rhea Kapoor,23723.59,2026-03-13 08:15:00,MID_RAZORPAY_8839,4270.25,23163.72,INVOICED
INV_2026_300384,ORD_INV_200384,Neha Gupta,17783.76,2026-03-13 09:00:00,MID_RAZORPAY_8839,3201.08,17364.06,INVOICED
INV_2026_300385,ORD_INV_200385,Ishaan Khatter,44153.41,2026-03-13 09:45:00,MID_RAZORPAY_8839,7947.61,43111.39,INVOICED
INV_2026_300386,ORD_INV_200386,Aditya Joshi,35557.42,2026-03-13 10:30:00,MID_RAZORPAY_8839,6400.34,34718.26,INVOICED
INV_2026_300387,ORD_INV_200387,Neha Gupta,34797.54,2026-03-13 11:15:00,MID_RAZORPAY_8839,6263.56,33976.32,INVOICED
INV_2026_300388,ORD_INV_200388,Karan Singhania,16080.15,2026-03-13 12:00:00,MID_RAZORPAY_8839,2894.43,15700.66,INVOICED
INV_2026_300389,ORD_INV_200389,Karan Singhania,44143.58,2026-03-13 12:45:00,MID_RAZORPAY_8839,7945.84,43101.79,INVOICED
INV_2026_300390,ORD_INV_200390,Ishaan Khatter,3167.44,2026-03-13 13:30:00,MID_RAZORPAY_8839,570.14,3092.69,INVOICED
INV_2026_300391,ORD_INV_200391,Varun Dhawan,9351.04,2026-03-13 14:15:00,MID_RAZORPAY_8839,1683.19,9130.36,INVOICED
INV_2026_300392,ORD_INV_200392,Siddharth Nair,42025.01,2026-03-13 15:00:00,MID_RAZORPAY_8839,7564.5,41033.22,INVOICED
INV_2026_300393,ORD_INV_200393,Tanvi Deshmukh,11660.46,2026-03-13 15:45:00,MID_RAZORPAY_8839,2098.88,11385.27,INVOICED
INV_2026_300394,ORD_INV_200394,Siddharth Nair,38844.49,2026-03-13 16:30:00,MID_RAZORPAY_8839,6992.01,37927.76,INVOICED
INV_2026_300395,ORD_INV_200395,Priya Patel,5907.81,2026-03-13 17:15:00,MID_RAZORPAY_8839,1063.41,5768.38,INVOICED
INV_2026_300396,ORD_INV_200396,Neha Gupta,33538.69,2026-03-13 18:00:00,MID_RAZORPAY_8839,6036.96,32747.18,INVOICED
INV_2026_300397,ORD_INV_200397,Manish Tiwari,22505.47,2026-03-13 18:45:00,MID_RAZORPAY_8839,4050.98,21974.34,INVOICED
INV_2026_300398,ORD_INV_200398,Ishaan Khatter,36121.26,2026-03-13 19:30:00,MID_RAZORPAY_8839,6501.83,35268.79,INVOICED
INV_2026_300399,ORD_INV_200399,Rhea Kapoor,27249.54,2026-03-13 20:15:00,MID_RAZORPAY_8839,4904.92,26606.45,INVOICED
INV_2026_300400,ORD_INV_200400,Deepika Sen,14692.09,2026-03-13 21:00:00,MID_RAZORPAY_8839,2644.58,14345.36,INVOICED
INV_2026_300401,ORD_INV_200401,Vikram Malhotra,14035.04,2026-03-13 21:45:00,MID_RAZORPAY_8839,2526.31,13703.81,INVOICED
INV_2026_300402,ORD_INV_200402,Rahul Dravid,31148.0,2026-03-13 22:30:00,MID_RAZORPAY_8839,5606.64,30412.91,INVOICED
INV_2026_300403,ORD_INV_200403,Neha Gupta,32802.26,2026-03-13 23:15:00,MID_RAZORPAY_8839,5904.41,32028.12,INVOICED
INV_2026_300404,ORD_INV_200404,Neha Gupta,12608.9,2026-03-14 00:00:00,MID_RAZORPAY_8839,2269.6,12311.33,INVOICED
INV_2026_300405,ORD_INV_200405,Priya Patel,16571.84,2026-03-14 00:45:00,MID_RAZORPAY_8839,2982.93,16180.74,INVOICED
INV_2026_300406,ORD_INV_200406,Deepika Sen,38243.08,2026-03-14 01:30:00,MID_RAZORPAY_8839,6883.75,37340.55,INVOICED
INV_2026_300407,ORD_INV_200407,Varun Dhawan,3351.97,2026-03-14 02:15:00,MID_RAZORPAY_8839,603.35,3272.86,INVOICED
INV_2026_300408,ORD_INV_200408,Neha Gupta,42743.71,2026-03-14 03:00:00,MID_RAZORPAY_8839,7693.87,41734.96,INVOICED
INV_2026_300409,ORD_INV_200409,Priya Patel,30670.12,2026-03-14 03:45:00,MID_RAZORPAY_8839,5520.62,29946.31,INVOICED
INV_2026_300410,ORD_INV_200410,Neha Gupta,34421.72,2026-03-14 04:30:00,MID_RAZORPAY_8839,6195.91,33609.37,INVOICED
INV_2026_300411,ORD_INV_200411,Meera Nambiar,18122.22,2026-03-14 05:15:00,MID_RAZORPAY_8839,3262.0,17694.54,INVOICED
INV_2026_300412,ORD_INV_200412,Aditya Joshi,1507.03,2026-03-14 06:00:00,MID_RAZORPAY_8839,271.27,1471.46,INVOICED
INV_2026_300413,ORD_INV_200413,Deepika Sen,41139.67,2026-03-14 06:45:00,MID_RAZORPAY_8839,7405.14,40168.78,INVOICED
INV_2026_300414,ORD_INV_200414,Ananya Rao,31785.29,2026-03-14 07:30:00,MID_RAZORPAY_8839,5721.35,31035.15,INVOICED
INV_2026_300415,ORD_INV_200415,Siddharth Nair,31336.24,2026-03-14 08:15:00,MID_RAZORPAY_8839,5640.52,30596.71,INVOICED
INV_2026_300416,ORD_INV_200416,Ishaan Khatter,6410.27,2026-03-14 09:00:00,MID_RAZORPAY_8839,1153.85,6258.98,INVOICED
INV_2026_300417,ORD_INV_200417,Vikram Malhotra,40476.02,2026-03-14 09:45:00,MID_RAZORPAY_8839,7285.68,39520.79,INVOICED
INV_2026_300418,ORD_INV_200418,Varun Dhawan,30169.05,2026-03-14 10:30:00,MID_RAZORPAY_8839,5430.43,29457.06,INVOICED
INV_2026_300419,ORD_INV_200419,Vikram Malhotra,40147.96,2026-03-14 11:15:00,MID_RAZORPAY_8839,7226.63,39200.47,INVOICED
INV_2026_300420,ORD_INV_200420,Deepika Sen,23065.94,2026-03-14 12:00:00,MID_RAZORPAY_8839,4151.87,22521.58,INVOICED
INV_2026_300421,ORD_INV_200421,Ananya Rao,10920.27,2026-03-14 12:45:00,MID_RAZORPAY_8839,1965.65,10662.55,INVOICED
INV_2026_300422,ORD_INV_200422,Ishaan Khatter,25087.06,2026-03-14 13:30:00,MID_RAZORPAY_8839,4515.67,24495.01,INVOICED
INV_2026_300423,ORD_INV_200423,Neha Gupta,27673.49,2026-03-14 14:15:00,MID_RAZORPAY_8839,4981.23,27020.4,INVOICED
INV_2026_300424,ORD_INV_200424,Vikram Malhotra,18127.84,2026-03-14 15:00:00,MID_RAZORPAY_8839,3263.01,17700.02,INVOICED
INV_2026_300425,ORD_INV_200425,Ishaan Khatter,34693.2,2026-03-14 15:45:00,MID_RAZORPAY_8839,6244.78,33874.45,INVOICED
INV_2026_300426,ORD_INV_200426,Meera Nambiar,43766.76,2026-03-14 16:30:00,MID_RAZORPAY_8839,7878.02,42733.86,INVOICED
INV_2026_300427,ORD_INV_200427,Vikram Malhotra,30716.87,2026-03-14 17:15:00,MID_RAZORPAY_8839,5529.04,29991.95,INVOICED
INV_2026_300428,ORD_INV_200428,Neha Gupta,34631.45,2026-03-14 18:00:00,MID_RAZORPAY_8839,6233.66,33814.15,INVOICED
INV_2026_300429,ORD_INV_200429,Rohit Verma,37471.6,2026-03-14 18:45:00,MID_RAZORPAY_8839,6744.89,36587.27,INVOICED
INV_2026_300430,ORD_INV_200430,Tanvi Deshmukh,7701.94,2026-03-14 19:30:00,MID_RAZORPAY_8839,1386.35,7520.17,INVOICED
INV_2026_300431,ORD_INV_200431,Karan Singhania,42655.12,2026-03-14 20:15:00,MID_RAZORPAY_8839,7677.92,41648.46,INVOICED
INV_2026_300432,ORD_INV_200432,Tanvi Deshmukh,11539.53,2026-03-14 21:00:00,MID_RAZORPAY_8839,2077.12,11267.2,INVOICED
INV_2026_300433,ORD_INV_200432,Nikhil Chopra,28257.25,2026-03-14 21:45:00,MID_RAZORPAY_8839,5086.31,27590.37,INVOICED
INV_2026_300434,ORD_INV_200434,Rahul Dravid,22789.89,2026-03-14 22:30:00,MID_RAZORPAY_8839,4102.18,22252.05,INVOICED
INV_2026_300435,ORD_INV_200435,Deepika Sen,7994.11,2026-03-14 23:15:00,MID_RAZORPAY_8839,1438.94,7805.45,INVOICED
INV_2026_300436,ORD_INV_200436,Rahul Dravid,37968.96,2026-03-15 00:00:00,MID_RAZORPAY_8839,6834.41,37072.89,INVOICED
INV_2026_300437,ORD_INV_200437,Meera Nambiar,3976.6,2026-03-15 00:45:00,MID_RAZORPAY_8839,715.79,3882.75,INVOICED
INV_2026_300438,ORD_INV_200438,Meera Nambiar,34594.72,2026-03-15 01:30:00,MID_RAZORPAY_8839,6227.05,33778.29,INVOICED
INV_2026_300439,ORD_INV_200439,Rhea Kapoor,22587.4,2026-03-15 02:15:00,MID_RAZORPAY_8839,4065.73,22054.33,INVOICED
INV_2026_300440,ORD_INV_200440,Nikhil Chopra,21913.49,2026-03-15 03:00:00,MID_RAZORPAY_8839,3944.43,21396.33,INVOICED
INV_2026_300441,ORD_INV_200441,Manish Tiwari,3608.25,2026-03-15 03:45:00,MID_RAZORPAY_8839,649.49,3523.09,INVOICED
INV_2026_300442,ORD_INV_200442,Priya Patel,18907.51,2026-03-15 04:30:00,MID_RAZORPAY_8839,3403.35,18461.29,INVOICED
INV_2026_300443,ORD_INV_200443,Varun Dhawan,27437.38,2026-03-15 05:15:00,MID_RAZORPAY_8839,4938.73,26789.85,INVOICED
INV_2026_300444,ORD_INV_200444,Karan Singhania,43900.45,2026-03-15 06:00:00,MID_RAZORPAY_8839,7902.08,42864.4,INVOICED
INV_2026_300445,ORD_INV_200445,Rohit Verma,14598.52,2026-03-15 06:45:00,MID_RAZORPAY_8839,2627.73,14254.0,INVOICED
INV_2026_300446,ORD_INV_200446,Varun Dhawan,20424.46,2026-03-15 07:30:00,MID_RAZORPAY_8839,3676.4,19942.44,INVOICED
INV_2026_300447,ORD_INV_200447,Rohit Verma,13307.97,2026-03-15 08:15:00,MID_RAZORPAY_8839,2395.43,12993.9,INVOICED
INV_2026_300448,ORD_INV_200448,Manish Tiwari,11435.27,2026-03-15 09:00:00,MID_RAZORPAY_8839,2058.35,11165.39,INVOICED
INV_2026_300449,ORD_INV_200449,Deepika Sen,8826.09,2026-03-15 09:45:00,MID_RAZORPAY_8839,1588.7,8617.8,INVOICED
INV_2026_300450,ORD_INV_200450,Deepika Sen,22619.62,2026-03-15 10:30:00,MID_RAZORPAY_8839,4071.53,22085.8,INVOICED
INV_2026_300451,ORD_INV_200451,Pooja Mehta,4370.69,2026-03-15 11:15:00,MID_RAZORPAY_8839,786.72,4267.55,INVOICED
INV_2026_300452,ORD_INV_200452,Manish Tiwari,43512.56,2026-03-15 12:00:00,MID_RAZORPAY_8839,7832.26,42485.66,INVOICED
INV_2026_300453,ORD_INV_200453,Siddharth Nair,2522.59,2026-03-15 12:45:00,MID_RAZORPAY_8839,454.07,2463.06,INVOICED
INV_2026_300454,ORD_INV_200454,Pooja Mehta,13108.67,2026-03-15 13:30:00,MID_RAZORPAY_8839,2359.56,12799.31,INVOICED
INV_2026_300455,ORD_INV_200455,Aarav Sharma,6330.2,2026-03-15 14:15:00,MID_RAZORPAY_8839,1139.44,6180.81,INVOICED
INV_2026_300456,ORD_INV_200456,Aditya Joshi,16689.1,2026-03-15 15:00:00,MID_RAZORPAY_8839,3004.04,16295.24,INVOICED
INV_2026_300457,ORD_INV_200457,Manish Tiwari,16536.69,2026-03-15 15:45:00,MID_RAZORPAY_8839,2976.6,16146.43,INVOICED
INV_2026_300458,ORD_INV_200458,Pooja Mehta,22865.01,2026-03-15 16:30:00,MID_RAZORPAY_8839,4115.7,22325.4,INVOICED
INV_2026_300459,ORD_INV_200459,Nikhil Chopra,6094.82,2026-03-15 17:15:00,MID_RAZORPAY_8839,1097.07,5950.98,INVOICED
INV_2026_300460,ORD_INV_200460,Ananya Rao,35842.16,2026-03-15 18:00:00,MID_RAZORPAY_8839,6451.59,34996.29,INVOICED
INV_2026_300461,ORD_INV_200461,Karan Singhania,34059.19,2026-03-15 18:45:00,MID_RAZORPAY_8839,6130.65,33255.4,INVOICED
INV_2026_300462,ORD_INV_200462,Siddharth Nair,22678.48,2026-03-15 19:30:00,MID_RAZORPAY_8839,4082.13,22143.27,INVOICED
INV_2026_300463,ORD_INV_200463,Priya Patel,32211.88,2026-03-15 20:15:00,MID_RAZORPAY_8839,5798.14,31451.68,INVOICED
INV_2026_300464,ORD_INV_200464,Ishaan Khatter,7000.2,2026-03-15 21:00:00,MID_RAZORPAY_8839,1260.04,6835.0,INVOICED
INV_2026_300465,ORD_INV_200465,Tanvi Deshmukh,41935.61,2026-03-15 21:45:00,MID_RAZORPAY_8839,7548.41,40945.93,INVOICED
INV_2026_300466,ORD_INV_200466,Karan Singhania,44580.99,2026-03-15 22:30:00,MID_RAZORPAY_8839,8024.58,43528.88,INVOICED
INV_2026_300467,ORD_INV_200467,Pooja Mehta,23001.61,2026-03-15 23:15:00,MID_RAZORPAY_8839,4140.29,22458.77,INVOICED
INV_2026_300468,ORD_INV_200468,Tanvi Deshmukh,31995.23,2026-03-16 00:00:00,MID_RAZORPAY_8839,5759.14,31240.15,INVOICED
INV_2026_300469,ORD_INV_200469,Pooja Mehta,16797.18,2026-03-16 00:45:00,MID_RAZORPAY_8839,3023.49,16400.77,INVOICED
INV_2026_300470,ORD_INV_200470,Ananya Rao,35925.1,2026-03-16 01:30:00,MID_RAZORPAY_8839,6466.52,35077.27,INVOICED
INV_2026_300471,ORD_INV_200471,Aarav Sharma,12205.93,2026-03-16 02:15:00,MID_RAZORPAY_8839,2197.07,11917.87,INVOICED
INV_2026_300472,ORD_INV_200472,Meera Nambiar,32560.52,2026-03-16 03:00:00,MID_RAZORPAY_8839,5860.89,31792.09,INVOICED
INV_2026_300473,ORD_INV_200473,Meera Nambiar,23756.97,2026-03-16 03:45:00,MID_RAZORPAY_8839,4276.25,23196.3,INVOICED
INV_2026_300474,ORD_INV_200474,Rahul Dravid,37037.18,2026-03-16 04:30:00,MID_RAZORPAY_8839,6666.69,36163.11,INVOICED
INV_2026_300475,ORD_INV_200475,Sneha Kulkarni,8868.52,2026-03-16 05:15:00,MID_RAZORPAY_8839,1596.33,8659.22,INVOICED
INV_2026_300476,ORD_INV_200476,Varun Dhawan,7111.41,2026-03-16 06:00:00,MID_RAZORPAY_8839,1280.05,6943.58,INVOICED
INV_2026_300477,ORD_INV_200477,Siddharth Nair,39321.31,2026-03-16 06:45:00,MID_RAZORPAY_8839,7077.84,38393.32,INVOICED
INV_2026_300478,ORD_INV_200478,Priya Patel,25393.59,2026-03-16 07:30:00,MID_RAZORPAY_8839,4570.85,24794.3,INVOICED
INV_2026_300479,ORD_INV_200479,Ishaan Khatter,14359.05,2026-03-16 08:15:00,MID_RAZORPAY_8839,2584.63,14020.18,INVOICED
INV_2026_300480,ORD_INV_200480,Deepika Sen,24741.1,2026-03-16 09:00:00,MID_RAZORPAY_8839,4453.4,24157.21,INVOICED
INV_2026_300481,ORD_INV_200481,Aditya Joshi,8934.6,2026-03-16 09:45:00,MID_RAZORPAY_8839,1608.23,8723.75,INVOICED
INV_2026_300482,ORD_INV_200482,Sneha Kulkarni,10390.31,2026-03-16 10:30:00,MID_RAZORPAY_8839,1870.26,10145.09,INVOICED
INV_2026_300483,ORD_INV_200483,Pooja Mehta,31169.21,2026-03-16 11:15:00,MID_RAZORPAY_8839,5610.46,30433.62,INVOICED
INV_2026_300484,ORD_INV_200484,Ishaan Khatter,15924.06,2026-03-16 12:00:00,MID_RAZORPAY_8839,2866.33,15548.25,INVOICED
INV_2026_300485,ORD_INV_200485,Aditya Joshi,25955.74,2026-03-16 12:45:00,MID_RAZORPAY_8839,4672.03,25343.19,INVOICED
INV_2026_300486,ORD_INV_200486,Nikhil Chopra,36890.55,2026-03-16 13:30:00,MID_RAZORPAY_8839,6640.3,36019.93,INVOICED
INV_2026_300487,ORD_INV_200487,Rohit Verma,13192.69,2026-03-16 14:15:00,MID_RAZORPAY_8839,2374.68,12881.35,INVOICED
INV_2026_300488,ORD_INV_200488,Vikram Malhotra,29639.15,2026-03-16 15:00:00,MID_RAZORPAY_8839,5335.05,28939.67,INVOICED
INV_2026_300489,ORD_INV_200489,Ishaan Khatter,37318.04,2026-03-16 15:45:00,MID_RAZORPAY_8839,6717.25,36437.34,INVOICED
INV_2026_300490,ORD_INV_200490,Aditya Joshi,6479.24,2026-03-16 16:30:00,MID_RAZORPAY_8839,1166.26,6326.34,INVOICED
INV_2026_300491,ORD_INV_200491,Rahul Dravid,11175.75,2026-03-16 17:15:00,MID_RAZORPAY_8839,2011.64,10912.0,INVOICED
INV_2026_300492,ORD_INV_200492,Tanvi Deshmukh,2693.73,2026-03-16 18:00:00,MID_RAZORPAY_8839,484.87,2630.16,INVOICED
INV_2026_300493,ORD_INV_200493,Rhea Kapoor,4839.33,2026-03-16 18:45:00,MID_RAZORPAY_8839,871.08,4725.12,INVOICED
INV_2026_300494,ORD_INV_200494,Rohit Verma,18518.42,2026-03-16 19:30:00,MID_RAZORPAY_8839,3333.32,18081.38,INVOICED
INV_2026_300495,ORD_INV_200495,Ishaan Khatter,34101.43,2026-03-16 20:15:00,MID_RAZORPAY_8839,6138.26,33296.63,INVOICED
INV_2026_300496,ORD_INV_200496,Pooja Mehta,29189.34,2026-03-16 21:00:00,MID_RAZORPAY_8839,5254.08,28500.47,INVOICED
INV_2026_300497,ORD_INV_200497,Vikram Malhotra,24244.55,2026-03-16 21:45:00,MID_RAZORPAY_8839,4364.02,23672.38,INVOICED
INV_2026_300498,ORD_INV_200498,Priya Patel,39742.24,2026-03-16 22:30:00,MID_RAZORPAY_8839,7153.6,38804.33,INVOICED
INV_2026_300499,ORD_INV_200499,Deepika Sen,35532.44,2026-03-16 23:15:00,MID_RAZORPAY_8839,6395.84,34693.87,INVOICED
