transaction_id,order_id,utr,gross_amount,mdr_amount,gst_on_mdr,tds_amount,refund_amount,chargeback_amount,other_deductions,expected_settlement,settlement_date,payment_method,status
TXN_RZP_100000,ORD_INV_200000,UTR_HDFC_800000,37382.92,747.66,134.58,0.0,0.0,0.0,0.0,36500.68,2026-03-01 09:00:00,UPI,settled
TXN_RZP_100001,ORD_INV_200001,UTR_HDFC_800001,31809.13,636.18,114.51,0.0,0.0,0.0,0.0,31058.44,2026-03-01 09:45:00,Debit Card,settled
TXN_RZP_100002,ORD_INV_200002,UTR_HDFC_800002,44340.14,886.8,159.62,0.0,0.0,0.0,0.0,43293.72,2026-03-01 10:30:00,Credit Card,settled
TXN_RZP_100003,ORD_INV_200003,UTR_HDFC_800003,12761.52,255.23,45.94,0.0,0.0,0.0,0.0,12460.35,2026-03-01 11:15:00,UPI,settled
TXN_RZP_100004,ORD_INV_200004,UTR_HDFC_800004,16212.84,324.26,58.37,0.0,0.0,0.0,0.0,15830.21,2026-03-01 12:00:00,Credit Card,settled
TXN_RZP_100005,ORD_INV_200005,UTR_HDFC_800005,24199.35,483.99,87.12,0.0,0.0,0.0,0.0,23628.24,2026-03-01 12:45:00,UPI,settled
TXN_RZP_100006,ORD_INV_200006,UTR_HDFC_800006,17292.69,345.85,62.25,0.0,0.0,0.0,0.0,16884.59,2026-03-01 13:30:00,Credit Card,settled
TXN_RZP_100007,ORD_INV_200007,UTR_HDFC_800007,37983.34,759.67,136.74,0.0,0.0,0.0,0.0,37086.93,2026-03-01 14:15:00,Credit Card,settled
TXN_RZP_100008,ORD_INV_200008,UTR_HDFC_800008,36295.3,725.91,130.66,0.0,0.0,0.0,0.0,35438.73,2026-03-01 15:00:00,Credit Card,settled
TXN_RZP_100009,ORD_INV_200009,UTR_HDFC_800009,9770.38,195.41,35.17,0.0,0.0,0.0,0.0,9539.8,2026-03-01 15:45:00,Debit Card,settled
TXN_RZP_100010,ORD_INV_200010,UTR_HDFC_800010,29615.34,592.31,106.62,0.0,0.0,0.0,0.0,28916.41,2026-03-01 16:30:00,Debit Card,settled
TXN_RZP_100011,ORD_INV_200011,UTR_HDFC_800011,12176.9,243.54,43.84,0.0,0.0,0.0,0.0,11889.52,2026-03-01 17:15:00,NetBanking,settled
TXN_RZP_100012,ORD_INV_200012,UTR_HDFC_800012,33704.17,674.08,121.33,0.0,0.0,0.0,0.0,32908.76,2026-03-01 18:00:00,Wallet,settled
TXN_RZP_100013,ORD_INV_200013,UTR_HDFC_800013,16513.14,330.26,59.45,0.0,0.0,0.0,0.0,16123.43,2026-03-01 18:45:00,Wallet,settled
TXN_RZP_100014,ORD_INV_200014,UTR_HDFC_800014,4409.11,88.18,15.87,0.0,0.0,0.0,0.0,4305.06,2026-03-01 19:30:00,Wallet,settled
TXN_RZP_100015,ORD_INV_200015,UTR_HDFC_800015,28365.47,567.31,102.12,0.0,0.0,0.0,0.0,27696.04,2026-03-01 20:15:00,UPI,settled
TXN_RZP_100016,ORD_INV_200016,UTR_HDFC_800016,17529.86,350.6,63.11,0.0,0.0,0.0,0.0,17116.15,2026-03-01 21:00:00,Wallet,settled
TXN_RZP_100017,ORD_INV_200017,UTR_HDFC_800017,43708.65,874.17,157.35,0.0,0.0,0.0,0.0,42677.13,2026-03-01 21:45:00,NetBanking,settled
TXN_RZP_100018,ORD_INV_200018,UTR_HDFC_800018,34667.93,693.36,124.8,0.0,0.0,0.0,0.0,33849.77,2026-03-01 22:30:00,UPI,settled
TXN_RZP_100019,ORD_INV_200019,UTR_HDFC_800019,19762.27,395.25,71.15,0.0,0.0,0.0,0.0,19295.87,2026-03-01 23:15:00,UPI,settled
TXN_RZP_100020,ORD_INV_200020,UTR_HDFC_800020,43744.8,874.9,157.48,0.0,0.0,0.0,0.0,42712.42,2026-03-02 00:00:00,UPI,settled
TXN_RZP_100021,ORD_INV_200021,UTR_HDFC_800021,39218.65,784.37,141.19,0.0,0.0,0.0,0.0,38293.09,2026-03-02 00:45:00,Wallet,settled
TXN_RZP_100022,ORD_INV_200022,UTR_HDFC_800020,7174.27,143.49,25.83,0.0,0.0,0.0,0.0,7004.95,2026-03-02 01:30:00,Wallet,settled
TXN_RZP_100023,ORD_INV_200023,UTR_HDFC_800023,27092.88,541.86,97.53,0.0,0.0,0.0,0.0,26453.49,2026-03-02 02:15:00,Wallet,settled
TXN_RZP_100024,ORD_INV_200024,UTR_HDFC_800024,41834.25,836.69,150.6,0.0,0.0,0.0,0.0,40846.96,2026-03-02 03:00:00,UPI,settled
TXN_RZP_100025,ORD_INV_200025,UTR_HDFC_800025,11104.92,222.1,39.98,0.0,0.0,0.0,0.0,10842.84,2026-03-02 03:45:00,Credit Card,settled
TXN_RZP_100026,ORD_INV_200026,UTR_HDFC_800026,33029.67,660.59,118.91,0.0,0.0,0.0,0.0,32250.17,2026-03-02 04:30:00,UPI,settled
TXN_RZP_100027,ORD_INV_200027,UTR_HDFC_800027,6082.68,121.65,21.9,0.0,0.0,0.0,0.0,5939.13,2026-03-02 05:15:00,Wallet,settled
TXN_RZP_100028,ORD_INV_200028,UTR_HDFC_800028,12184.78,243.7,43.87,0.0,0.0,0.0,0.0,11897.21,2026-03-02 06:00:00,Wallet,settled
TXN_RZP_100029,ORD_INV_200029,UTR_HDFC_800029,41825.99,836.52,150.57,0.0,0.0,0.0,0.0,40838.9,2026-03-02 06:45:00,NetBanking,settled
TXN_RZP_100030,ORD_INV_200030,UTR_HDFC_800030,44783.42,895.67,161.22,0.0,0.0,0.0,0.0,43726.53,2026-03-02 07:30:00,Debit Card,settled
TXN_RZP_100031,ORD_INV_200031,UTR_HDFC_800031,5752.84,115.06,20.71,0.0,0.0,0.0,0.0,5617.07,2026-03-02 08:15:00,NetBanking,settled
TXN_RZP_100032,ORD_INV_200032,UTR_HDFC_800032,1289.18,25.78,4.64,0.0,0.0,0.0,0.0,1258.76,2026-03-02 09:00:00,UPI,settled
TXN_RZP_100033,ORD_INV_200033,UTR_HDFC_800033,671.07,13.42,2.42,0.0,0.0,0.0,0.0,655.23,2026-03-02 09:45:00,Credit Card,settled
TXN_RZP_100034,ORD_INV_200034,UTR_HDFC_800034,40777.0,815.54,146.8,0.0,0.0,0.0,0.0,39814.66,2026-03-02 10:30:00,Credit Card,settled
TXN_RZP_100035,ORD_INV_200035,UTR_HDFC_800035,12784.01,255.68,46.02,0.0,0.0,0.0,0.0,12482.31,2026-03-02 11:15:00,UPI,settled
TXN_RZP_100036,ORD_INV_200036,UTR_HDFC_800036,32647.69,652.95,117.53,0.0,0.0,0.0,0.0,31877.21,2026-03-02 12:00:00,Credit Card,settled
TXN_RZP_100037,ORD_INV_200037,UTR_HDFC_800037,11199.83,224.0,40.32,0.0,0.0,0.0,0.0,10935.51,2026-03-02 12:45:00,Wallet,settled
TXN_RZP_100038,ORD_INV_200038,UTR_HDFC_800038,4561.65,91.23,16.42,0.0,0.0,0.0,0.0,4454.0,2026-03-02 13:30:00,NetBanking,settled
TXN_RZP_100039,ORD_INV_200039,UTR_HDFC_800039,18705.72,374.11,67.34,0.0,0.0,0.0,0.0,18264.27,2026-03-02 14:15:00,Debit Card,settled
TXN_RZP_100040,ORD_INV_200040,UTR_HDFC_800040,18327.04,366.54,65.98,0.0,0.0,0.0,0.0,17894.52,2026-03-02 15:00:00,UPI,settled
TXN_RZP_100041,ORD_INV_200041,UTR_HDFC_800041,8904.5,178.09,32.06,0.0,0.0,0.0,0.0,8694.35,2026-03-02 15:45:00,UPI,settled
TXN_RZP_100042,ORD_INV_200042,UTR_HDFC_800042,19187.02,383.74,69.07,0.0,0.0,0.0,0.0,18734.21,2026-03-02 16:30:00,NetBanking,settled
TXN_RZP_100043,ORD_INV_200043,UTR_HDFC_800043,39395.8,787.92,141.83,0.0,0.0,0.0,0.0,38466.05,2026-03-02 17:15:00,NetBanking,settled
TXN_RZP_100044,ORD_INV_200043,UTR_HDFC_800044,2608.77,52.18,9.39,0.0,0.0,0.0,0.0,2547.2,2026-03-02 18:00:00,NetBanking,settled
TXN_RZP_100045,ORD_INV_200045,UTR_HDFC_800045,41712.29,834.25,150.17,0.0,0.0,0.0,0.0,40727.87,2026-03-02 18:45:00,UPI,settled
TXN_RZP_100046,ORD_INV_200046,UTR_HDFC_800046,22033.88,440.68,79.32,0.0,0.0,0.0,0.0,21513.88,2026-03-02 19:30:00,Credit Card,settled
TXN_RZP_100047,ORD_INV_200047,UTR_HDFC_800047,7701.05,154.02,27.72,0.0,2310.32,0.0,0.0,7519.31,2026-03-02 20:15:00,NetBanking,settled
TXN_RZP_100048,ORD_INV_200048,UTR_HDFC_800048,41719.03,834.38,150.19,0.0,0.0,0.0,0.0,40734.46,2026-03-02 21:00:00,NetBanking,settled
TXN_RZP_100049,ORD_INV_200049,UTR_HDFC_800049,31452.81,629.06,113.23,0.0,31452.81,0.0,0.0,30710.52,2026-03-02 21:45:00,Debit Card,pending
TXN_RZP_100050,ORD_INV_200050,UTR_HDFC_800050,8828.94,176.58,31.78,0.0,0.0,0.0,0.0,8620.58,2026-03-02 22:30:00,NetBanking,settled
TXN_RZP_100051,ORD_INV_200051,UTR_HDFC_800051,33747.11,674.94,121.49,0.0,0.0,0.0,0.0,32950.68,2026-03-02 23:15:00,UPI,settled
TXN_RZP_100052,ORD_INV_200052,UTR_HDFC_800052,22802.27,456.05,82.09,0.0,0.0,400.0,0.0,22264.13,2026-03-03 00:00:00,UPI,settled
TXN_RZP_100053,ORD_INV_200053,UTR_HDFC_800053,43248.78,864.98,155.7,0.0,0.0,0.0,0.0,42228.1,2026-03-03 00:45:00,Credit Card,settled
TXN_RZP_100054,ORD_INV_200054,UTR_HDFC_800054,26918.32,538.37,96.91,0.0,0.0,0.0,0.0,26283.04,2026-03-03 01:30:00,Credit Card,settled
TXN_RZP_100055,ORD_INV_200055,UTR_HDFC_800055,42392.27,847.85,152.61,0.0,0.0,0.0,0.0,41391.81,2026-03-03 02:15:00,NetBanking,settled
TXN_RZP_100056,ORD_INV_200056,UTR_HDFC_800056,28005.38,560.11,100.82,0.0,0.0,0.0,0.0,27344.45,2026-03-03 03:00:00,Credit Card,settled
TXN_RZP_100057,ORD_INV_200057,UNKNOWN,42084.63,841.69,151.5,0.0,0.0,0.0,0.0,41091.44,2026-03-03 03:45:00,Wallet,pending
TXN_RZP_100058,ORD_INV_200058,UTR_HDFC_800058,12209.69,244.19,43.95,0.0,0.0,0.0,0.0,11921.55,2026-03-03 04:30:00,Debit Card,settled
TXN_RZP_100059,ORD_INV_200059,UTR_HDFC_800059,14467.31,289.35,52.08,0.0,0.0,0.0,0.0,14125.88,2026-03-03 05:15:00,Debit Card,settled
TXN_RZP_100060,ORD_INV_200060,UTR_HDFC_800060,28084.76,561.7,101.11,0.0,0.0,0.0,0.0,27421.95,2026-03-03 06:00:00,UPI,settled
TXN_RZP_100061,ORD_INV_200061,UTR_HDFC_800061,24355.38,487.11,87.68,0.0,0.0,0.0,0.0,23780.59,2026-03-03 06:45:00,UPI,settled
TXN_RZP_100062,ORD_INV_200062,UTR_HDFC_800062,42020.03,840.4,151.27,0.0,0.0,0.0,0.0,41028.36,2026-03-03 07:30:00,Debit Card,settled
TXN_RZP_100063,ORD_INV_200063,UTR_HDFC_800063,13074.69,261.49,47.07,0.0,0.0,0.0,0.0,12766.13,2026-03-03 08:15:00,Credit Card,settled
TXN_RZP_100064,ORD_INV_200064,UTR_HDFC_800064,27661.41,553.23,99.58,0.0,0.0,0.0,0.0,27008.6,2026-03-03 09:00:00,Wallet,settled
TXN_RZP_100065,ORD_INV_200065,UTR_HDFC_800065,41952.91,839.06,151.03,0.0,0.0,0.0,0.0,40962.82,2026-03-03 09:45:00,UPI,settled
TXN_RZP_100066,ORD_INV_200066,UTR_HDFC_800066,5503.89,110.08,19.81,0.0,0.0,0.0,0.0,5374.0,2026-03-03 10:30:00,Credit Card,settled
TXN_RZP_100067,ORD_INV_200067,UTR_HDFC_800067,12510.35,250.21,45.04,0.0,0.0,0.0,0.0,12215.1,2026-03-03 11:15:00,Wallet,settled
TXN_RZP_100068,ORD_INV_200068,UTR_HDFC_800068,9440.62,188.81,33.99,0.0,0.0,0.0,0.0,9217.82,2026-03-03 12:00:00,Credit Card,settled
TXN_RZP_100069,ORD_INV_200069,UTR_HDFC_800069,11562.56,231.25,41.63,0.0,0.0,0.0,0.0,11289.68,2026-03-03 12:45:00,Wallet,settled
TXN_RZP_100070,ORD_INV_200070,UTR_HDFC_800070,37380.39,747.61,134.57,0.0,0.0,0.0,0.0,36498.21,2026-03-03 13:30:00,UPI,settled
TXN_RZP_100071,ORD_INV_200071,UTR_HDFC_800071,34780.47,695.61,125.21,0.0,0.0,0.0,0.0,33959.65,2026-03-03 14:15:00,UPI,settled
TXN_RZP_100072,ORD_INV_200072,UTR_HDFC_800072,24982.53,499.65,89.94,0.0,0.0,0.0,0.0,24392.94,2026-03-03 15:00:00,Credit Card,settled
TXN_RZP_100073,ORD_INV_200073,UTR_HDFC_800073,5345.17,106.9,19.24,0.0,0.0,0.0,0.0,5219.03,2026-03-03 15:45:00,Wallet,settled
TXN_RZP_100074,ORD_INV_200074,UTR_HDFC_800074,37614.67,752.29,135.41,0.0,0.0,0.0,0.0,36726.97,2026-03-03 16:30:00,Wallet,settled
TXN_RZP_100075,ORD_INV_200075,UTR_HDFC_800075,19539.98,390.8,70.34,0.0,0.0,0.0,0.0,19078.84,2026-03-03 17:15:00,Wallet,settled
TXN_RZP_100076,ORD_INV_200076,UTR_HDFC_800076,40489.52,809.79,145.76,0.0,0.0,0.0,0.0,39533.97,2026-03-03 18:00:00,Debit Card,settled
TXN_RZP_100077,ORD_INV_200077,UTR_HDFC_800077,30804.28,616.09,110.9,0.0,0.0,0.0,0.0,30077.29,2026-03-03 18:45:00,Debit Card,settled
TXN_RZP_100078,ORD_INV_200078,UTR_HDFC_800078,43831.82,876.64,157.8,0.0,0.0,0.0,0.0,42797.38,2026-03-03 19:30:00,Debit Card,settled
TXN_RZP_100079,ORD_INV_200079,UTR_HDFC_800079,43937.6,878.75,158.18,0.0,0.0,0.0,50.0,42900.67,2026-03-03 20:15:00,Credit Card,settled
TXN_RZP_100080,ORD_INV_200080,UTR_HDFC_800080,8358.45,167.17,30.09,0.0,0.0,0.0,0.0,8161.19,2026-03-03 21:00:00,NetBanking,settled
TXN_RZP_100081,ORD_INV_200081,UTR_HDFC_800081,12262.87,245.26,44.15,0.0,0.0,0.0,0.0,11973.46,2026-03-03 21:45:00,NetBanking,settled
TXN_RZP_100082,ORD_INV_200082,UTR_HDFC_800082,38686.19,773.72,139.27,0.0,0.0,0.0,0.0,37773.2,2026-03-03 22:30:00,NetBanking,settled
TXN_RZP_100083,ORD_INV_200083,UTR_HDFC_800083,15962.25,319.25,57.47,0.0,0.0,0.0,0.0,15585.53,2026-03-03 23:15:00,Credit Card,settled
TXN_RZP_100084,ORD_INV_200084,UTR_HDFC_800084,29820.48,596.41,107.35,0.0,0.0,0.0,0.0,29116.72,2026-03-04 00:00:00,Credit Card,settled
TXN_RZP_100085,ORD_INV_200085,UTR_HDFC_800085,38943.36,778.87,140.2,0.0,0.0,0.0,0.0,38024.29,2026-03-04 00:45:00,Debit Card,settled
TXN_RZP_100086,ORD_INV_200086,UTR_HDFC_800086,30690.48,613.81,110.49,0.0,0.0,0.0,0.0,29966.18,2026-03-04 01:30:00,Debit Card,settled
TXN_RZP_100087,ORD_INV_200087,UTR_HDFC_800087,5500.01,110.0,19.8,0.0,0.0,0.0,0.0,5370.21,2026-03-04 02:15:00,Debit Card,settled
TXN_RZP_100088,ORD_INV_200088,UTR_HDFC_800088,2058.18,41.16,7.41,0.0,0.0,0.0,0.0,2009.61,2026-03-04 03:00:00,Credit Card,settled
TXN_RZP_100089,ORD_INV_200089,UTR_HDFC_800089,32879.54,657.59,118.37,0.0,0.0,0.0,0.0,32103.58,2026-03-04 03:45:00,NetBanking,settled
TXN_RZP_100090,ORD_INV_200090,UTR_HDFC_800090,17548.98,350.98,63.18,0.0,0.0,0.0,0.0,17134.82,2026-03-04 04:30:00,NetBanking,settled
TXN_RZP_100091,ORD_INV_200091,UTR_HDFC_800091,2331.86,46.64,8.4,0.0,0.0,0.0,0.0,2276.82,2026-03-04 05:15:00,Credit Card,settled
TXN_RZP_100092,ORD_INV_200092,UTR_HDFC_800092,16612.49,332.25,59.81,0.0,0.0,0.0,0.0,16220.43,2026-03-04 06:00:00,UPI,settled
TXN_RZP_100093,ORD_INV_200093,UTR_HDFC_800093,29970.25,599.41,107.89,0.0,0.0,0.0,0.0,29262.95,2026-03-04 06:45:00,Debit Card,settled
TXN_RZP_100094,ORD_INV_200094,UTR_HDFC_800094,30126.77,602.54,108.46,0.0,0.0,0.0,0.0,29415.77,2026-03-04 07:30:00,Debit Card,settled
TXN_RZP_100095,ORD_INV_200095,UTR_HDFC_800095,25104.52,502.09,90.38,0.0,0.0,0.0,0.0,24512.05,2026-03-04 08:15:00,NetBanking,settled
TXN_RZP_100096,ORD_INV_200096,UTR_HDFC_800096,30592.25,611.85,110.13,0.0,0.0,0.0,0.0,29870.27,2026-03-04 09:00:00,NetBanking,settled
TXN_RZP_100097,ORD_INV_200097,UTR_HDFC_800097,18481.26,369.63,66.53,0.0,0.0,0.0,0.0,18045.1,2026-03-04 09:45:00,Wallet,settled
TXN_RZP_100098,ORD_INV_200098,UTR_HDFC_800098,9734.66,194.69,35.04,0.0,0.0,0.0,0.0,9504.93,2026-03-04 10:30:00,Debit Card,settled
TXN_RZP_100099,ORD_INV_200099,UTR_HDFC_800099,21111.72,422.23,76.0,0.0,0.0,0.0,0.0,20613.49,2026-03-04 11:15:00,Wallet,settled
TXN_RZP_100100,ORD_INV_200100,UTR_HDFC_800100,35790.29,715.81,128.85,0.0,0.0,0.0,0.0,34945.63,2026-03-04 12:00:00,Credit Card,settled
TXN_RZP_100101,ORD_INV_200101,UTR_HDFC_800101,23364.93,467.3,84.11,0.0,0.0,0.0,0.0,22813.52,2026-03-04 12:45:00,UPI,settled
TXN_RZP_100102,ORD_INV_200102,UTR_HDFC_800102,36892.61,737.85,132.81,0.0,0.0,0.0,0.0,36021.95,2026-03-04 13:30:00,Debit Card,settled
TXN_RZP_100103,ORD_INV_200103,UTR_HDFC_800103,36363.03,727.26,130.91,0.0,0.0,0.0,0.0,35504.86,2026-03-04 14:15:00,Debit Card,settled
TXN_RZP_100104,ORD_INV_200104,UTR_HDFC_800104,11282.22,225.64,40.62,0.0,0.0,0.0,0.0,11015.96,2026-03-04 15:00:00,UPI,settled
TXN_RZP_100105,ORD_INV_200105,UTR_HDFC_800105,20684.33,413.69,74.46,0.0,0.0,0.0,0.0,20196.18,2026-03-04 15:45:00,Wallet,settled
TXN_RZP_100106,ORD_INV_200106,UTR_HDFC_800106,22423.94,448.48,80.73,0.0,0.0,0.0,0.0,21894.73,2026-03-04 16:30:00,Credit Card,settled
TXN_RZP_100107,ORD_INV_200107,UTR_HDFC_800107,40207.26,804.15,144.75,0.0,0.0,0.0,0.0,39258.36,2026-03-04 17:15:00,Credit Card,settled
TXN_RZP_100108,ORD_INV_200108,UTR_HDFC_800108,8203.34,164.07,29.53,0.0,0.0,0.0,0.0,8009.74,2026-03-04 18:00:00,NetBanking,settled
TXN_RZP_100109,ORD_INV_200109,UTR_HDFC_800109,25238.17,504.76,90.86,0.0,0.0,0.0,0.0,24642.55,2026-03-04 18:45:00,NetBanking,settled
TXN_RZP_100110,ORD_INV_200110,UTR_HDFC_800110,36133.25,722.67,130.08,0.0,0.0,0.0,0.0,35280.5,2026-03-04 19:30:00,NetBanking,settled
TXN_RZP_100111,ORD_INV_200111,UTR_HDFC_800111,42769.27,855.39,153.97,0.0,0.0,0.0,0.0,41759.91,2026-03-04 20:15:00,Wallet,settled
TXN_RZP_100112,ORD_INV_200112,UTR_HDFC_800112,37434.91,748.7,134.77,0.0,0.0,0.0,0.0,36551.44,2026-03-04 21:00:00,Wallet,settled
TXN_RZP_100113,ORD_INV_200113,UTR_HDFC_800113,33554.22,671.08,120.79,0.0,0.0,0.0,0.0,32762.35,2026-03-04 21:45:00,NetBanking,settled
TXN_RZP_100114,ORD_INV_200114,UTR_HDFC_800114,33916.83,678.34,122.1,0.0,0.0,0.0,0.0,33116.39,2026-03-04 22:30:00,NetBanking,settled
TXN_RZP_100115,ORD_INV_200115,UTR_HDFC_800115,28334.32,566.69,102.0,0.0,0.0,0.0,0.0,27665.63,2026-03-04 23:15:00,Wallet,settled
TXN_RZP_100116,ORD_INV_200116,UTR_HDFC_800116,32209.78,644.2,115.96,0.0,0.0,0.0,0.0,31449.62,2026-03-05 00:00:00,NetBanking,settled
TXN_RZP_100117,ORD_INV_200117,UTR_HDFC_800117,14625.03,292.5,52.65,0.0,0.0,0.0,0.0,14279.88,2026-03-05 00:45:00,Debit Card,settled
TXN_RZP_100118,ORD_INV_200118,UTR_HDFC_800118,7084.59,141.69,25.5,0.0,0.0,0.0,0.0,6917.4,2026-03-05 01:30:00,UPI,settled
TXN_RZP_100119,ORD_INV_200119,UTR_HDFC_800119,3217.82,64.36,11.58,0.0,0.0,0.0,0.0,3141.88,2026-03-05 02:15:00,Credit Card,settled
TXN_RZP_100120,ORD_INV_200120,UTR_HDFC_800120,18914.32,378.29,68.09,0.0,0.0,0.0,0.0,18467.94,2026-03-05 03:00:00,Debit Card,settled
TXN_RZP_100121,ORD_INV_200121,UTR_HDFC_800121,40751.04,815.02,146.7,0.0,0.0,0.0,0.0,39789.32,2026-03-05 03:45:00,NetBanking,settled
TXN_RZP_100122,ORD_INV_200122,UTR_HDFC_800122,21647.15,432.94,77.93,0.0,0.0,0.0,0.0,21136.28,2026-03-05 04:30:00,UPI,settled
TXN_RZP_100123,ORD_INV_200123,UTR_HDFC_800123,38456.45,769.13,138.44,0.0,0.0,0.0,0.0,37548.88,2026-03-05 05:15:00,Debit Card,settled
TXN_RZP_100124,ORD_INV_200124,UTR_HDFC_800124,22149.45,442.99,79.74,0.0,0.0,0.0,0.0,21626.72,2026-03-05 06:00:00,Wallet,settled
TXN_RZP_100125,ORD_INV_200125,UTR_HDFC_800125,1645.96,32.92,5.93,0.0,0.0,0.0,0.0,1607.11,2026-03-05 06:45:00,NetBanking,settled
TXN_RZP_100126,ORD_INV_200126,UTR_HDFC_800126,37878.58,757.57,136.36,0.0,0.0,0.0,0.0,36984.65,2026-03-05 07:30:00,NetBanking,settled
TXN_RZP_100127,ORD_INV_200127,UTR_HDFC_800127,40844.37,816.89,147.04,0.0,0.0,0.0,0.0,39880.44,2026-03-05 08:15:00,Wallet,settled
TXN_RZP_100128,ORD_INV_200128,UTR_HDFC_800128,4098.25,81.97,14.75,0.0,0.0,0.0,0.0,4001.53,2026-03-05 09:00:00,Wallet,settled
TXN_RZP_100129,ORD_INV_200129,UTR_HDFC_800129,8464.2,169.28,30.47,0.0,0.0,0.0,0.0,8264.45,2026-03-05 09:45:00,Credit Card,settled
TXN_RZP_100130,ORD_INV_200130,UTR_HDFC_800130,9800.63,196.01,35.28,0.0,0.0,0.0,0.0,9569.34,2026-03-05 10:30:00,NetBanking,settled
TXN_RZP_100131,ORD_INV_200131,UTR_HDFC_800131,12774.16,255.48,45.99,0.0,0.0,0.0,0.0,12472.69,2026-03-05 11:15:00,Debit Card,settled
TXN_RZP_100132,ORD_INV_200132,UTR_HDFC_800132,21349.2,426.98,76.86,0.0,0.0,0.0,0.0,20845.36,2026-03-05 12:00:00,Debit Card,settled
TXN_RZP_100133,ORD_INV_200133,UTR_HDFC_800133,10361.52,207.23,37.3,0.0,0.0,0.0,0.0,10116.99,2026-03-05 12:45:00,UPI,settled
TXN_RZP_100134,ORD_INV_200134,UTR_HDFC_800134,42750.16,855.0,153.9,0.0,0.0,0.0,0.0,41741.26,2026-03-05 13:30:00,UPI,settled
TXN_RZP_100135,ORD_INV_200135,UTR_HDFC_800135,11001.03,220.02,39.6,0.0,0.0,0.0,0.0,10741.41,2026-03-05 14:15:00,UPI,settled
TXN_RZP_100136,ORD_INV_200136,UTR_HDFC_800136,21113.77,422.28,76.01,0.0,0.0,0.0,0.0,20615.48,2026-03-05 15:00:00,UPI,settled
TXN_RZP_100137,ORD_INV_200137,UTR_HDFC_800137,27403.11,548.06,98.65,0.0,0.0,0.0,0.0,26756.4,2026-03-05 15:45:00,Debit Card,settled
TXN_RZP_100138,ORD_INV_200138,UTR_HDFC_800138,5176.61,103.53,18.64,0.0,0.0,0.0,0.0,5054.44,2026-03-05 16:30:00,Credit Card,settled
TXN_RZP_100139,ORD_INV_200139,UTR_HDFC_800139,18060.62,361.21,65.02,0.0,0.0,0.0,0.0,17634.39,2026-03-05 17:15:00,Debit Card,settled
TXN_RZP_100140,ORD_INV_200140,UTR_HDFC_800140,4899.89,98.0,17.64,0.0,0.0,0.0,0.0,4784.25,2026-03-05 18:00:00,UPI,pending
TXN_RZP_100141,ORD_INV_200141,UTR_HDFC_800141,35901.55,718.03,129.25,0.0,0.0,0.0,0.0,35054.27,2026-03-05 18:45:00,Wallet,settled
TXN_RZP_100142,ORD_INV_200142,UTR_HDFC_800142,24137.08,482.74,86.89,0.0,0.0,0.0,0.0,23567.45,2026-03-05 19:30:00,UPI,settled
TXN_RZP_100143,ORD_INV_200143,UTR_HDFC_800143,914.92,18.3,3.29,0.0,0.0,0.0,0.0,893.33,2026-03-05 20:15:00,UPI,settled
TXN_RZP_100144,ORD_INV_200144,UTR_HDFC_800144,19706.82,394.14,70.95,0.0,0.0,0.0,0.0,19241.73,2026-03-05 21:00:00,NetBanking,settled
TXN_RZP_100145,ORD_INV_200145,UTR_HDFC_800145,19794.5,395.89,71.26,0.0,0.0,0.0,0.0,19327.35,2026-03-05 21:45:00,NetBanking,settled
TXN_RZP_100146,ORD_INV_200146,UTR_HDFC_800146,21106.61,422.13,75.98,0.0,0.0,0.0,0.0,20608.5,2026-03-05 22:30:00,Debit Card,settled
TXN_RZP_100147,ORD_INV_200147,UTR_HDFC_800147,38378.99,767.58,138.16,0.0,0.0,0.0,0.0,37473.25,2026-03-05 23:15:00,Debit Card,settled
TXN_RZP_100148,ORD_INV_200148,UTR_HDFC_800148,11238.5,224.77,40.46,0.0,0.0,0.0,0.0,10973.27,2026-03-06 00:00:00,Debit Card,settled
TXN_RZP_100149,ORD_INV_200149,UTR_HDFC_800149,15370.11,307.4,55.33,0.0,0.0,0.0,0.0,15007.38,2026-03-06 00:45:00,Wallet,settled
TXN_RZP_100150,ORD_INV_200150,UTR_HDFC_800150,22119.1,442.38,79.63,0.0,0.0,0.0,0.0,21597.09,2026-03-06 01:30:00,Debit Card,settled
TXN_RZP_100151,ORD_INV_200151,UTR_HDFC_800151,12836.75,256.74,46.21,0.0,0.0,0.0,0.0,12533.8,2026-03-06 02:15:00,Debit Card,settled
TXN_RZP_100152,ORD_INV_200152,UTR_HDFC_800152,23417.41,468.35,84.3,0.0,0.0,0.0,0.0,22864.76,2026-03-06 03:00:00,Debit Card,settled
TXN_RZP_100153,ORD_INV_200153,UTR_HDFC_800153,32501.33,650.03,117.01,0.0,0.0,0.0,0.0,31734.29,2026-03-06 03:45:00,UPI,settled
TXN_RZP_100154,ORD_INV_200154,UTR_HDFC_800154,31185.71,623.71,112.27,0.0,0.0,0.0,0.0,30449.73,2026-03-06 04:30:00,Wallet,settled
TXN_RZP_100155,ORD_INV_200155,UTR_HDFC_800155,4504.83,90.1,16.22,0.0,0.0,0.0,0.0,4398.51,2026-03-06 05:15:00,NetBanking,settled
TXN_RZP_100156,ORD_INV_200156,UTR_HDFC_800156,14022.1,280.44,50.48,0.0,0.0,0.0,0.0,13691.18,2026-03-06 06:00:00,NetBanking,settled
TXN_RZP_100157,ORD_INV_200157,UTR_HDFC_800157,25062.57,501.25,90.23,0.0,0.0,0.0,0.0,24471.09,2026-03-06 06:45:00,Debit Card,settled
TXN_RZP_100158,ORD_INV_200158,UTR_HDFC_800158,16058.34,321.17,57.81,0.0,0.0,0.0,0.0,15679.36,2026-03-06 07:30:00,NetBanking,settled
TXN_RZP_100159,ORD_INV_200159,UTR_HDFC_800159,11575.17,231.5,41.67,0.0,0.0,0.0,0.0,11302.0,2026-03-06 08:15:00,Debit Card,settled
TXN_RZP_100160,ORD_INV_200160,UTR_HDFC_800160,5688.12,113.76,20.48,0.0,0.0,0.0,0.0,5553.88,2026-03-06 09:00:00,Credit Card,settled
TXN_RZP_100161,ORD_INV_200161,UTR_HDFC_800161,10011.57,200.23,36.04,0.0,0.0,0.0,0.0,9775.3,2026-03-06 09:45:00,Credit Card,settled
TXN_RZP_100162,ORD_INV_200162,UTR_HDFC_800162,44129.8,882.6,158.87,0.0,0.0,0.0,0.0,43088.33,2026-03-06 10:30:00,Debit Card,settled
TXN_RZP_100163,ORD_INV_200163,UTR_HDFC_800163,16463.34,329.27,59.27,0.0,0.0,0.0,0.0,16074.8,2026-03-06 11:15:00,Debit Card,settled
TXN_RZP_100164,ORD_INV_200164,UTR_HDFC_800164,12598.0,251.96,45.35,0.0,0.0,0.0,0.0,12300.69,2026-03-06 12:00:00,UPI,settled
TXN_RZP_100165,ORD_INV_200165,UTR_HDFC_800165,31489.69,629.79,113.36,0.0,0.0,0.0,0.0,30746.54,2026-03-06 12:45:00,Wallet,settled
TXN_RZP_100166,ORD_INV_200166,UTR_HDFC_800166,39316.94,786.34,141.54,0.0,0.0,0.0,0.0,38389.06,2026-03-06 13:30:00,NetBanking,settled
TXN_RZP_100167,ORD_INV_200167,UTR_HDFC_800167,21724.59,434.49,78.21,0.0,0.0,0.0,0.0,21211.89,2026-03-06 14:15:00,Debit Card,settled
TXN_RZP_100168,ORD_INV_200168,UTR_HDFC_800168,11623.16,232.46,41.84,0.0,0.0,0.0,0.0,11348.86,2026-03-06 15:00:00,Credit Card,settled
TXN_RZP_100169,ORD_INV_200169,UTR_HDFC_800169,18241.59,364.83,65.67,0.0,0.0,0.0,0.0,17811.09,2026-03-06 15:45:00,UPI,settled
TXN_RZP_100170,ORD_INV_200170,UTR_HDFC_800170,7124.61,142.49,25.65,0.0,0.0,0.0,0.0,6956.47,2026-03-06 16:30:00,Wallet,settled
TXN_RZP_100171,ORD_INV_200171,UTR_HDFC_800171,44728.44,894.57,161.02,0.0,0.0,0.0,0.0,43672.85,2026-03-06 17:15:00,Debit Card,settled
TXN_RZP_100172,ORD_INV_200172,UTR_HDFC_800172,5000.0,100.0,18.0,0.0,0.0,0.0,0.0,4882.0,2026-03-06 18:00:00,Wallet,settled
TXN_RZP_100173,ORD_INV_200173,UTR_HDFC_800173,20465.47,409.31,73.68,0.0,0.0,0.0,0.0,19982.48,2026-03-06 18:45:00,Credit Card,settled
TXN_RZP_100174,ORD_INV_200174,UNKNOWN,13985.23,279.7,50.35,0.0,0.0,0.0,0.0,13655.18,2026-03-06 19:30:00,Debit Card,settled
TXN_RZP_100175,ORD_INV_200175,UTR_HDFC_800175,42659.9,853.2,153.58,0.0,0.0,0.0,0.0,41653.12,2026-03-06 20:15:00,UPI,settled
TXN_RZP_100176,ORD_INV_200176,UTR_HDFC_800176,29838.12,596.76,107.42,0.0,0.0,0.0,0.0,29133.94,2026-03-06 21:00:00,Credit Card,settled
TXN_RZP_100177,ORD_INV_200177,UTR_HDFC_800177,24996.45,499.93,89.99,0.0,0.0,0.0,0.0,24406.53,2026-03-06 21:45:00,Credit Card,settled
TXN_RZP_100178,ORD_INV_200178,UTR_HDFC_800178,20464.99,409.3,73.67,0.0,0.0,0.0,0.0,19982.02,2026-03-06 22:30:00,UPI,settled
TXN_RZP_100179,ORD_INV_200179,UTR_HDFC_800179,1807.37,36.15,6.51,0.0,0.0,0.0,0.0,1764.71,2026-03-06 23:15:00,NetBanking,settled
TXN_RZP_100180,ORD_INV_200180,UTR_HDFC_800180,3528.18,70.56,12.7,0.0,0.0,0.0,0.0,3444.92,2026-03-07 00:00:00,Debit Card,settled
TXN_RZP_100181,ORD_INV_200181,UTR_HDFC_800181,19332.45,386.65,69.6,0.0,0.0,0.0,0.0,18876.2,2026-03-07 00:45:00,Debit Card,settled
TXN_RZP_100182,ORD_INV_200182,UTR_HDFC_800182,40910.57,818.21,147.28,0.0,0.0,0.0,0.0,39945.08,2026-03-07 01:30:00,Credit Card,settled
TXN_RZP_100183,ORD_INV_200183,UTR_HDFC_800183,7758.45,155.17,27.93,0.0,0.0,0.0,0.0,7575.35,2026-03-07 02:15:00,UPI,settled
TXN_RZP_100184,ORD_INV_200184,UTR_HDFC_800184,19958.2,399.16,71.85,0.0,0.0,0.0,0.0,19487.19,2026-03-07 03:00:00,Wallet,settled
TXN_RZP_100185,ORD_INV_200185,UTR_HDFC_800185,42440.49,848.81,152.79,0.0,0.0,0.0,0.0,41438.89,2026-03-07 03:45:00,Debit Card,settled
TXN_RZP_100186,ORD_INV_200186,UTR_HDFC_800186,19895.93,397.92,71.63,0.0,0.0,0.0,0.0,19426.38,2026-03-07 04:30:00,Wallet,settled
TXN_RZP_100187,ORD_INV_200187,UTR_HDFC_800187,33146.94,662.94,119.33,0.0,0.0,0.0,0.0,32364.67,2026-03-07 05:15:00,UPI,settled
TXN_RZP_100188,ORD_INV_200188,UTR_HDFC_800188,4427.75,88.56,15.94,0.0,0.0,0.0,0.0,4323.25,2026-03-07 06:00:00,Debit Card,settled
TXN_RZP_100189,ORD_INV_200189,UTR_HDFC_800189,44980.91,899.62,161.93,0.0,0.0,0.0,0.0,43919.36,2026-03-07 06:45:00,Wallet,settled
TXN_RZP_100190,ORD_INV_200190,UTR_HDFC_800190,34422.82,688.46,123.92,0.0,0.0,0.0,0.0,33610.44,2026-03-07 07:30:00,Wallet,settled
TXN_RZP_100191,ORD_INV_200191,UTR_HDFC_800191,41252.65,825.05,148.51,0.0,0.0,0.0,0.0,40279.09,2026-03-07 08:15:00,NetBanking,settled
TXN_RZP_100192,ORD_INV_200192,UTR_HDFC_800192,28693.14,573.86,103.29,0.0,0.0,0.0,0.0,28015.99,2026-03-07 09:00:00,Wallet,settled
TXN_RZP_100193,ORD_INV_200193,UTR_HDFC_800193,15886.46,317.73,57.19,0.0,0.0,0.0,0.0,15511.54,2026-03-07 09:45:00,UPI,settled
TXN_RZP_100194,ORD_INV_200194,UTR_HDFC_800194,38647.78,772.96,139.13,0.0,0.0,0.0,0.0,37735.69,2026-03-07 10:30:00,Debit Card,settled
TXN_RZP_100195,ORD_INV_200195,UTR_HDFC_800195,13218.92,264.38,47.59,0.0,0.0,0.0,0.0,12906.95,2026-03-07 11:15:00,NetBanking,settled
TXN_RZP_100196,ORD_INV_200196,UTR_HDFC_800196,20657.98,413.16,74.37,0.0,0.0,0.0,0.0,20170.45,2026-03-07 12:00:00,Wallet,settled
TXN_RZP_100197,ORD_INV_200197,UTR_HDFC_800197,5525.9,110.52,19.89,0.0,0.0,0.0,0.0,5395.49,2026-03-07 12:45:00,Debit Card,settled
TXN_RZP_100198,ORD_INV_200198,UTR_HDFC_800198,29714.54,594.29,106.97,0.0,0.0,0.0,0.0,29013.28,2026-03-07 13:30:00,Wallet,settled
TXN_RZP_100199,ORD_INV_200199,UTR_HDFC_800199,2770.21,55.4,9.97,0.0,0.0,0.0,0.0,2704.84,2026-03-07 14:15:00,NetBanking,settled
TXN_RZP_100200,ORD_INV_200200,UTR_HDFC_800200,28274.5,565.49,101.79,0.0,0.0,0.0,0.0,27607.22,2026-03-07 15:00:00,Debit Card,settled
TXN_RZP_100201,ORD_INV_200201,UTR_HDFC_800201,24872.66,497.45,89.54,0.0,0.0,0.0,0.0,24285.67,2026-03-07 15:45:00,Credit Card,settled
TXN_RZP_100202,ORD_INV_200202,UTR_HDFC_800202,5771.67,115.43,20.78,0.0,0.0,0.0,0.0,5635.46,2026-03-07 16:30:00,NetBanking,settled
TXN_RZP_100203,ORD_INV_200203,UTR_HDFC_800203,14224.99,284.5,51.21,0.0,0.0,0.0,0.0,13889.28,2026-03-07 17:15:00,Credit Card,settled
TXN_RZP_100204,ORD_INV_200204,UTR_HDFC_800204,4511.79,90.24,16.24,0.0,0.0,0.0,0.0,4405.31,2026-03-07 18:00:00,Wallet,settled
TXN_RZP_100205,ORD_INV_200205,UTR_HDFC_800205,29270.24,585.4,105.37,0.0,0.0,0.0,0.0,28579.47,2026-03-07 18:45:00,NetBanking,settled
TXN_RZP_100206,ORD_INV_200206,UTR_HDFC_800206,23071.14,461.42,83.06,0.0,0.0,0.0,0.0,22526.66,2026-03-07 19:30:00,NetBanking,settled
TXN_RZP_100207,ORD_INV_200207,UTR_HDFC_800207,44117.92,882.36,158.82,0.0,0.0,0.0,0.0,43076.74,2026-03-07 20:15:00,NetBanking,settled
TXN_RZP_100208,ORD_INV_200208,UTR_HDFC_800208,17477.12,349.54,62.92,0.0,0.0,0.0,0.0,17064.66,2026-03-07 21:00:00,NetBanking,settled
TXN_RZP_100209,ORD_INV_200209,UTR_HDFC_800209,38928.8,778.58,140.14,0.0,0.0,0.0,0.0,38010.08,2026-03-07 21:45:00,Wallet,settled
TXN_RZP_100210,ORD_INV_200210,UTR_HDFC_800210,42064.19,841.28,151.43,0.0,0.0,0.0,0.0,41071.48,2026-03-07 22:30:00,NetBanking,settled
TXN_RZP_100211,ORD_INV_200211,UTR_HDFC_800211,12978.76,259.58,46.72,0.0,0.0,0.0,0.0,12672.46,2026-03-07 23:15:00,Debit Card,settled
TXN_RZP_100212,ORD_INV_200212,UTR_HDFC_800212,38983.89,779.68,140.34,0.0,0.0,0.0,0.0,38063.87,2026-03-08 00:00:00,Wallet,settled
TXN_RZP_100213,ORD_INV_200213,UTR_HDFC_800213,15759.78,315.2,56.74,0.0,0.0,0.0,0.0,15387.84,2026-03-08 00:45:00,Wallet,settled
TXN_RZP_100214,ORD_INV_200214,UTR_HDFC_800212,20681.14,413.62,74.45,0.0,0.0,0.0,0.0,20193.07,2026-03-08 01:30:00,Wallet,settled
TXN_RZP_100215,ORD_INV_200215,UTR_HDFC_800215,25880.76,517.62,93.17,0.0,0.0,0.0,0.0,25269.97,2026-03-08 02:15:00,Credit Card,settled
TXN_RZP_100216,ORD_INV_200215,UTR_HDFC_800216,14556.57,291.13,52.4,0.0,0.0,0.0,0.0,14213.04,2026-03-08 03:00:00,NetBanking,settled
TXN_RZP_100217,ORD_INV_200217,UTR_HDFC_800217,44482.69,889.65,160.14,0.0,0.0,0.0,0.0,43432.9,2026-03-08 03:45:00,NetBanking,settled
TXN_RZP_100218,ORD_INV_200218,UTR_HDFC_800218,5986.9,119.74,21.55,0.0,0.0,0.0,0.0,5845.61,2026-03-08 04:30:00,NetBanking,settled
TXN_RZP_100219,ORD_INV_200219,UTR_HDFC_800219,39382.6,787.65,141.78,0.0,0.0,0.0,0.0,38453.17,2026-03-08 05:15:00,Debit Card,settled
TXN_RZP_100220,ORD_INV_200220,UTR_HDFC_800220,1035.27,20.71,3.73,0.0,0.0,0.0,0.0,1010.83,2026-03-08 06:00:00,UPI,settled
TXN_RZP_100221,ORD_INV_200221,UTR_HDFC_800221,3691.08,73.82,13.29,0.0,0.0,0.0,0.0,3603.97,2026-03-08 06:45:00,NetBanking,settled
TXN_RZP_100222,ORD_INV_200222,UTR_HDFC_800222,29365.21,587.3,105.71,0.0,0.0,0.0,0.0,28672.2,2026-03-08 07:30:00,Debit Card,settled
TXN_RZP_100223,ORD_INV_200223,UTR_HDFC_800223,42952.33,859.05,154.63,0.0,0.0,0.0,0.0,41938.65,2026-03-08 08:15:00,Wallet,settled
TXN_RZP_100224,ORD_INV_200224,UTR_HDFC_800224,27919.56,558.39,100.51,0.0,0.0,0.0,0.0,27260.66,2026-03-08 09:00:00,Wallet,settled
TXN_RZP_100225,ORD_INV_200225,UTR_HDFC_800225,33693.12,673.86,121.29,0.0,0.0,0.0,0.0,32897.97,2026-03-08 09:45:00,Debit Card,settled
TXN_RZP_100226,ORD_INV_200226,UTR_HDFC_800226,20160.25,403.21,72.58,0.0,0.0,0.0,0.0,19684.46,2026-03-08 10:30:00,UPI,settled
TXN_RZP_100227,ORD_INV_200227,UTR_HDFC_800227,14833.33,296.67,53.4,0.0,0.0,0.0,0.0,14483.26,2026-03-08 11:15:00,UPI,settled
TXN_RZP_100228,ORD_INV_200228,UTR_HDFC_800228,17086.65,341.73,61.51,0.0,0.0,0.0,0.0,16683.41,2026-03-08 12:00:00,Debit Card,settled
TXN_RZP_100229,ORD_INV_200229,UTR_HDFC_800229,25618.69,512.37,92.23,0.0,7685.61,0.0,0.0,25014.09,2026-03-08 12:45:00,Credit Card,settled
TXN_RZP_100230,ORD_INV_200230,UTR_HDFC_800230,3875.94,77.52,13.95,0.0,0.0,0.0,0.0,3784.47,2026-03-08 13:30:00,Credit Card,settled
TXN_RZP_100231,ORD_INV_200231,UTR_HDFC_800231,22570.84,451.42,81.26,0.0,0.0,0.0,0.0,22038.16,2026-03-08 14:15:00,Wallet,settled
TXN_RZP_100232,ORD_INV_200232,UTR_HDFC_800232,20940.34,418.81,75.39,0.0,0.0,0.0,0.0,20446.14,2026-03-08 15:00:00,Credit Card,settled
TXN_RZP_100233,ORD_INV_200233,UTR_HDFC_800233,30124.44,602.49,108.45,0.0,0.0,0.0,0.0,29413.5,2026-03-08 15:45:00,NetBanking,settled
TXN_RZP_100234,ORD_INV_200234,UTR_HDFC_800234,3647.93,72.96,13.13,0.0,0.0,0.0,0.0,3561.84,2026-03-08 16:30:00,Debit Card,settled
TXN_RZP_100235,ORD_INV_200235,UTR_HDFC_800235,28878.61,577.57,103.96,0.0,28878.61,0.0,0.0,28197.08,2026-03-08 17:15:00,Wallet,pending
TXN_RZP_100236,ORD_INV_200236,UTR_HDFC_800236,38092.82,761.86,137.13,0.0,0.0,0.0,0.0,37193.83,2026-03-08 18:00:00,Debit Card,settled
TXN_RZP_100237,ORD_INV_200237,UTR_HDFC_800237,5112.07,102.24,18.4,0.0,0.0,0.0,0.0,4991.43,2026-03-08 18:45:00,NetBanking,settled
TXN_RZP_100238,ORD_INV_200238,UTR_HDFC_800238,26015.35,520.31,93.66,0.0,0.0,0.0,0.0,25401.38,2026-03-08 19:30:00,Wallet,settled
TXN_RZP_100239,ORD_INV_200239,UTR_HDFC_800239,12605.55,252.11,45.38,0.0,0.0,0.0,0.0,12308.06,2026-03-08 20:15:00,UPI,settled
TXN_RZP_100240,ORD_INV_200240,UTR_HDFC_800240,37536.26,750.73,135.13,0.0,0.0,0.0,0.0,36650.4,2026-03-08 21:00:00,UPI,settled
TXN_RZP_100241,ORD_INV_200241,UTR_HDFC_800241,10128.55,202.57,36.46,0.0,0.0,0.0,0.0,9889.52,2026-03-08 21:45:00,Credit Card,settled
TXN_RZP_100242,ORD_INV_200242,UTR_HDFC_800242,30612.18,612.24,110.2,0.0,0.0,0.0,0.0,29889.74,2026-03-08 22:30:00,Wallet,settled
TXN_RZP_100243,ORD_INV_200243,UTR_HDFC_800243,14143.85,282.88,50.92,0.0,0.0,0.0,0.0,13810.05,2026-03-08 23:15:00,UPI,settled
TXN_RZP_100244,ORD_INV_200244,UTR_HDFC_800244,33049.86,661.0,118.98,0.0,0.0,0.0,0.0,32269.88,2026-03-09 00:00:00,UPI,settled
TXN_RZP_100245,ORD_INV_200245,UTR_HDFC_800245,33725.02,674.5,121.41,0.0,0.0,0.0,0.0,32929.11,2026-03-09 00:45:00,Debit Card,settled
TXN_RZP_100246,ORD_INV_200246,UTR_HDFC_800246,35467.8,709.36,127.68,0.0,0.0,0.0,0.0,34630.76,2026-03-09 01:30:00,Credit Card,settled
TXN_RZP_100247,ORD_INV_200247,UTR_HDFC_800247,37430.6,748.61,134.75,0.0,0.0,0.0,0.0,36547.24,2026-03-09 02:15:00,Wallet,settled
TXN_RZP_100248,ORD_INV_200248,UTR_HDFC_800248,33683.88,673.68,121.26,0.0,0.0,0.0,0.0,32888.94,2026-03-09 03:00:00,NetBanking,settled
TXN_RZP_100249,ORD_INV_200249,UTR_HDFC_800249,43343.19,866.86,156.03,0.0,0.0,0.0,0.0,42320.3,2026-03-09 03:45:00,UPI,settled
TXN_RZP_100250,ORD_INV_200250,UTR_HDFC_800250,43538.59,870.77,156.74,0.0,0.0,0.0,0.0,42511.08,2026-03-09 04:30:00,Credit Card,settled
TXN_RZP_100251,ORD_INV_200251,UTR_HDFC_800251,35653.95,713.08,128.35,0.0,0.0,0.0,0.0,34812.52,2026-03-09 05:15:00,Debit Card,settled
TXN_RZP_100252,ORD_INV_200252,UTR_HDFC_800252,20656.2,413.12,74.36,0.0,0.0,0.0,0.0,20168.72,2026-03-09 06:00:00,Debit Card,settled
TXN_RZP_100253,ORD_INV_200253,UTR_HDFC_800253,37070.93,741.42,133.46,0.0,0.0,0.0,0.0,36196.05,2026-03-09 06:45:00,Wallet,settled
TXN_RZP_100254,ORD_INV_200254,UTR_HDFC_800254,21401.44,428.03,77.05,0.0,0.0,0.0,0.0,20896.36,2026-03-09 07:30:00,UPI,settled
TXN_RZP_100255,ORD_INV_200255,UTR_HDFC_800255,41216.18,824.32,148.38,0.0,0.0,0.0,0.0,40243.48,2026-03-09 08:15:00,Wallet,settled
TXN_RZP_100256,ORD_INV_200256,UTR_HDFC_800256,40954.16,819.08,147.43,0.0,0.0,0.0,0.0,39987.65,2026-03-09 09:00:00,UPI,settled
TXN_RZP_100257,ORD_INV_200257,UTR_HDFC_800257,6591.04,131.82,23.73,0.0,0.0,0.0,0.0,6435.49,2026-03-09 09:45:00,NetBanking,settled
TXN_RZP_100258,ORD_INV_200258,UTR_HDFC_800258,5534.78,110.7,19.93,0.0,0.0,400.0,0.0,5404.15,2026-03-09 10:30:00,Debit Card,settled
TXN_RZP_100259,ORD_INV_200259,UTR_HDFC_800259,17703.04,354.06,63.73,0.0,0.0,0.0,0.0,17285.25,2026-03-09 11:15:00,Wallet,settled
TXN_RZP_100260,ORD_INV_200260,UTR_HDFC_800260,26574.75,531.5,95.67,0.0,0.0,0.0,0.0,25947.58,2026-03-09 12:00:00,Wallet,settled
TXN_RZP_100261,ORD_INV_200261,UTR_HDFC_800261,37574.4,751.49,135.27,0.0,0.0,0.0,0.0,36687.64,2026-03-09 12:45:00,NetBanking,settled
TXN_RZP_100262,ORD_INV_200262,UTR_HDFC_800262,1810.78,36.22,6.52,0.0,0.0,0.0,0.0,1768.04,2026-03-09 13:30:00,NetBanking,settled
TXN_RZP_100263,ORD_INV_200263,UTR_HDFC_800263,20205.67,404.11,72.74,0.0,0.0,0.0,0.0,19728.82,2026-03-09 14:15:00,Credit Card,settled
TXN_RZP_100264,ORD_INV_200264,UTR_HDFC_800264,44148.42,882.97,158.93,0.0,0.0,0.0,0.0,43106.52,2026-03-09 15:00:00,Debit Card,settled
TXN_RZP_100265,ORD_INV_200265,UTR_HDFC_800265,3053.56,61.07,10.99,0.0,0.0,0.0,0.0,2981.5,2026-03-09 15:45:00,Wallet,settled
TXN_RZP_100266,ORD_INV_200266,UTR_HDFC_800266,42723.33,854.47,153.8,0.0,0.0,0.0,0.0,41715.06,2026-03-09 16:30:00,Credit Card,settled
TXN_RZP_100267,ORD_INV_200267,UTR_HDFC_800267,29002.1,580.04,104.41,0.0,0.0,0.0,0.0,28317.65,2026-03-09 17:15:00,UPI,settled
TXN_RZP_100268,ORD_INV_200268,UTR_HDFC_800268,35480.38,709.61,127.73,0.0,0.0,0.0,0.0,34643.04,2026-03-09 18:00:00,UPI,settled
TXN_RZP_100269,ORD_INV_200269,UTR_HDFC_800269,3413.44,68.27,12.29,0.0,0.0,0.0,0.0,3332.88,2026-03-09 18:45:00,Credit Card,settled
TXN_RZP_100270,ORD_INV_200270,UTR_HDFC_800270,36652.82,733.06,131.95,0.0,0.0,0.0,0.0,35787.81,2026-03-09 19:30:00,Credit Card,settled
TXN_RZP_100271,ORD_INV_200271,UTR_HDFC_800271,35562.94,711.26,128.03,0.0,0.0,0.0,0.0,34723.65,2026-03-09 20:15:00,Debit Card,settled
TXN_RZP_100272,ORD_INV_200272,UTR_HDFC_800272,38677.83,773.56,139.24,0.0,0.0,0.0,0.0,37765.03,2026-03-09 21:00:00,UPI,settled
TXN_RZP_100273,ORD_INV_200273,UTR_HDFC_800273,36003.64,720.07,129.61,0.0,0.0,0.0,0.0,35153.96,2026-03-09 21:45:00,Credit Card,settled
TXN_RZP_100274,ORD_INV_200274,UNKNOWN,1013.51,20.27,3.65,0.0,0.0,0.0,0.0,989.59,2026-03-09 22:30:00,UPI,pending
TXN_RZP_100275,ORD_INV_200275,UTR_HDFC_800275,1054.63,21.09,3.8,0.0,0.0,0.0,0.0,1029.74,2026-03-09 23:15:00,Wallet,settled
TXN_RZP_100276,ORD_INV_200276,UTR_HDFC_800276,33467.71,669.35,120.48,0.0,0.0,0.0,0.0,32677.88,2026-03-10 00:00:00,UPI,settled
TXN_RZP_100277,ORD_INV_200277,UTR_HDFC_800277,21614.38,432.29,77.81,0.0,0.0,0.0,0.0,21104.28,2026-03-10 00:45:00,UPI,settled
TXN_RZP_100278,ORD_INV_200278,UTR_HDFC_800278,20532.04,410.64,73.92,0.0,0.0,0.0,0.0,20047.48,2026-03-10 01:30:00,Wallet,settled
TXN_RZP_100279,ORD_INV_200279,UTR_HDFC_800279,32821.4,656.43,118.16,0.0,0.0,0.0,0.0,32046.81,2026-03-10 02:15:00,Wallet,settled
TXN_RZP_100280,ORD_INV_200280,UTR_HDFC_800280,29075.16,581.5,104.67,0.0,0.0,0.0,0.0,28388.99,2026-03-10 03:00:00,Debit Card,settled
TXN_RZP_100281,ORD_INV_200281,UTR_HDFC_800281,38181.88,763.64,137.46,0.0,0.0,0.0,0.0,37280.78,2026-03-10 03:45:00,UPI,settled
TXN_RZP_100282,ORD_INV_200282,UTR_HDFC_800282,32158.72,643.17,115.77,0.0,0.0,0.0,0.0,31399.78,2026-03-10 04:30:00,UPI,settled
TXN_RZP_100283,ORD_INV_200283,UTR_HDFC_800283,14732.29,294.65,53.04,0.0,0.0,0.0,0.0,14384.6,2026-03-10 05:15:00,UPI,settled
TXN_RZP_100284,ORD_INV_200284,UTR_HDFC_800284,12629.46,252.59,45.47,0.0,0.0,0.0,0.0,12331.4,2026-03-10 06:00:00,UPI,settled
TXN_RZP_100285,ORD_INV_200285,UTR_HDFC_800285,17357.38,347.15,62.49,0.0,0.0,0.0,0.0,16947.74,2026-03-10 06:45:00,Wallet,settled
TXN_RZP_100286,ORD_INV_200286,UTR_HDFC_800286,20608.39,412.17,74.19,0.0,0.0,0.0,0.0,20122.03,2026-03-10 07:30:00,Wallet,settled
TXN_RZP_100287,ORD_INV_200287,UTR_HDFC_800287,35761.74,715.23,128.74,0.0,0.0,0.0,0.0,34917.77,2026-03-10 08:15:00,NetBanking,settled
TXN_RZP_100288,ORD_INV_200288,UTR_HDFC_800288,19552.62,391.05,70.39,0.0,0.0,0.0,0.0,19091.18,2026-03-10 09:00:00,Wallet,settled
TXN_RZP_100289,ORD_INV_200289,UTR_HDFC_800289,37294.27,745.89,134.26,0.0,0.0,0.0,0.0,36414.12,2026-03-10 09:45:00,NetBanking,settled
TXN_RZP_100290,ORD_INV_200290,UTR_HDFC_800290,14305.28,286.11,51.5,0.0,0.0,0.0,0.0,13967.67,2026-03-10 10:30:00,NetBanking,settled
TXN_RZP_100291,ORD_INV_200291,UTR_HDFC_800291,42927.91,858.56,154.54,0.0,0.0,0.0,0.0,41914.81,2026-03-10 11:15:00,Debit Card,settled
TXN_RZP_100292,ORD_INV_200292,UTR_HDFC_800292,37488.61,749.77,134.96,0.0,0.0,0.0,0.0,36603.88,2026-03-10 12:00:00,UPI,settled
TXN_RZP_100293,ORD_INV_200293,UTR_HDFC_800293,33595.9,671.92,120.95,0.0,0.0,0.0,0.0,32803.03,2026-03-10 12:45:00,NetBanking,settled
TXN_RZP_100294,ORD_INV_200294,UTR_HDFC_800294,26535.67,530.71,95.53,0.0,0.0,0.0,0.0,25909.43,2026-03-10 13:30:00,Credit Card,settled
TXN_RZP_100295,ORD_INV_200295,UTR_HDFC_800295,30266.09,605.32,108.96,0.0,0.0,0.0,0.0,29551.81,2026-03-10 14:15:00,Wallet,settled
TXN_RZP_100296,ORD_INV_200296,UTR_HDFC_800296,39110.31,782.21,140.8,0.0,0.0,0.0,0.0,38187.3,2026-03-10 15:00:00,Debit Card,settled
TXN_RZP_100297,ORD_INV_200297,UTR_HDFC_800297,16051.0,321.02,57.78,0.0,0.0,0.0,0.0,15672.2,2026-03-10 15:45:00,Debit Card,settled
TXN_RZP_100298,ORD_INV_200298,UTR_HDFC_800298,7258.7,145.17,26.13,0.0,0.0,0.0,0.0,7087.4,2026-03-10 16:30:00,Wallet,settled
TXN_RZP_100299,ORD_INV_200299,UTR_HDFC_800299,15982.59,319.65,57.54,0.0,0.0,0.0,0.0,15605.4,2026-03-10 17:15:00,Credit Card,settled
TXN_RZP_100300,ORD_INV_200300,UTR_HDFC_800300,34400.34,688.01,123.84,0.0,0.0,0.0,0.0,33588.49,2026-03-10 18:00:00,Debit Card,settled
TXN_RZP_100301,ORD_INV_200301,UTR_HDFC_800301,38086.18,761.72,137.11,0.0,0.0,0.0,50.0,37187.35,2026-03-10 18:45:00,Credit Card,settled
TXN_RZP_100302,ORD_INV_200302,UTR_HDFC_800302,27541.62,550.83,99.15,0.0,0.0,0.0,0.0,26891.64,2026-03-10 19:30:00,Wallet,settled
TXN_RZP_100303,ORD_INV_200303,UTR_HDFC_800303,12551.52,251.03,45.19,0.0,0.0,0.0,0.0,12255.3,2026-03-10 20:15:00,UPI,settled
TXN_RZP_100304,ORD_INV_200304,UTR_HDFC_800304,622.62,12.45,2.24,0.0,0.0,0.0,0.0,607.93,2026-03-10 21:00:00,Debit Card,settled
TXN_RZP_100305,ORD_INV_200305,UTR_HDFC_800305,3456.99,69.14,12.45,0.0,0.0,0.0,0.0,3375.4,2026-03-10 21:45:00,Wallet,settled
TXN_RZP_100306,ORD_INV_200306,UTR_HDFC_800306,17147.08,342.94,61.73,0.0,0.0,0.0,0.0,16742.41,2026-03-10 22:30:00,UPI,settled
TXN_RZP_100307,ORD_INV_200307,UTR_HDFC_800307,16872.87,337.46,60.74,0.0,0.0,0.0,0.0,16474.67,2026-03-10 23:15:00,Debit Card,settled
TXN_RZP_100308,ORD_INV_200308,UTR_HDFC_800308,39791.23,795.82,143.25,0.0,0.0,0.0,0.0,38852.16,2026-03-11 00:00:00,Wallet,settled
TXN_RZP_100309,ORD_INV_200309,UTR_HDFC_800309,30442.7,608.85,109.59,0.0,0.0,0.0,0.0,29724.26,2026-03-11 00:45:00,Credit Card,settled
TXN_RZP_100310,ORD_INV_200310,UTR_HDFC_800310,22034.8,440.7,79.33,0.0,0.0,0.0,0.0,21514.77,2026-03-11 01:30:00,NetBanking,settled
TXN_RZP_100311,ORD_INV_200311,UTR_HDFC_800311,9975.15,199.5,35.91,0.0,0.0,0.0,0.0,9739.74,2026-03-11 02:15:00,NetBanking,settled
TXN_RZP_100312,ORD_INV_200312,UTR_HDFC_800312,19545.64,390.91,70.36,0.0,0.0,0.0,0.0,19084.37,2026-03-11 03:00:00,UPI,settled
TXN_RZP_100313,ORD_INV_200313,UTR_HDFC_800313,23877.61,477.55,85.96,0.0,0.0,0.0,0.0,23314.1,2026-03-11 03:45:00,Wallet,settled
TXN_RZP_100314,ORD_INV_200314,UTR_HDFC_800314,17998.51,359.97,64.79,0.0,0.0,0.0,0.0,17573.75,2026-03-11 04:30:00,UPI,settled
TXN_RZP_100315,ORD_INV_200315,UTR_HDFC_800315,9477.49,189.55,34.12,0.0,0.0,0.0,0.0,9253.82,2026-03-11 05:15:00,UPI,settled
TXN_RZP_100316,ORD_INV_200316,UTR_HDFC_800316,13273.81,265.48,47.79,0.0,0.0,0.0,0.0,12960.54,2026-03-11 06:00:00,Credit Card,settled
TXN_RZP_100317,ORD_INV_200317,UTR_HDFC_800317,33704.18,674.08,121.33,0.0,0.0,0.0,0.0,32908.77,2026-03-11 06:45:00,UPI,settled
TXN_RZP_100318,ORD_INV_200318,UTR_HDFC_800318,24129.8,482.6,86.87,0.0,0.0,0.0,0.0,23560.33,2026-03-11 07:30:00,Credit Card,settled
TXN_RZP_100319,ORD_INV_200319,UTR_HDFC_800319,3568.17,71.36,12.84,0.0,0.0,0.0,0.0,3483.97,2026-03-11 08:15:00,Wallet,settled
TXN_RZP_100320,ORD_INV_200320,UTR_HDFC_800320,20878.03,417.56,75.16,0.0,0.0,0.0,0.0,20385.31,2026-03-11 09:00:00,NetBanking,settled
TXN_RZP_100321,ORD_INV_200321,UTR_HDFC_800321,25952.3,519.05,93.43,0.0,0.0,0.0,0.0,25339.82,2026-03-11 09:45:00,Debit Card,settled
TXN_RZP_100322,ORD_INV_200322,UTR_HDFC_800322,18434.69,368.69,66.36,0.0,0.0,0.0,0.0,17999.64,2026-03-11 10:30:00,Debit Card,settled
TXN_RZP_100323,ORD_INV_200323,UTR_HDFC_800323,37499.96,750.0,135.0,0.0,0.0,0.0,0.0,36614.96,2026-03-11 11:15:00,Credit Card,settled
TXN_RZP_100324,ORD_INV_200324,UTR_HDFC_800324,38056.23,761.12,137.0,0.0,0.0,0.0,0.0,37158.11,2026-03-11 12:00:00,UPI,settled
TXN_RZP_100325,ORD_INV_200325,UTR_HDFC_800325,23744.93,474.9,85.48,0.0,0.0,0.0,0.0,23184.55,2026-03-11 12:45:00,NetBanking,settled
TXN_RZP_100326,ORD_INV_200326,UTR_HDFC_800326,10243.19,204.86,36.87,0.0,0.0,0.0,0.0,10001.46,2026-03-11 13:30:00,Debit Card,settled
TXN_RZP_100327,ORD_INV_200327,UTR_HDFC_800327,24041.51,480.83,86.55,0.0,0.0,0.0,0.0,23474.13,2026-03-11 14:15:00,UPI,settled
TXN_RZP_100328,ORD_INV_200328,UTR_HDFC_800328,32827.48,656.55,118.18,0.0,0.0,0.0,0.0,32052.75,2026-03-11 15:00:00,Debit Card,settled
TXN_RZP_100329,ORD_INV_200329,UTR_HDFC_800329,6888.73,137.77,24.8,0.0,0.0,0.0,0.0,6726.16,2026-03-11 15:45:00,Credit Card,settled
TXN_RZP_100330,ORD_INV_200330,UTR_HDFC_800330,34293.61,685.87,123.46,0.0,0.0,0.0,0.0,33484.28,2026-03-11 16:30:00,Credit Card,settled
TXN_RZP_100331,ORD_INV_200331,UTR_HDFC_800331,21065.5,421.31,75.84,0.0,0.0,0.0,0.0,20568.35,2026-03-11 17:15:00,Credit Card,settled
TXN_RZP_100332,ORD_INV_200332,UTR_HDFC_800332,30762.61,615.25,110.75,0.0,0.0,0.0,0.0,30036.61,2026-03-11 18:00:00,Wallet,settled
TXN_RZP_100333,ORD_INV_200333,UTR_HDFC_800333,38938.62,778.77,140.18,0.0,0.0,0.0,0.0,38019.67,2026-03-11 18:45:00,Wallet,settled
TXN_RZP_100334,ORD_INV_200334,UTR_HDFC_800334,3398.98,67.98,12.24,0.0,0.0,0.0,0.0,3318.76,2026-03-11 19:30:00,Credit Card,settled
TXN_RZP_100335,ORD_INV_200335,UTR_HDFC_800335,26756.89,535.14,96.33,0.0,0.0,0.0,0.0,26125.42,2026-03-11 20:15:00,Debit Card,settled
TXN_RZP_100336,ORD_INV_200336,UTR_HDFC_800336,14209.71,284.19,51.15,0.0,0.0,0.0,0.0,13874.37,2026-03-11 21:00:00,Wallet,settled
TXN_RZP_100337,ORD_INV_200337,UTR_HDFC_800337,16814.13,336.28,60.53,0.0,0.0,0.0,0.0,16417.32,2026-03-11 21:45:00,UPI,settled
TXN_RZP_100338,ORD_INV_200338,UTR_HDFC_800338,27810.12,556.2,100.12,0.0,0.0,0.0,0.0,27153.8,2026-03-11 22:30:00,UPI,settled
TXN_RZP_100339,ORD_INV_200339,UTR_HDFC_800339,26261.71,525.23,94.54,0.0,0.0,0.0,0.0,25641.94,2026-03-11 23:15:00,NetBanking,settled
TXN_RZP_100340,ORD_INV_200340,UTR_HDFC_800340,14706.17,294.12,52.94,0.0,0.0,0.0,0.0,14359.11,2026-03-12 00:00:00,NetBanking,settled
TXN_RZP_100341,ORD_INV_200341,UTR_HDFC_800341,43112.3,862.25,155.21,0.0,0.0,0.0,0.0,42094.84,2026-03-12 00:45:00,Wallet,settled
TXN_RZP_100342,ORD_INV_200342,UTR_HDFC_800342,44213.52,884.27,159.17,0.0,0.0,0.0,0.0,43170.08,2026-03-12 01:30:00,UPI,settled
TXN_RZP_100343,ORD_INV_200343,UTR_HDFC_800343,2097.7,41.95,7.55,0.0,0.0,0.0,0.0,2048.2,2026-03-12 02:15:00,Wallet,settled
TXN_RZP_100344,ORD_INV_200344,UTR_HDFC_800344,16598.04,331.96,59.75,0.0,0.0,0.0,0.0,16206.33,2026-03-12 03:00:00,NetBanking,settled
TXN_RZP_100345,ORD_INV_200345,UTR_HDFC_800345,34929.85,698.6,125.75,0.0,0.0,0.0,0.0,34105.5,2026-03-12 03:45:00,NetBanking,settled
TXN_RZP_100346,ORD_INV_200346,UTR_HDFC_800346,3292.96,65.86,11.85,0.0,0.0,0.0,0.0,3215.25,2026-03-12 04:30:00,UPI,settled
TXN_RZP_100347,ORD_INV_200347,UTR_HDFC_800347,13037.16,260.74,46.93,0.0,0.0,0.0,0.0,12729.49,2026-03-12 05:15:00,Wallet,settled
TXN_RZP_100348,ORD_INV_200348,UTR_HDFC_800348,3989.06,79.78,14.36,0.0,0.0,0.0,0.0,3894.92,2026-03-12 06:00:00,Credit Card,settled
TXN_RZP_100349,ORD_INV_200349,UTR_HDFC_800349,43557.65,871.15,156.81,0.0,0.0,0.0,0.0,42529.69,2026-03-12 06:45:00,Debit Card,settled
TXN_RZP_100350,ORD_INV_200350,UTR_HDFC_800350,14172.83,283.46,51.02,0.0,0.0,0.0,0.0,13838.35,2026-03-12 07:30:00,Credit Card,settled
TXN_RZP_100351,ORD_INV_200351,UTR_HDFC_800351,30270.7,605.41,108.97,0.0,0.0,0.0,0.0,29556.32,2026-03-12 08:15:00,Debit Card,settled
TXN_RZP_100352,ORD_INV_200352,UTR_HDFC_800352,23054.01,461.08,82.99,0.0,0.0,0.0,0.0,22509.94,2026-03-12 09:00:00,UPI,settled
TXN_RZP_100353,ORD_INV_200353,UTR_HDFC_800353,8398.74,167.97,30.23,0.0,0.0,0.0,0.0,8200.54,2026-03-12 09:45:00,Debit Card,settled
TXN_RZP_100354,ORD_INV_200354,UTR_HDFC_800354,8923.03,178.46,32.12,0.0,0.0,0.0,0.0,8712.45,2026-03-12 10:30:00,Debit Card,settled
TXN_RZP_100355,ORD_INV_200355,UTR_HDFC_800355,13557.12,271.14,48.81,0.0,0.0,0.0,0.0,13237.17,2026-03-12 11:15:00,Credit Card,settled
TXN_RZP_100356,ORD_INV_200356,UTR_HDFC_800356,29905.14,598.1,107.66,0.0,0.0,0.0,0.0,29199.38,2026-03-12 12:00:00,Wallet,settled
TXN_RZP_100357,ORD_INV_200357,UTR_HDFC_800357,7237.39,144.75,26.06,0.0,0.0,0.0,0.0,7066.58,2026-03-12 12:45:00,Credit Card,settled
TXN_RZP_100358,ORD_INV_200358,UTR_HDFC_800358,32550.82,651.02,117.18,0.0,0.0,0.0,0.0,31782.62,2026-03-12 13:30:00,Wallet,settled
TXN_RZP_100359,ORD_INV_200359,UTR_HDFC_800359,30549.6,610.99,109.98,0.0,0.0,0.0,0.0,29828.63,2026-03-12 14:15:00,NetBanking,settled
TXN_RZP_100360,ORD_INV_200360,UTR_HDFC_800360,33944.27,678.89,122.2,0.0,0.0,0.0,0.0,33143.18,2026-03-12 15:00:00,NetBanking,settled
TXN_RZP_100361,ORD_INV_200361,UTR_HDFC_800361,14167.74,283.35,51.0,0.0,0.0,0.0,0.0,13833.39,2026-03-12 15:45:00,Credit Card,settled
TXN_RZP_100362,ORD_INV_200362,UTR_HDFC_800362,30636.4,612.73,110.29,0.0,0.0,0.0,0.0,29913.38,2026-03-12 16:30:00,Credit Card,settled
TXN_RZP_100363,ORD_INV_200363,UTR_HDFC_800363,34705.43,694.11,124.94,0.0,0.0,0.0,0.0,33886.38,2026-03-12 17:15:00,NetBanking,settled
TXN_RZP_100364,ORD_INV_200364,UTR_HDFC_800364,43493.87,869.88,156.58,0.0,0.0,0.0,0.0,42467.41,2026-03-12 18:00:00,Wallet,settled
TXN_RZP_100365,ORD_INV_200365,UTR_HDFC_800365,39329.54,786.59,141.59,0.0,0.0,0.0,0.0,38401.36,2026-03-12 18:45:00,Wallet,settled
TXN_RZP_100366,ORD_INV_200366,UTR_HDFC_800366,25110.24,502.2,90.4,0.0,0.0,0.0,0.0,24517.64,2026-03-12 19:30:00,NetBanking,settled
TXN_RZP_100367,ORD_INV_200367,UTR_HDFC_800367,13078.06,261.56,47.08,0.0,0.0,0.0,0.0,12769.42,2026-03-12 20:15:00,Wallet,settled
TXN_RZP_100368,ORD_INV_200368,UTR_HDFC_800368,40771.92,815.44,146.78,0.0,0.0,0.0,0.0,39809.7,2026-03-12 21:00:00,Debit Card,settled
TXN_RZP_100369,ORD_INV_200369,UTR_HDFC_800369,42607.35,852.15,153.39,0.0,0.0,0.0,0.0,41601.81,2026-03-12 21:45:00,NetBanking,settled
TXN_RZP_100370,ORD_INV_200370,UTR_HDFC_800370,41895.57,837.91,150.82,0.0,0.0,0.0,0.0,40906.84,2026-03-12 22:30:00,NetBanking,settled
TXN_RZP_100371,ORD_INV_200371,UTR_HDFC_800371,22764.62,455.29,81.95,0.0,0.0,0.0,0.0,22227.38,2026-03-12 23:15:00,UPI,settled
TXN_RZP_100372,ORD_INV_200372,UTR_HDFC_800372,17089.85,341.8,61.52,0.0,0.0,0.0,0.0,16686.53,2026-03-13 00:00:00,NetBanking,settled
TXN_RZP_100373,ORD_INV_200373,UTR_HDFC_800373,37819.22,756.38,136.15,0.0,0.0,0.0,0.0,36926.69,2026-03-13 00:45:00,Debit Card,pending
TXN_RZP_100374,ORD_INV_200374,UTR_HDFC_800374,2060.24,41.2,7.42,0.0,0.0,0.0,0.0,2011.62,2026-03-13 01:30:00,Credit Card,settled
TXN_RZP_100375,ORD_INV_200375,UTR_HDFC_800375,20380.06,407.6,73.37,0.0,0.0,0.0,0.0,19899.09,2026-03-13 02:15:00,Credit Card,settled
TXN_RZP_100376,ORD_INV_200376,UTR_HDFC_800376,11777.0,235.54,42.4,0.0,0.0,0.0,0.0,11499.06,2026-03-13 03:00:00,UPI,settled
TXN_RZP_100377,ORD_INV_200377,UTR_HDFC_800377,5314.49,106.29,19.13,0.0,0.0,0.0,0.0,5189.07,2026-03-13 03:45:00,Wallet,settled
TXN_RZP_100378,ORD_INV_200378,UTR_HDFC_800378,5790.53,115.81,20.85,0.0,0.0,0.0,0.0,5653.87,2026-03-13 04:30:00,Credit Card,settled
TXN_RZP_100379,ORD_INV_200379,UTR_HDFC_800379,5000.0,100.0,18.0,0.0,0.0,0.0,0.0,4882.0,2026-03-13 05:15:00,NetBanking,settled
TXN_RZP_100380,ORD_INV_200380,UTR_HDFC_800380,28566.79,571.34,102.84,0.0,0.0,0.0,0.0,27892.61,2026-03-13 06:00:00,Wallet,settled
TXN_RZP_100381,ORD_INV_200381,UTR_HDFC_800381,13355.29,267.11,48.08,0.0,0.0,0.0,0.0,13040.1,2026-03-13 06:45:00,Credit Card,settled
TXN_RZP_100382,ORD_INV_200382,UTR_HDFC_800382,11091.19,221.82,39.93,0.0,0.0,0.0,0.0,10829.44,2026-03-13 07:30:00,Wallet,settled
TXN_RZP_100383,ORD_INV_200383,UTR_HDFC_800383,23723.59,474.47,85.4,0.0,0.0,0.0,0.0,23163.72,2026-03-13 08:15:00,Credit Card,settled
TXN_RZP_100384,ORD_INV_200384,UTR_HDFC_800384,17783.76,355.68,64.02,0.0,0.0,0.0,0.0,17364.06,2026-03-13 09:00:00,UPI,settled
TXN_RZP_100385,ORD_INV_200385,UTR_HDFC_800385,44153.41,883.07,158.95,0.0,0.0,0.0,0.0,43111.39,2026-03-13 09:45:00,UPI,settled
TXN_RZP_100386,ORD_INV_200386,UTR_HDFC_800386,35557.42,711.15,128.01,0.0,0.0,0.0,0.0,34718.26,2026-03-13 10:30:00,UPI,settled
TXN_RZP_100387,ORD_INV_200387,UTR_HDFC_800387,34797.54,695.95,125.27,0.0,0.0,0.0,0.0,33976.32,2026-03-13 11:15:00,Credit Card,settled
TXN_RZP_100388,ORD_INV_200388,UNKNOWN,16080.15,321.6,57.89,0.0,0.0,0.0,0.0,15700.66,2026-03-13 12:00:00,Credit Card,settled
TXN_RZP_100389,ORD_INV_200389,UTR_HDFC_800389,44143.58,882.87,158.92,0.0,0.0,0.0,0.0,43101.79,2026-03-13 12:45:00,Credit Card,settled
TXN_RZP_100390,ORD_INV_200390,UTR_HDFC_800390,3167.44,63.35,11.4,0.0,0.0,0.0,0.0,3092.69,2026-03-13 13:30:00,Credit Card,settled
TXN_RZP_100391,ORD_INV_200391,UTR_HDFC_800391,9351.04,187.02,33.66,0.0,0.0,0.0,0.0,9130.36,2026-03-13 14:15:00,UPI,settled
TXN_RZP_100392,ORD_INV_200392,UTR_HDFC_800392,42025.01,840.5,151.29,0.0,0.0,0.0,0.0,41033.22,2026-03-13 15:00:00,UPI,settled
TXN_RZP_100393,ORD_INV_200393,UTR_HDFC_800393,11660.46,233.21,41.98,0.0,0.0,0.0,0.0,11385.27,2026-03-13 15:45:00,NetBanking,settled
TXN_RZP_100394,ORD_INV_200394,UTR_HDFC_800394,38844.49,776.89,139.84,0.0,0.0,0.0,0.0,37927.76,2026-03-13 16:30:00,Debit Card,settled
TXN_RZP_100395,ORD_INV_200395,UTR_HDFC_800395,5907.81,118.16,21.27,0.0,0.0,0.0,0.0,5768.38,2026-03-13 17:15:00,Debit Card,settled
TXN_RZP_100396,ORD_INV_200396,UTR_HDFC_800396,33538.69,670.77,120.74,0.0,0.0,0.0,0.0,32747.18,2026-03-13 18:00:00,NetBanking,settled
TXN_RZP_100397,ORD_INV_200397,UTR_HDFC_800397,22505.47,450.11,81.02,0.0,0.0,0.0,0.0,21974.34,2026-03-13 18:45:00,Debit Card,settled
TXN_RZP_100398,ORD_INV_200398,UTR_HDFC_800398,36121.26,722.43,130.04,0.0,0.0,0.0,0.0,35268.79,2026-03-13 19:30:00,Debit Card,settled
TXN_RZP_100399,ORD_INV_200399,UTR_HDFC_800399,27249.54,544.99,98.1,0.0,0.0,0.0,0.0,26606.45,2026-03-13 20:15:00,UPI,settled
TXN_RZP_100400,ORD_INV_200400,UTR_HDFC_800400,14692.09,293.84,52.89,0.0,0.0,0.0,0.0,14345.36,2026-03-13 21:00:00,Wallet,settled
TXN_RZP_100401,ORD_INV_200401,UTR_HDFC_800401,14035.04,280.7,50.53,0.0,0.0,0.0,0.0,13703.81,2026-03-13 21:45:00,Debit Card,settled
TXN_RZP_100402,ORD_INV_200402,UTR_HDFC_800402,31148.0,622.96,112.13,0.0,0.0,0.0,0.0,30412.91,2026-03-13 22:30:00,NetBanking,settled
TXN_RZP_100403,ORD_INV_200403,UTR_HDFC_800403,32802.26,656.05,118.09,0.0,0.0,0.0,0.0,32028.12,2026-03-13 23:15:00,NetBanking,settled
TXN_RZP_100404,ORD_INV_200404,UTR_HDFC_800404,12608.9,252.18,45.39,0.0,0.0,0.0,0.0,12311.33,2026-03-14 00:00:00,Wallet,settled
TXN_RZP_100405,ORD_INV_200405,UTR_HDFC_800405,16571.84,331.44,59.66,0.0,0.0,0.0,0.0,16180.74,2026-03-14 00:45:00,UPI,settled
TXN_RZP_100406,ORD_INV_200406,UTR_HDFC_800406,38243.08,764.86,137.67,0.0,0.0,0.0,0.0,37340.55,2026-03-14 01:30:00,UPI,settled
TXN_RZP_100407,ORD_INV_200407,UTR_HDFC_800407,3351.97,67.04,12.07,0.0,0.0,0.0,0.0,3272.86,2026-03-14 02:15:00,UPI,settled
TXN_RZP_100408,ORD_INV_200408,UTR_HDFC_800408,42743.71,854.87,153.88,0.0,0.0,0.0,0.0,41734.96,2026-03-14 03:00:00,Debit Card,settled
TXN_RZP_100409,ORD_INV_200409,UTR_HDFC_800409,30670.12,613.4,110.41,0.0,0.0,0.0,0.0,29946.31,2026-03-14 03:45:00,Wallet,settled
TXN_RZP_100410,ORD_INV_200410,UTR_HDFC_800410,34421.72,688.43,123.92,0.0,0.0,0.0,0.0,33609.37,2026-03-14 04:30:00,Debit Card,settled
TXN_RZP_100411,ORD_INV_200411,UTR_HDFC_800411,18122.22,362.44,65.24,0.0,0.0,0.0,0.0,17694.54,2026-03-14 05:15:00,Credit Card,settled
TXN_RZP_100412,ORD_INV_200412,UTR_HDFC_800412,1507.03,30.14,5.43,0.0,0.0,0.0,0.0,1471.46,2026-03-14 06:00:00,Credit Card,settled
TXN_RZP_100413,ORD_INV_200413,UTR_HDFC_800413,41139.67,822.79,148.1,0.0,0.0,0.0,0.0,40168.78,2026-03-14 06:45:00,NetBanking,settled
TXN_RZP_100414,ORD_INV_200414,UTR_HDFC_800412,31785.29,635.71,114.43,0.0,0.0,0.0,0.0,31035.15,2026-03-14 07:30:00,Debit Card,settled
TXN_RZP_100415,ORD_INV_200415,UTR_HDFC_800415,31336.24,626.72,112.81,0.0,0.0,0.0,0.0,30596.71,2026-03-14 08:15:00,Wallet,settled
TXN_RZP_100416,ORD_INV_200416,UTR_HDFC_800416,6410.27,128.21,23.08,0.0,0.0,0.0,0.0,6258.98,2026-03-14 09:00:00,Credit Card,settled
TXN_RZP_100417,ORD_INV_200417,UTR_HDFC_800417,40476.02,809.52,145.71,0.0,0.0,0.0,0.0,39520.79,2026-03-14 09:45:00,NetBanking,settled
TXN_RZP_100418,ORD_INV_200418,UTR_HDFC_800418,30169.05,603.38,108.61,0.0,0.0,0.0,0.0,29457.06,2026-03-14 10:30:00,UPI,settled
TXN_RZP_100419,ORD_INV_200419,UTR_HDFC_800419,40147.96,802.96,144.53,0.0,0.0,0.0,0.0,39200.47,2026-03-14 11:15:00,Wallet,settled
TXN_RZP_100420,ORD_INV_200420,UTR_HDFC_800420,23065.94,461.32,83.04,0.0,0.0,0.0,0.0,22521.58,2026-03-14 12:00:00,Credit Card,settled
TXN_RZP_100421,ORD_INV_200421,UTR_HDFC_800421,10920.27,218.41,39.31,0.0,0.0,0.0,0.0,10662.55,2026-03-14 12:45:00,Credit Card,settled
TXN_RZP_100422,ORD_INV_200422,UTR_HDFC_800422,25087.06,501.74,90.31,0.0,0.0,0.0,0.0,24495.01,2026-03-14 13:30:00,UPI,settled
TXN_RZP_100423,ORD_INV_200423,UTR_HDFC_800423,27673.49,553.47,99.62,0.0,0.0,0.0,0.0,27020.4,2026-03-14 14:15:00,NetBanking,settled
TXN_RZP_100424,ORD_INV_200424,UTR_HDFC_800424,18127.84,362.56,65.26,0.0,0.0,0.0,0.0,17700.02,2026-03-14 15:00:00,UPI,settled
TXN_RZP_100425,ORD_INV_200425,UTR_HDFC_800425,34693.2,693.86,124.89,0.0,0.0,0.0,0.0,33874.45,2026-03-14 15:45:00,Wallet,settled
TXN_RZP_100426,ORD_INV_200426,UTR_HDFC_800426,43766.76,875.34,157.56,0.0,0.0,0.0,0.0,42733.86,2026-03-14 16:30:00,UPI,settled
TXN_RZP_100427,ORD_INV_200427,UTR_HDFC_800427,30716.87,614.34,110.58,0.0,0.0,0.0,0.0,29991.95,2026-03-14 17:15:00,NetBanking,settled
TXN_RZP_100428,ORD_INV_200428,UTR_HDFC_800428,34631.45,692.63,124.67,0.0,0.0,0.0,0.0,33814.15,2026-03-14 18:00:00,Credit Card,settled
TXN_RZP_100429,ORD_INV_200429,UTR_HDFC_800429,37471.6,749.43,134.9,0.0,0.0,0.0,0.0,36587.27,2026-03-14 18:45:00,NetBanking,settled
TXN_RZP_100430,ORD_INV_200430,UTR_HDFC_800430,7701.94,154.04,27.73,0.0,0.0,0.0,0.0,7520.17,2026-03-14 19:30:00,Credit Card,settled
TXN_RZP_100431,ORD_INV_200431,UTR_HDFC_800431,42655.12,853.1,153.56,0.0,0.0,0.0,0.0,41648.46,2026-03-14 20:15:00,Credit Card,settled
TXN_RZP_100432,ORD_INV_200432,UTR_HDFC_800432,11539.53,230.79,41.54,0.0,0.0,0.0,0.0,11267.2,2026-03-14 21:00:00,Debit Card,settled
TXN_RZP_100433,ORD_INV_200432,UTR_HDFC_800433,28257.25,565.15,101.73,0.0,0.0,0.0,0.0,27590.37,2026-03-14 21:45:00,Debit Card,settled
TXN_RZP_100434,ORD_INV_200434,UTR_HDFC_800434,22789.89,455.8,82.04,0.0,0.0,0.0,0.0,22252.05,2026-03-14 22:30:00,Wallet,settled
TXN_RZP_100435,ORD_INV_200435,UTR_HDFC_800435,7994.11,159.88,28.78,0.0,0.0,0.0,0.0,7805.45,2026-03-14 23:15:00,Wallet,settled
TXN_RZP_100436,ORD_INV_200436,UTR_HDFC_800436,37968.96,759.38,136.69,0.0,0.0,0.0,0.0,37072.89,2026-03-15 00:00:00,Wallet,settled
TXN_RZP_100437,ORD_INV_200437,UTR_HDFC_800437,3976.6,79.53,14.32,0.0,0.0,0.0,0.0,3882.75,2026-03-15 00:45:00,UPI,settled
TXN_RZP_100438,ORD_INV_200438,UTR_HDFC_800438,34594.72,691.89,124.54,0.0,0.0,0.0,0.0,33778.29,2026-03-15 01:30:00,Debit Card,settled
TXN_RZP_100439,ORD_INV_200439,UTR_HDFC_800439,22587.4,451.75,81.32,0.0,0.0,0.0,0.0,22054.33,2026-03-15 02:15:00,Wallet,settled
TXN_RZP_100440,ORD_INV_200440,UTR_HDFC_800440,21913.49,438.27,78.89,0.0,0.0,0.0,0.0,21396.33,2026-03-15 03:00:00,Debit Card,settled
TXN_RZP_100441,ORD_INV_200441,UTR_HDFC_800441,3608.25,72.17,12.99,0.0,0.0,0.0,0.0,3523.09,2026-03-15 03:45:00,Debit Card,settled
TXN_RZP_100442,ORD_INV_200442,UTR_HDFC_800442,18907.51,378.15,68.07,0.0,0.0,0.0,0.0,18461.29,2026-03-15 04:30:00,Credit Card,settled
TXN_RZP_100443,ORD_INV_200443,UTR_HDFC_800443,27437.38,548.75,98.78,0.0,0.0,0.0,0.0,26789.85,2026-03-15 05:15:00,Credit Card,settled
TXN_RZP_100444,ORD_INV_200444,UTR_HDFC_800444,43900.45,878.01,158.04,0.0,0.0,0.0,0.0,42864.4,2026-03-15 06:00:00,Debit Card,settled
TXN_RZP_100445,ORD_INV_200445,UTR_HDFC_800445,14598.52,291.97,52.55,0.0,4379.56,0.0,0.0,14254.0,2026-03-15 06:45:00,Debit Card,settled
TXN_RZP_100446,ORD_INV_200446,UTR_HDFC_800446,20424.46,408.49,73.53,0.0,0.0,0.0,0.0,19942.44,2026-03-15 07:30:00,UPI,settled
TXN_RZP_100447,ORD_INV_200447,UTR_HDFC_800447,13307.97,266.16,47.91,0.0,0.0,0.0,0.0,12993.9,2026-03-15 08:15:00,UPI,settled
TXN_RZP_100448,ORD_INV_200448,UTR_HDFC_800448,11435.27,228.71,41.17,0.0,0.0,0.0,0.0,11165.39,2026-03-15 09:00:00,Wallet,settled
TXN_RZP_100449,ORD_INV_200449,UTR_HDFC_800449,8826.09,176.52,31.77,0.0,0.0,0.0,0.0,8617.8,2026-03-15 09:45:00,Debit Card,settled
TXN_RZP_100450,ORD_INV_200450,UTR_HDFC_800450,22619.62,452.39,81.43,0.0,0.0,0.0,0.0,22085.8,2026-03-15 10:30:00,NetBanking,settled
TXN_RZP_100451,ORD_INV_200451,UTR_HDFC_800451,4370.69,87.41,15.73,0.0,0.0,0.0,0.0,4267.55,2026-03-15 11:15:00,NetBanking,settled
TXN_RZP_100452,ORD_INV_200452,UTR_HDFC_800452,43512.56,870.25,156.65,0.0,0.0,0.0,0.0,42485.66,2026-03-15 12:00:00,Wallet,settled
TXN_RZP_100453,ORD_INV_200453,UTR_HDFC_800453,2522.59,50.45,9.08,0.0,0.0,0.0,0.0,2463.06,2026-03-15 12:45:00,Wallet,settled
TXN_RZP_100454,ORD_INV_200454,UTR_HDFC_800454,13108.67,262.17,47.19,0.0,0.0,0.0,0.0,12799.31,2026-03-15 13:30:00,NetBanking,settled
TXN_RZP_100455,ORD_INV_200455,UTR_HDFC_800455,6330.2,126.6,22.79,0.0,0.0,0.0,0.0,6180.81,2026-03-15 14:15:00,UPI,settled
TXN_RZP_100456,ORD_INV_200456,UTR_HDFC_800456,16689.1,333.78,60.08,0.0,16689.1,0.0,0.0,16295.24,2026-03-15 15:00:00,Debit Card,pending
TXN_RZP_100457,ORD_INV_200457,UTR_HDFC_800457,16536.69,330.73,59.53,0.0,0.0,0.0,0.0,16146.43,2026-03-15 15:45:00,UPI,settled
TXN_RZP_100458,ORD_INV_200458,UTR_HDFC_800458,22865.01,457.3,82.31,0.0,0.0,0.0,0.0,22325.4,2026-03-15 16:30:00,UPI,settled
TXN_RZP_100459,ORD_INV_200459,UTR_HDFC_800459,6094.82,121.9,21.94,0.0,0.0,0.0,0.0,5950.98,2026-03-15 17:15:00,Debit Card,settled
TXN_RZP_100460,ORD_INV_200460,UTR_HDFC_800460,35842.16,716.84,129.03,0.0,0.0,0.0,0.0,34996.29,2026-03-15 18:00:00,NetBanking,settled
TXN_RZP_100461,ORD_INV_200461,UTR_HDFC_800461,34059.19,681.18,122.61,0.0,0.0,0.0,0.0,33255.4,2026-03-15 18:45:00,Wallet,settled
TXN_RZP_100462,ORD_INV_200462,UTR_HDFC_800462,22678.48,453.57,81.64,0.0,0.0,0.0,0.0,22143.27,2026-03-15 19:30:00,Wallet,settled
TXN_RZP_100463,ORD_INV_200463,UTR_HDFC_800463,32211.88,644.24,115.96,0.0,0.0,0.0,0.0,31451.68,2026-03-15 20:15:00,UPI,settled
TXN_RZP_100464,ORD_INV_200464,UTR_HDFC_800464,7000.2,140.0,25.2,0.0,0.0,0.0,0.0,6835.0,2026-03-15 21:00:00,Wallet,settled
TXN_RZP_100465,ORD_INV_200465,UTR_HDFC_800465,41935.61,838.71,150.97,0.0,0.0,0.0,0.0,40945.93,2026-03-15 21:45:00,Credit Card,settled
TXN_RZP_100466,ORD_INV_200466,UTR_HDFC_800466,44580.99,891.62,160.49,0.0,0.0,0.0,0.0,43528.88,2026-03-15 22:30:00,Credit Card,settled
TXN_RZP_100467,ORD_INV_200467,UTR_HDFC_800467,23001.61,460.03,82.81,0.0,0.0,0.0,0.0,22458.77,2026-03-15 23:15:00,Wallet,settled
TXN_RZP_100468,ORD_INV_200468,UTR_HDFC_800468,31995.23,639.9,115.18,0.0,0.0,0.0,0.0,31240.15,2026-03-16 00:00:00,Wallet,settled
TXN_RZP_100469,ORD_INV_200469,UTR_HDFC_800469,16797.18,335.94,60.47,0.0,0.0,0.0,0.0,16400.77,2026-03-16 00:45:00,NetBanking,settled
TXN_RZP_100470,ORD_INV_200470,UTR_HDFC_800470,35925.1,718.5,129.33,0.0,0.0,0.0,0.0,35077.27,2026-03-16 01:30:00,NetBanking,settled
TXN_RZP_100471,ORD_INV_200471,UTR_HDFC_800471,12205.93,244.12,43.94,0.0,0.0,0.0,0.0,11917.87,2026-03-16 02:15:00,Wallet,settled
TXN_RZP_100472,ORD_INV_200472,UTR_HDFC_800472,32560.52,651.21,117.22,0.0,0.0,0.0,0.0,31792.09,2026-03-16 03:00:00,Wallet,settled
TXN_RZP_100473,ORD_INV_200473,UTR_HDFC_800473,23756.97,475.14,85.53,0.0,0.0,0.0,0.0,23196.3,2026-03-16 03:45:00,NetBanking,settled
TXN_RZP_100474,ORD_INV_200474,UTR_HDFC_800474,37037.18,740.74,133.33,0.0,0.0,0.0,0.0,36163.11,2026-03-16 04:30:00,NetBanking,settled
TXN_RZP_100475,ORD_INV_200475,UTR_HDFC_800475,8868.52,177.37,31.93,0.0,0.0,0.0,0.0,8659.22,2026-03-16 05:15:00,UPI,settled
TXN_RZP_100476,ORD_INV_200476,UTR_HDFC_800476,7111.41,142.23,25.6,0.0,0.0,0.0,0.0,6943.58,2026-03-16 06:00:00,Debit Card,settled
TXN_RZP_100477,ORD_INV_200477,UTR_HDFC_800477,39321.31,786.43,141.56,0.0,0.0,0.0,0.0,38393.32,2026-03-16 06:45:00,NetBanking,settled
TXN_RZP_100478,ORD_INV_200478,UTR_HDFC_800478,25393.59,507.87,91.42,0.0,0.0,0.0,0.0,24794.3,2026-03-16 07:30:00,Credit Card,settled
TXN_RZP_100479,ORD_INV_200479,UTR_HDFC_800479,14359.05,287.18,51.69,0.0,0.0,0.0,0.0,14020.18,2026-03-16 08:15:00,Wallet,settled
TXN_RZP_100480,ORD_INV_200480,UTR_HDFC_800480,24741.1,494.82,89.07,0.0,0.0,0.0,0.0,24157.21,2026-03-16 09:00:00,NetBanking,settled
TXN_RZP_100481,ORD_INV_200481,UTR_HDFC_800481,8934.6,178.69,32.16,0.0,0.0,0.0,0.0,8723.75,2026-03-16 09:45:00,Wallet,settled
TXN_RZP_100482,ORD_INV_200482,UTR_HDFC_800482,10390.31,207.81,37.41,0.0,0.0,0.0,0.0,10145.09,2026-03-16 10:30:00,Debit Card,settled
TXN_RZP_100483,ORD_INV_200483,UTR_HDFC_800483,31169.21,623.38,112.21,0.0,0.0,0.0,0.0,30433.62,2026-03-16 11:15:00,Debit Card,settled
TXN_RZP_100484,ORD_INV_200484,UTR_HDFC_800484,15924.06,318.48,57.33,0.0,0.0,0.0,0.0,15548.25,2026-03-16 12:00:00,Debit Card,settled
TXN_RZP_100485,ORD_INV_200485,UTR_HDFC_800485,25955.74,519.11,93.44,0.0,0.0,0.0,0.0,25343.19,2026-03-16 12:45:00,Debit Card,settled
TXN_RZP_100486,ORD_INV_200486,UTR_HDFC_800486,36890.55,737.81,132.81,0.0,0.0,0.0,0.0,36019.93,2026-03-16 13:30:00,NetBanking,settled
TXN_RZP_100487,ORD_INV_200487,UTR_HDFC_800487,13192.69,263.85,47.49,0.0,0.0,0.0,0.0,12881.35,2026-03-16 14:15:00,Debit Card,settled
TXN_RZP_100488,ORD_INV_200488,UTR_HDFC_800488,29639.15,592.78,106.7,0.0,0.0,0.0,0.0,28939.67,2026-03-16 15:00:00,Debit Card,settled
TXN_RZP_100489,ORD_INV_200489,UTR_HDFC_800489,37318.04,746.36,134.34,0.0,0.0,0.0,0.0,36437.34,2026-03-16 15:45:00,Credit Card,settled
TXN_RZP_100490,ORD_INV_200490,UTR_HDFC_800490,6479.24,129.58,23.32,0.0,0.0,400.0,0.0,6326.34,2026-03-16 16:30:00,Wallet,settled
TXN_RZP_100491,ORD_INV_200491,UTR_HDFC_800491,11175.75,223.52,40.23,0.0,0.0,0.0,0.0,10912.0,2026-03-16 17:15:00,Wallet,settled
TXN_RZP_100492,ORD_INV_200492,UTR_HDFC_800492,2693.73,53.87,9.7,0.0,0.0,0.0,0.0,2630.16,2026-03-16 18:00:00,Credit Card,settled
TXN_RZP_100493,ORD_INV_200493,UTR_HDFC_800493,4839.33,96.79,17.42,0.0,0.0,0.0,0.0,4725.12,2026-03-16 18:45:00,Debit Card,settled
TXN_RZP_100494,ORD_INV_200494,UTR_HDFC_800494,18518.42,370.37,66.67,0.0,0.0,0.0,0.0,18081.38,2026-03-16 19:30:00,UPI,settled
TXN_RZP_100495,ORD_INV_200495,UTR_HDFC_800495,34101.43,682.03,122.77,0.0,0.0,0.0,0.0,33296.63,2026-03-16 20:15:00,NetBanking,settled
TXN_RZP_100496,ORD_INV_200496,UTR_HDFC_800496,29189.34,583.79,105.08,0.0,0.0,0.0,0.0,28500.47,2026-03-16 21:00:00,Debit Card,settled
TXN_RZP_100497,ORD_INV_200497,UTR_HDFC_800497,24244.55,484.89,87.28,0.0,0.0,0.0,0.0,23672.38,2026-03-16 21:45:00,Wallet,settled
TXN_RZP_100498,ORD_INV_200498,UTR_HDFC_800498,39742.24,794.84,143.07,0.0,0.0,0.0,0.0,38804.33,2026-03-16 22:30:00,Credit Card,settled
TXN_RZP_100499,ORD_INV_200499,UTR_HDFC_800499,35532.44,710.65,127.92,0.0,0.0,0.0,0.0,34693.87,2026-03-16 23:15:00,UPI,settled
