transaction_id,order_id,utr,customer_name,payment_method,gross_amount,expected_settlement,actual_bank_credit,settlement_date,bank_date,status
TXN_RZP_100000,ORD_INV_200000,UTR_HDFC_800000,Manish Tiwari,UPI,37382.92,36500.68,36500.68,2026-03-01 09:00:00,2026-03-02 09:00:00,MATCHED
TXN_RZP_100001,ORD_INV_200001,UTR_HDFC_800001,Rahul Dravid,Debit Card,31809.13,31058.44,31058.44,2026-03-01 09:45:00,2026-03-02 09:45:00,MATCHED
TXN_RZP_100002,ORD_INV_200002,UTR_HDFC_800002,Priya Patel,Credit Card,44340.14,43293.72,43293.72,2026-03-01 10:30:00,2026-03-02 10:30:00,MATCHED
TXN_RZP_100003,ORD_INV_200003,UTR_HDFC_800003,Sneha Kulkarni,UPI,12761.52,12460.35,12460.35,2026-03-01 11:15:00,2026-03-02 11:15:00,MATCHED
TXN_RZP_100004,ORD_INV_200004,UTR_HDFC_800004,Neha Gupta,Credit Card,16212.84,15830.21,15830.21,2026-03-01 12:00:00,2026-03-02 12:00:00,MATCHED
TXN_RZP_100005,ORD_INV_200005,UTR_HDFC_800005,Aditya Joshi,UPI,24199.35,23628.24,23628.24,2026-03-01 12:45:00,2026-03-02 12:45:00,MATCHED
TXN_RZP_100006,ORD_INV_200006,UTR_HDFC_800006,Sneha Kulkarni,Credit Card,17292.69,16884.59,16884.59,2026-03-01 13:30:00,2026-03-02 13:30:00,MATCHED
TXN_RZP_100007,ORD_INV_200007,UTR_HDFC_800007,Nikhil Chopra,Credit Card,37983.34,37086.93,37086.93,2026-03-01 14:15:00,2026-03-02 14:15:00,MATCHED
TXN_RZP_100008,ORD_INV_200008,UTR_HDFC_800008,Priya Patel,Credit Card,36295.3,35438.73,35438.73,2026-03-01 15:00:00,2026-03-02 15:00:00,MATCHED
TXN_RZP_100009,ORD_INV_200009,UTR_HDFC_800009,Manish Tiwari,Debit Card,9770.38,9539.8,9539.8,2026-03-01 15:45:00,2026-03-02 15:45:00,MATCHED
TXN_RZP_100010,ORD_INV_200010,UTR_HDFC_800010,Meera Nambiar,Debit Card,29615.34,28916.41,28916.41,2026-03-01 16:30:00,2026-03-02 16:30:00,EXCEPTION
TXN_RZP_100011,ORD_INV_200011,UTR_HDFC_800011,Manish Tiwari,NetBanking,12176.9,11889.52,11889.52,2026-03-01 17:15:00,2026-03-02 17:15:00,EXCEPTION
TXN_RZP_100012,ORD_INV_200012,UTR_HDFC_800012,Sneha Kulkarni,Wallet,33704.17,32908.76,32908.76,2026-03-01 18:00:00,2026-03-02 18:00:00,EXCEPTION
TXN_RZP_100013,ORD_INV_200013,UTR_HDFC_800013,Rhea Kapoor,Wallet,16513.14,16123.43,16123.43,2026-03-01 18:45:00,2026-03-02 18:45:00,EXCEPTION
TXN_RZP_100014,ORD_INV_200014,UTR_HDFC_800014,Rohit Verma,Wallet,4409.11,4305.06,4305.06,2026-03-01 19:30:00,2026-03-02 19:30:00,MATCHED
TXN_RZP_100015,ORD_INV_200015,UTR_HDFC_800015,Priya Patel,UPI,28365.47,27696.04,27696.04,2026-03-01 20:15:00,2026-03-03 20:15:00,MATCHED
TXN_RZP_100016,ORD_INV_200016,UTR_HDFC_800016,Rhea Kapoor,Wallet,17529.86,17116.15,17116.15,2026-03-01 21:00:00,2026-03-04 21:00:00,MATCHED
TXN_RZP_100017,ORD_INV_200017,UTR_HDFC_800017,Rahul Dravid,NetBanking,43708.65,42677.13,42677.13,2026-03-01 21:45:00,2026-03-02 21:45:00,MATCHED
TXN_RZP_100018,ORD_INV_200018,UTR_HDFC_800018,Aarav Sharma,UPI,34667.93,33849.77,33849.77,2026-03-01 22:30:00,2026-03-02 22:30:00,MATCHED
TXN_RZP_100019,ORD_INV_200019,UTR_HDFC_800019,Karan Singhania,UPI,19762.27,19295.87,19295.87,2026-03-01 23:15:00,2026-03-02 23:15:00,MATCHED
TXN_RZP_100020,ORD_INV_200020,UTR_HDFC_800020,Varun Dhawan,UPI,43744.8,42712.42,42712.42,2026-03-02 00:00:00,2026-03-03 00:00:00,MATCHED
TXN_RZP_100021,ORD_INV_200021,UTR_HDFC_800021,Deepika Sen,Wallet,39218.65,38293.09,38293.09,2026-03-02 00:45:00,2026-03-03 00:45:00,MATCHED
TXN_RZP_100022,ORD_INV_200022,UTR_HDFC_800020,Pooja Mehta,Wallet,7174.27,7004.95,7004.95,2026-03-02 01:30:00,2026-03-03 01:30:00,EXCEPTION
TXN_RZP_100023,ORD_INV_200023,UTR_HDFC_800023,Deepika Sen,Wallet,27092.88,26453.49,26453.49,2026-03-02 02:15:00,2026-03-03 02:15:00,MATCHED
TXN_RZP_100024,ORD_INV_200024,UTR_HDFC_800024,Ishaan Khatter,UPI,41834.25,40846.96,40846.96,2026-03-02 03:00:00,2026-03-03 03:00:00,MATCHED
TXN_RZP_100025,ORD_INV_200025,UTR_HDFC_800025,Pooja Mehta,Credit Card,11104.92,10842.84,10842.84,2026-03-02 03:45:00,2026-03-03 03:45:00,MATCHED
TXN_RZP_100026,ORD_INV_200026,UTR_HDFC_800026,Meera Nambiar,UPI,33029.67,32250.17,32250.17,2026-03-02 04:30:00,2026-03-03 04:30:00,MATCHED
TXN_RZP_100027,ORD_INV_200027,UTR_HDFC_800027,Vikram Malhotra,Wallet,6082.68,5939.13,5939.13,2026-03-02 05:15:00,2026-03-03 05:15:00,MATCHED
TXN_RZP_100028,ORD_INV_200028,UTR_HDFC_800028,Ishaan Khatter,Wallet,12184.78,11897.21,11897.21,2026-03-02 06:00:00,2026-03-03 06:00:00,MATCHED
TXN_RZP_100029,ORD_INV_200029,UTR_HDFC_800029,Rahul Dravid,NetBanking,41825.99,40838.9,40838.9,2026-03-02 06:45:00,2026-03-03 06:45:00,MATCHED
TXN_RZP_100030,ORD_INV_200030,UTR_HDFC_800030,Siddharth Nair,Debit Card,44783.42,43726.53,43726.53,2026-03-02 07:30:00,2026-03-03 07:30:00,MATCHED
TXN_RZP_100031,ORD_INV_200031,UTR_HDFC_800031,Neha Gupta,NetBanking,5752.84,5617.07,5617.07,2026-03-02 08:15:00,2026-03-03 08:15:00,MATCHED
TXN_RZP_100032,ORD_INV_200032,UTR_HDFC_800032,Sneha Kulkarni,UPI,1289.18,1258.76,1258.76,2026-03-02 09:00:00,2026-03-03 09:00:00,MATCHED
TXN_RZP_100033,ORD_INV_200033,UTR_HDFC_800033,Nikhil Chopra,Credit Card,671.07,655.23,655.23,2026-03-02 09:45:00,2026-03-03 09:45:00,MATCHED
TXN_RZP_100034,ORD_INV_200034,UTR_HDFC_800034,Priya Patel,Credit Card,40777.0,39814.66,39814.66,2026-03-02 10:30:00,2026-03-03 10:30:00,MATCHED
TXN_RZP_100035,ORD_INV_200035,UTR_HDFC_800035,Karan Singhania,UPI,12784.01,12482.31,12482.31,2026-03-02 11:15:00,2026-03-03 11:15:00,MATCHED
TXN_RZP_100036,ORD_INV_200036,UTR_HDFC_800036,Ishaan Khatter,Credit Card,32647.69,31877.21,31877.21,2026-03-02 12:00:00,2026-03-03 12:00:00,MATCHED
TXN_RZP_100037,ORD_INV_200037,UTR_HDFC_800037,Meera Nambiar,Wallet,11199.83,10935.51,10935.51,2026-03-02 12:45:00,2026-03-03 12:45:00,MATCHED
TXN_RZP_100038,ORD_INV_200038,UTR_HDFC_800038,Ishaan Khatter,NetBanking,4561.65,4454.0,4454.0,2026-03-02 13:30:00,2026-03-03 13:30:00,MATCHED
TXN_RZP_100039,ORD_INV_200039,UTR_HDFC_800039,Rhea Kapoor,Debit Card,18705.72,18264.27,18264.27,2026-03-02 14:15:00,2026-03-03 14:15:00,MATCHED
TXN_RZP_100040,ORD_INV_200040,UTR_HDFC_800040,Priya Patel,UPI,18327.04,17894.52,17894.52,2026-03-02 15:00:00,2026-03-03 15:00:00,MATCHED
TXN_RZP_100041,ORD_INV_200041,UTR_HDFC_800041,Karan Singhania,UPI,8904.5,8694.35,8694.35,2026-03-02 15:45:00,2026-03-03 15:45:00,MATCHED
TXN_RZP_100042,ORD_INV_200042,UTR_HDFC_800042,Nikhil Chopra,NetBanking,19187.02,18734.21,18734.21,2026-03-02 16:30:00,2026-03-03 16:30:00,MATCHED
TXN_RZP_100043,ORD_INV_200043,UTR_HDFC_800043,Aditya Joshi,NetBanking,39395.8,38466.05,38466.05,2026-03-02 17:15:00,2026-03-03 17:15:00,MATCHED
TXN_RZP_100044,ORD_INV_200043,UTR_HDFC_800044,Vikram Malhotra,NetBanking,2608.77,2547.2,2547.2,2026-03-02 18:00:00,2026-03-03 18:00:00,EXCEPTION
TXN_RZP_100045,ORD_INV_200045,UTR_HDFC_800045,Nikhil Chopra,UPI,41712.29,40727.87,40727.87,2026-03-02 18:45:00,2026-03-03 18:45:00,MATCHED
TXN_RZP_100046,ORD_INV_200046,UTR_HDFC_800046,Sneha Kulkarni,Credit Card,22033.88,21513.88,21513.88,2026-03-02 19:30:00,2026-03-03 19:30:00,MATCHED
TXN_RZP_100047,ORD_INV_200047,UTR_HDFC_800047,Siddharth Nair,NetBanking,7701.05,7519.31,5208.99,2026-03-02 20:15:00,2026-03-03 20:15:00,EXCEPTION
TXN_RZP_100048,ORD_INV_200048,UTR_HDFC_800048,Aarav Sharma,NetBanking,41719.03,40734.46,40734.46,2026-03-02 21:00:00,2026-03-03 21:00:00,MATCHED
TXN_RZP_100049,ORD_INV_200049,UTR_HDFC_800049,Varun Dhawan,Debit Card,31452.81,30710.52,0.0,2026-03-02 21:45:00,,EXCEPTION
TXN_RZP_100050,ORD_INV_200050,UTR_HDFC_800050,Nikhil Chopra,NetBanking,8828.94,8620.58,8620.58,2026-03-02 22:30:00,2026-03-03 22:30:00,MATCHED
TXN_RZP_100051,ORD_INV_200051,UTR_HDFC_800051,Siddharth Nair,UPI,33747.11,32950.68,32950.68,2026-03-02 23:15:00,2026-03-03 23:15:00,MATCHED
TXN_RZP_100052,ORD_INV_200052,UTR_HDFC_800052,Priya Patel,UPI,22802.27,22264.13,21864.13,2026-03-03 00:00:00,2026-03-04 00:00:00,EXCEPTION
TXN_RZP_100053,ORD_INV_200053,UTR_HDFC_800053,Tanvi Deshmukh,Credit Card,43248.78,42228.1,42228.1,2026-03-03 00:45:00,2026-03-04 00:45:00,MATCHED
TXN_RZP_100054,ORD_INV_200054,UTR_HDFC_800054,Vikram Malhotra,Credit Card,26918.32,26283.04,26283.04,2026-03-03 01:30:00,2026-03-04 01:30:00,MATCHED
TXN_RZP_100055,ORD_INV_200055,UTR_HDFC_800055,Sneha Kulkarni,NetBanking,42392.27,41391.81,41391.81,2026-03-03 02:15:00,2026-03-04 02:15:00,MATCHED
TXN_RZP_100056,ORD_INV_200056,UTR_HDFC_800056,Meera Nambiar,Credit Card,28005.38,27344.45,27344.45,2026-03-03 03:00:00,2026-03-04 03:00:00,MATCHED
TXN_RZP_100057,ORD_INV_200057,UNKNOWN,Rhea Kapoor,Wallet,42084.63,41091.44,0.0,2026-03-03 03:45:00,,EXCEPTION
TXN_RZP_100058,ORD_INV_200058,UTR_HDFC_800058,Siddharth Nair,Debit Card,12209.69,11921.55,11921.55,2026-03-03 04:30:00,2026-03-04 04:30:00,MATCHED
TXN_RZP_100059,ORD_INV_200059,UTR_HDFC_800059,Rohit Verma,Debit Card,14467.31,14125.88,14125.88,2026-03-03 05:15:00,2026-03-04 05:15:00,MATCHED
TXN_RZP_100060,ORD_INV_200060,UTR_HDFC_800060,Vikram Malhotra,UPI,28084.76,27421.95,27421.95,2026-03-03 06:00:00,2026-03-04 06:00:00,MATCHED
TXN_RZP_100061,ORD_INV_200061,UTR_HDFC_800061,Meera Nambiar,UPI,24355.38,23780.59,23780.59,2026-03-03 06:45:00,2026-03-04 06:45:00,MATCHED
TXN_RZP_100062,ORD_INV_200062,UTR_HDFC_800062,Tanvi Deshmukh,Debit Card,42020.03,41028.36,41028.36,2026-03-03 07:30:00,2026-03-04 07:30:00,MATCHED
TXN_RZP_100063,ORD_INV_200063,UTR_HDFC_800063,Vikram Malhotra,Credit Card,13074.69,12766.13,12534.71,2026-03-03 08:15:00,2026-03-04 08:15:00,EXCEPTION
TXN_RZP_100064,ORD_INV_200064,UTR_HDFC_800064,Varun Dhawan,Wallet,27661.41,27008.6,27008.6,2026-03-03 09:00:00,2026-03-04 09:00:00,MATCHED
TXN_RZP_100065,ORD_INV_200065,UTR_HDFC_800065,Tanvi Deshmukh,UPI,41952.91,40962.82,40962.82,2026-03-03 09:45:00,2026-03-04 09:45:00,MATCHED
TXN_RZP_100066,ORD_INV_200066,UTR_HDFC_800066,Ananya Rao,Credit Card,5503.89,5374.0,5374.0,2026-03-03 10:30:00,2026-03-04 10:30:00,MATCHED
TXN_RZP_100067,ORD_INV_200067,UTR_HDFC_800067,Ananya Rao,Wallet,12510.35,12215.1,12215.1,2026-03-03 11:15:00,2026-03-04 11:15:00,MATCHED
TXN_RZP_100068,ORD_INV_200068,UTR_HDFC_800068,Rahul Dravid,Credit Card,9440.62,9217.82,9217.82,2026-03-03 12:00:00,2026-03-04 12:00:00,MATCHED
TXN_RZP_100069,ORD_INV_200069,UTR_HDFC_800069,Aditya Joshi,Wallet,11562.56,11289.68,11289.68,2026-03-03 12:45:00,2026-03-04 12:45:00,MATCHED
TXN_RZP_100070,ORD_INV_200070,UTR_HDFC_800070,Priya Patel,UPI,37380.39,36498.21,36498.21,2026-03-03 13:30:00,2026-03-04 13:30:00,MATCHED
TXN_RZP_100071,ORD_INV_200071,UTR_HDFC_800071,Priya Patel,UPI,34780.47,33959.65,33947.15,2026-03-03 14:15:00,2026-03-04 14:15:00,EXCEPTION
TXN_RZP_100072,ORD_INV_200072,UTR_HDFC_800072,Aditya Joshi,Credit Card,24982.53,24392.94,24392.94,2026-03-03 15:00:00,2026-03-04 15:00:00,MATCHED
TXN_RZP_100073,ORD_INV_200073,UTR_HDFC_800073,Rhea Kapoor,Wallet,5345.17,5219.03,5219.03,2026-03-03 15:45:00,2026-03-04 15:45:00,MATCHED
TXN_RZP_100074,ORD_INV_200074,UTR_HDFC_800074,Rohit Verma,Wallet,37614.67,36726.97,36726.97,2026-03-03 16:30:00,2026-03-04 16:30:00,MATCHED
TXN_RZP_100075,ORD_INV_200075,UTR_HDFC_800075,Meera Nambiar,Wallet,19539.98,19078.84,19078.84,2026-03-03 17:15:00,2026-03-04 17:15:00,MATCHED
TXN_RZP_100076,ORD_INV_200076,UTR_HDFC_800076,Priya Patel,Debit Card,40489.52,39533.97,39533.97,2026-03-03 18:00:00,2026-03-04 18:00:00,MATCHED
TXN_RZP_100077,ORD_INV_200077,UTR_HDFC_800077,Priya Patel,Debit Card,30804.28,30077.29,30077.29,2026-03-03 18:45:00,2026-03-04 18:45:00,MATCHED
TXN_RZP_100078,ORD_INV_200078,UTR_HDFC_800078,Ananya Rao,Debit Card,43831.82,42797.38,42797.38,2026-03-03 19:30:00,2026-03-04 19:30:00,MATCHED
TXN_RZP_100079,ORD_INV_200079,UTR_HDFC_800079,Rohit Verma,Credit Card,43937.6,42900.67,42850.67,2026-03-03 20:15:00,2026-03-04 20:15:00,EXCEPTION
TXN_RZP_100080,ORD_INV_200080,UTR_HDFC_800080,Deepika Sen,NetBanking,8358.45,8161.19,8161.19,2026-03-03 21:00:00,2026-03-04 21:00:00,MATCHED
TXN_RZP_100081,ORD_INV_200081,UTR_HDFC_800081,Karan Singhania,NetBanking,12262.87,11973.46,11973.46,2026-03-03 21:45:00,2026-03-04 21:45:00,MATCHED
TXN_RZP_100082,ORD_INV_200082,UTR_HDFC_800082,Ananya Rao,NetBanking,38686.19,37773.2,37773.2,2026-03-03 22:30:00,2026-03-04 22:30:00,MATCHED
TXN_RZP_100083,ORD_INV_200083,UTR_HDFC_800083,Sneha Kulkarni,Credit Card,15962.25,15585.53,15585.53,2026-03-03 23:15:00,2026-03-04 23:15:00,MATCHED
TXN_RZP_100084,ORD_INV_200084,UTR_HDFC_800084,Sneha Kulkarni,Credit Card,29820.48,29116.72,29116.72,2026-03-04 00:00:00,2026-03-05 00:00:00,MATCHED
TXN_RZP_100085,ORD_INV_200085,UTR_HDFC_800085,Manish Tiwari,Debit Card,38943.36,38024.29,38024.29,2026-03-04 00:45:00,2026-03-05 00:45:00,MATCHED
TXN_RZP_100086,ORD_INV_200086,UTR_HDFC_800086,Aditya Joshi,Debit Card,30690.48,29966.18,29966.18,2026-03-04 01:30:00,2026-03-05 01:30:00,MATCHED
TXN_RZP_100087,ORD_INV_200087,UTR_HDFC_800087,Nikhil Chopra,Debit Card,5500.01,5370.21,5370.21,2026-03-04 02:15:00,2026-03-05 02:15:00,MATCHED
TXN_RZP_100088,ORD_INV_200088,UTR_HDFC_800088,Aditya Joshi,Credit Card,2058.18,2009.61,2009.61,2026-03-04 03:00:00,2026-03-05 03:00:00,MATCHED
TXN_RZP_100089,ORD_INV_200089,UTR_HDFC_800089,Rahul Dravid,NetBanking,32879.54,32103.58,32103.58,2026-03-04 03:45:00,2026-03-05 03:45:00,MATCHED
TXN_RZP_100090,ORD_INV_200090,UTR_HDFC_800090,Karan Singhania,NetBanking,17548.98,17134.82,17134.82,2026-03-04 04:30:00,2026-03-05 04:30:00,MATCHED
TXN_RZP_100091,ORD_INV_200091,UTR_HDFC_800091,Meera Nambiar,Credit Card,2331.86,2276.82,2276.82,2026-03-04 05:15:00,2026-03-05 05:15:00,MATCHED
TXN_RZP_100092,ORD_INV_200092,UTR_HDFC_800092,Rhea Kapoor,UPI,16612.49,16220.43,16220.43,2026-03-04 06:00:00,2026-03-05 06:00:00,MATCHED
TXN_RZP_100093,ORD_INV_200093,UTR_HDFC_800093,Vikram Malhotra,Debit Card,29970.25,29262.95,29262.95,2026-03-04 06:45:00,2026-03-05 06:45:00,MATCHED
TXN_RZP_100094,ORD_INV_200094,UTR_HDFC_800094,Ananya Rao,Debit Card,30126.77,29415.77,29415.77,2026-03-04 07:30:00,2026-03-05 07:30:00,MATCHED
TXN_RZP_100095,ORD_INV_200095,UTR_HDFC_800095,Karan Singhania,NetBanking,25104.52,24512.05,24512.05,2026-03-04 08:15:00,2026-03-05 08:15:00,MATCHED
TXN_RZP_100096,ORD_INV_200096,UTR_HDFC_800096,Siddharth Nair,NetBanking,30592.25,29870.27,29870.27,2026-03-04 09:00:00,2026-03-05 09:00:00,MATCHED
TXN_RZP_100097,ORD_INV_200097,UTR_HDFC_800097,Deepika Sen,Wallet,18481.26,18045.1,18045.1,2026-03-04 09:45:00,2026-03-05 09:45:00,MATCHED
TXN_RZP_100098,ORD_INV_200098,UTR_HDFC_800098,Aarav Sharma,Debit Card,9734.66,9504.93,9504.93,2026-03-04 10:30:00,2026-03-05 10:30:00,MATCHED
TXN_RZP_100099,ORD_INV_200099,UTR_HDFC_800099,Meera Nambiar,Wallet,21111.72,20613.49,20613.49,2026-03-04 11:15:00,2026-03-05 11:15:00,MATCHED
TXN_RZP_100100,ORD_INV_200100,UTR_HDFC_800100,Varun Dhawan,Credit Card,35790.29,34945.63,34945.63,2026-03-04 12:00:00,2026-03-05 12:00:00,MATCHED
TXN_RZP_100101,ORD_INV_200101,UTR_HDFC_800101,Deepika Sen,UPI,23364.93,22813.52,11406.76,2026-03-04 12:45:00,2026-03-05 12:45:00,EXCEPTION
TXN_RZP_100102,ORD_INV_200102,UTR_HDFC_800102,Rahul Dravid,Debit Card,36892.61,36021.95,36021.95,2026-03-04 13:30:00,2026-03-05 13:30:00,MATCHED
TXN_RZP_100103,ORD_INV_200103,UTR_HDFC_800103,Sneha Kulkarni,Debit Card,36363.03,35504.86,35504.86,2026-03-04 14:15:00,2026-03-05 14:15:00,MATCHED
TXN_RZP_100104,ORD_INV_200104,UTR_HDFC_800104,Rohit Verma,UPI,11282.22,11015.96,11015.96,2026-03-04 15:00:00,2026-03-05 15:00:00,MATCHED
TXN_RZP_100105,ORD_INV_200105,UTR_HDFC_800105,Ishaan Khatter,Wallet,20684.33,20196.18,20196.18,2026-03-04 15:45:00,2026-03-05 15:45:00,MATCHED
TXN_RZP_100106,ORD_INV_200106,UTR_HDFC_800106,Meera Nambiar,Credit Card,22423.94,21894.73,21894.73,2026-03-04 16:30:00,2026-03-05 16:30:00,MATCHED
TXN_RZP_100107,ORD_INV_200107,UTR_HDFC_800107,Sneha Kulkarni,Credit Card,40207.26,39258.36,39258.36,2026-03-04 17:15:00,2026-03-05 17:15:00,MATCHED
TXN_RZP_100108,ORD_INV_200108,UTR_HDFC_800108,Ananya Rao,NetBanking,8203.34,8009.74,8009.74,2026-03-04 18:00:00,2026-03-05 18:00:00,MATCHED
TXN_RZP_100109,ORD_INV_200109,UTR_HDFC_800109,Tanvi Deshmukh,NetBanking,25238.17,24642.55,24642.55,2026-03-04 18:45:00,2026-03-05 18:45:00,MATCHED
TXN_RZP_100110,ORD_INV_200110,UTR_HDFC_800110,Ananya Rao,NetBanking,36133.25,35280.5,35281.25,2026-03-04 19:30:00,2026-03-05 19:30:00,EXCEPTION
TXN_RZP_100111,ORD_INV_200111,UTR_HDFC_800111,Tanvi Deshmukh,Wallet,42769.27,41759.91,41759.91,2026-03-04 20:15:00,2026-03-05 20:15:00,EXCEPTION
TXN_RZP_100112,ORD_INV_200112,UTR_HDFC_800112,Varun Dhawan,Wallet,37434.91,36551.44,36551.44,2026-03-04 21:00:00,2026-03-05 21:00:00,MATCHED
TXN_RZP_100113,ORD_INV_200113,UTR_HDFC_800113,Nikhil Chopra,NetBanking,33554.22,32762.35,32762.35,2026-03-04 21:45:00,2026-03-05 21:45:00,MATCHED
TXN_RZP_100114,ORD_INV_200114,UTR_HDFC_800114,Ishaan Khatter,NetBanking,33916.83,33116.39,33116.39,2026-03-04 22:30:00,2026-03-05 22:30:00,MATCHED
TXN_RZP_100115,ORD_INV_200115,UTR_HDFC_800115,Aditya Joshi,Wallet,28334.32,27665.63,27665.63,2026-03-04 23:15:00,2026-03-05 23:15:00,MATCHED
TXN_RZP_100116,ORD_INV_200116,UTR_HDFC_800116,Aditya Joshi,NetBanking,32209.78,31449.62,31449.62,2026-03-05 00:00:00,2026-03-06 00:00:00,MATCHED
TXN_RZP_100117,ORD_INV_200117,UTR_HDFC_800117,Sneha Kulkarni,Debit Card,14625.03,14279.88,14279.88,2026-03-05 00:45:00,2026-03-06 00:45:00,MATCHED
TXN_RZP_100118,ORD_INV_200118,UTR_HDFC_800118,Nikhil Chopra,UPI,7084.59,6917.4,6917.4,2026-03-05 01:30:00,2026-03-06 01:30:00,MATCHED
TXN_RZP_100119,ORD_INV_200119,UTR_HDFC_800119,Manish Tiwari,Credit Card,3217.82,3141.88,3141.88,2026-03-05 02:15:00,2026-03-06 02:15:00,MATCHED
TXN_RZP_100120,ORD_INV_200120,UTR_HDFC_800120,Rhea Kapoor,Debit Card,18914.32,18467.94,18467.94,2026-03-05 03:00:00,2026-03-06 03:00:00,MATCHED
TXN_RZP_100121,ORD_INV_200121,UTR_HDFC_800121,Siddharth Nair,NetBanking,40751.04,39789.32,39789.32,2026-03-05 03:45:00,2026-03-06 03:45:00,MATCHED
TXN_RZP_100122,ORD_INV_200122,UTR_HDFC_800122,Meera Nambiar,UPI,21647.15,21136.28,21136.28,2026-03-05 04:30:00,2026-03-06 04:30:00,MATCHED
TXN_RZP_100123,ORD_INV_200123,UTR_HDFC_800123,Neha Gupta,Debit Card,38456.45,37548.88,37548.88,2026-03-05 05:15:00,2026-03-06 05:15:00,MATCHED
TXN_RZP_100124,ORD_INV_200124,UTR_HDFC_800124,Rhea Kapoor,Wallet,22149.45,21626.72,21626.72,2026-03-05 06:00:00,2026-03-06 06:00:00,MATCHED
TXN_RZP_100125,ORD_INV_200125,UTR_HDFC_800125,Aditya Joshi,NetBanking,1645.96,1607.11,1257.11,2026-03-05 06:45:00,2026-03-06 06:45:00,EXCEPTION
TXN_RZP_100126,ORD_INV_200126,UTR_HDFC_800126,Karan Singhania,NetBanking,37878.58,36984.65,36984.65,2026-03-05 07:30:00,2026-03-06 07:30:00,MATCHED
TXN_RZP_100127,ORD_INV_200127,UTR_HDFC_800127,Rohit Verma,Wallet,40844.37,39880.44,39880.44,2026-03-05 08:15:00,2026-03-06 08:15:00,MATCHED
TXN_RZP_100128,ORD_INV_200128,UTR_HDFC_800128,Meera Nambiar,Wallet,4098.25,4001.53,4001.53,2026-03-05 09:00:00,2026-03-06 09:00:00,MATCHED
TXN_RZP_100129,ORD_INV_200129,UTR_HDFC_800129,Rhea Kapoor,Credit Card,8464.2,8264.45,8264.45,2026-03-05 09:45:00,2026-03-06 09:45:00,MATCHED
TXN_RZP_100130,ORD_INV_200130,UTR_HDFC_800130,Aditya Joshi,NetBanking,9800.63,9569.34,9569.34,2026-03-05 10:30:00,2026-03-06 10:30:00,MATCHED
TXN_RZP_100131,ORD_INV_200131,UTR_HDFC_800131,Karan Singhania,Debit Card,12774.16,12472.69,12472.69,2026-03-05 11:15:00,2026-03-06 11:15:00,MATCHED
TXN_RZP_100132,ORD_INV_200132,UTR_HDFC_800132,Rhea Kapoor,Debit Card,21349.2,20845.36,20845.36,2026-03-05 12:00:00,2026-03-06 12:00:00,MATCHED
TXN_RZP_100133,ORD_INV_200133,UTR_HDFC_800133,Nikhil Chopra,UPI,10361.52,10116.99,10116.99,2026-03-05 12:45:00,2026-03-06 12:45:00,MATCHED
TXN_RZP_100134,ORD_INV_200134,UTR_HDFC_800134,Vikram Malhotra,UPI,42750.16,41741.26,41741.26,2026-03-05 13:30:00,2026-03-06 13:30:00,MATCHED
TXN_RZP_100135,ORD_INV_200135,UTR_HDFC_800135,Siddharth Nair,UPI,11001.03,10741.41,10741.41,2026-03-05 14:15:00,2026-03-06 14:15:00,MATCHED
TXN_RZP_100136,ORD_INV_200136,UTR_HDFC_800136,Ishaan Khatter,UPI,21113.77,20615.48,20615.48,2026-03-05 15:00:00,2026-03-06 15:00:00,MATCHED
TXN_RZP_100137,ORD_INV_200137,UTR_HDFC_800137,Aditya Joshi,Debit Card,27403.11,26756.4,26756.4,2026-03-05 15:45:00,2026-03-06 15:45:00,MATCHED
TXN_RZP_100138,ORD_INV_200138,UTR_HDFC_800138,Ananya Rao,Credit Card,5176.61,5054.44,5054.44,2026-03-05 16:30:00,2026-03-06 16:30:00,MATCHED
TXN_RZP_100139,ORD_INV_200139,UTR_HDFC_800139,Aarav Sharma,Debit Card,18060.62,17634.39,17634.39,2026-03-05 17:15:00,2026-03-06 17:15:00,MATCHED
TXN_RZP_100140,ORD_INV_200140,UTR_HDFC_800140,Siddharth Nair,UPI,4899.89,4784.25,0.0,2026-03-05 18:00:00,,EXCEPTION
TXN_RZP_100141,ORD_INV_200141,UTR_HDFC_800141,Pooja Mehta,Wallet,35901.55,35054.27,35054.27,2026-03-05 18:45:00,2026-03-06 18:45:00,MATCHED
TXN_RZP_100142,ORD_INV_200142,UTR_HDFC_800142,Meera Nambiar,UPI,24137.08,23567.45,23567.45,2026-03-05 19:30:00,2026-03-06 19:30:00,MATCHED
TXN_RZP_100143,ORD_INV_200143,UTR_HDFC_800143,Neha Gupta,UPI,914.92,893.33,893.33,2026-03-05 20:15:00,2026-03-06 20:15:00,MATCHED
TXN_RZP_100144,ORD_INV_200144,UTR_HDFC_800144,Rhea Kapoor,NetBanking,19706.82,19241.73,19241.73,2026-03-05 21:00:00,2026-03-06 21:00:00,MATCHED
TXN_RZP_100145,ORD_INV_200145,UTR_HDFC_800145,Neha Gupta,NetBanking,19794.5,19327.35,19327.35,2026-03-05 21:45:00,2026-03-06 21:45:00,MATCHED
TXN_RZP_100146,ORD_INV_200146,UTR_HDFC_800146,Tanvi Deshmukh,Debit Card,21106.61,20608.5,20608.5,2026-03-05 22:30:00,2026-03-06 22:30:00,MATCHED
TXN_RZP_100147,ORD_INV_200147,UTR_HDFC_800147,Meera Nambiar,Debit Card,38378.99,37473.25,37473.25,2026-03-05 23:15:00,2026-03-06 23:15:00,MATCHED
TXN_RZP_100148,ORD_INV_200148,UTR_HDFC_800148,Vikram Malhotra,Debit Card,11238.5,10973.27,10973.27,2026-03-06 00:00:00,2026-03-07 00:00:00,MATCHED
TXN_RZP_100149,ORD_INV_200149,UTR_HDFC_800149,Varun Dhawan,Wallet,15370.11,15007.38,15007.38,2026-03-06 00:45:00,2026-03-07 00:45:00,MATCHED
TXN_RZP_100150,ORD_INV_200150,UTR_HDFC_800150,Ishaan Khatter,Debit Card,22119.1,21597.09,21597.09,2026-03-06 01:30:00,2026-03-07 01:30:00,MATCHED
TXN_RZP_100151,ORD_INV_200151,UTR_HDFC_800151,Neha Gupta,Debit Card,12836.75,12533.8,12533.8,2026-03-06 02:15:00,2026-03-07 02:15:00,MATCHED
TXN_RZP_100152,ORD_INV_200152,UTR_HDFC_800152,Rahul Dravid,Debit Card,23417.41,22864.76,22864.76,2026-03-06 03:00:00,2026-03-07 03:00:00,MATCHED
TXN_RZP_100153,ORD_INV_200153,UTR_HDFC_800153,Siddharth Nair,UPI,32501.33,31734.29,31734.29,2026-03-06 03:45:00,2026-03-07 03:45:00,MATCHED
TXN_RZP_100154,ORD_INV_200154,UTR_HDFC_800154,Ishaan Khatter,Wallet,31185.71,30449.73,30449.73,2026-03-06 04:30:00,2026-03-07 04:30:00,MATCHED
TXN_RZP_100155,ORD_INV_200155,UTR_HDFC_800155,Ishaan Khatter,NetBanking,4504.83,4398.51,4398.51,2026-03-06 05:15:00,2026-03-07 05:15:00,MATCHED
TXN_RZP_100156,ORD_INV_200156,UTR_HDFC_800156,Sneha Kulkarni,NetBanking,14022.1,13691.18,13691.18,2026-03-06 06:00:00,2026-03-07 06:00:00,MATCHED
TXN_RZP_100157,ORD_INV_200157,UTR_HDFC_800157,Meera Nambiar,Debit Card,25062.57,24471.09,24471.09,2026-03-06 06:45:00,2026-03-07 06:45:00,MATCHED
TXN_RZP_100158,ORD_INV_200158,UTR_HDFC_800158,Neha Gupta,NetBanking,16058.34,15679.36,15679.36,2026-03-06 07:30:00,2026-03-07 07:30:00,MATCHED
TXN_RZP_100159,ORD_INV_200159,UTR_HDFC_800159,Varun Dhawan,Debit Card,11575.17,11302.0,11302.0,2026-03-06 08:15:00,2026-03-07 08:15:00,MATCHED
TXN_RZP_100160,ORD_INV_200160,UTR_HDFC_800160,Ananya Rao,Credit Card,5688.12,5553.88,5553.88,2026-03-06 09:00:00,2026-03-07 09:00:00,MATCHED
TXN_RZP_100161,ORD_INV_200161,UTR_HDFC_800161,Nikhil Chopra,Credit Card,10011.57,9775.3,9775.3,2026-03-06 09:45:00,2026-03-07 09:45:00,MATCHED
TXN_RZP_100162,ORD_INV_200162,UTR_HDFC_800162,Ishaan Khatter,Debit Card,44129.8,43088.33,43088.33,2026-03-06 10:30:00,2026-03-07 10:30:00,MATCHED
TXN_RZP_100163,ORD_INV_200163,UTR_HDFC_800163,Siddharth Nair,Debit Card,16463.34,16074.8,16074.8,2026-03-06 11:15:00,2026-03-07 11:15:00,MATCHED
TXN_RZP_100164,ORD_INV_200164,UTR_HDFC_800164,Pooja Mehta,UPI,12598.0,12300.69,12300.69,2026-03-06 12:00:00,2026-03-07 12:00:00,MATCHED
TXN_RZP_100165,ORD_INV_200165,UTR_HDFC_800165,Priya Patel,Wallet,31489.69,30746.54,30746.54,2026-03-06 12:45:00,2026-03-07 12:45:00,MATCHED
TXN_RZP_100166,ORD_INV_200166,UTR_HDFC_800166,Rohit Verma,NetBanking,39316.94,38389.06,38389.06,2026-03-06 13:30:00,2026-03-07 13:30:00,MATCHED
TXN_RZP_100167,ORD_INV_200167,UTR_HDFC_800167,Meera Nambiar,Debit Card,21724.59,21211.89,21211.89,2026-03-06 14:15:00,2026-03-07 14:15:00,MATCHED
TXN_RZP_100168,ORD_INV_200168,UTR_HDFC_800168,Karan Singhania,Credit Card,11623.16,11348.86,11348.86,2026-03-06 15:00:00,2026-03-07 15:00:00,MATCHED
TXN_RZP_100169,ORD_INV_200169,UTR_HDFC_800169,Ishaan Khatter,UPI,18241.59,17811.09,17811.09,2026-03-06 15:45:00,2026-03-07 15:45:00,MATCHED
TXN_RZP_100170,ORD_INV_200170,UTR_HDFC_800170,Vikram Malhotra,Wallet,7124.61,6956.47,6956.47,2026-03-06 16:30:00,2026-03-07 16:30:00,MATCHED
TXN_RZP_100171,ORD_INV_200171,UTR_HDFC_800171,Meera Nambiar,Debit Card,44728.44,43672.85,43672.85,2026-03-06 17:15:00,2026-03-07 17:15:00,MATCHED
TXN_RZP_100172,ORD_INV_200172,UTR_HDFC_800172,Ananya Rao,Wallet,5000.0,4882.0,4882.0,2026-03-06 18:00:00,2026-03-07 18:00:00,MATCHED
TXN_RZP_100173,ORD_INV_200173,UTR_HDFC_800173,Rahul Dravid,Credit Card,20465.47,19982.48,19982.48,2026-03-06 18:45:00,2026-03-07 18:45:00,MATCHED
TXN_RZP_100174,ORD_INV_200174,UNKNOWN,Varun Dhawan,Debit Card,13985.23,13655.18,13535.18,2026-03-06 19:30:00,2026-03-07 19:30:00,EXCEPTION
TXN_RZP_100175,ORD_INV_200175,UTR_HDFC_800175,Rahul Dravid,UPI,42659.9,41653.12,41653.12,2026-03-06 20:15:00,2026-03-07 20:15:00,MATCHED
TXN_RZP_100176,ORD_INV_200176,UTR_HDFC_800176,Siddharth Nair,Credit Card,29838.12,29133.94,29133.94,2026-03-06 21:00:00,2026-03-07 21:00:00,MATCHED
TXN_RZP_100177,ORD_INV_200177,UTR_HDFC_800177,Deepika Sen,Credit Card,24996.45,24406.53,24406.53,2026-03-06 21:45:00,2026-03-07 21:45:00,MATCHED
TXN_RZP_100178,ORD_INV_200178,UTR_HDFC_800178,Deepika Sen,UPI,20464.99,19982.02,19982.02,2026-03-06 22:30:00,2026-03-07 22:30:00,MATCHED
TXN_RZP_100179,ORD_INV_200179,UTR_HDFC_800179,Rahul Dravid,NetBanking,1807.37,1764.71,1764.71,2026-03-06 23:15:00,2026-03-07 23:15:00,MATCHED
TXN_RZP_100180,ORD_INV_200180,UTR_HDFC_800180,Pooja Mehta,Debit Card,3528.18,3444.92,3444.92,2026-03-07 00:00:00,2026-03-08 00:00:00,MATCHED
TXN_RZP_100181,ORD_INV_200181,UTR_HDFC_800181,Sneha Kulkarni,Debit Card,19332.45,18876.2,18876.2,2026-03-07 00:45:00,2026-03-08 00:45:00,MATCHED
TXN_RZP_100182,ORD_INV_200182,UTR_HDFC_800182,Nikhil Chopra,Credit Card,40910.57,39945.08,39945.08,2026-03-07 01:30:00,2026-03-08 01:30:00,MATCHED
TXN_RZP_100183,ORD_INV_200183,UTR_HDFC_800183,Rohit Verma,UPI,7758.45,7575.35,7575.35,2026-03-07 02:15:00,2026-03-09 02:15:00,MATCHED
TXN_RZP_100184,ORD_INV_200184,UTR_HDFC_800184,Pooja Mehta,Wallet,19958.2,19487.19,19487.19,2026-03-07 03:00:00,2026-03-08 03:00:00,MATCHED
TXN_RZP_100185,ORD_INV_200185,UTR_HDFC_800185,Varun Dhawan,Debit Card,42440.49,41438.89,41438.89,2026-03-07 03:45:00,2026-03-08 03:45:00,MATCHED
TXN_RZP_100186,ORD_INV_200186,UTR_HDFC_800186,Tanvi Deshmukh,Wallet,19895.93,19426.38,19426.38,2026-03-07 04:30:00,2026-03-08 04:30:00,MATCHED
TXN_RZP_100187,ORD_INV_200187,UTR_HDFC_800187,Rahul Dravid,UPI,33146.94,32364.67,32364.67,2026-03-07 05:15:00,2026-03-08 05:15:00,MATCHED
TXN_RZP_100188,ORD_INV_200188,UTR_HDFC_800188,Rahul Dravid,Debit Card,4427.75,4323.25,4323.25,2026-03-07 06:00:00,2026-03-08 06:00:00,MATCHED
TXN_RZP_100189,ORD_INV_200189,UTR_HDFC_800189,Meera Nambiar,Wallet,44980.91,43919.36,43919.36,2026-03-07 06:45:00,2026-03-08 06:45:00,MATCHED
TXN_RZP_100190,ORD_INV_200190,UTR_HDFC_800190,Aditya Joshi,Wallet,34422.82,33610.44,33610.44,2026-03-07 07:30:00,2026-03-08 07:30:00,MATCHED
TXN_RZP_100191,ORD_INV_200191,UTR_HDFC_800191,Deepika Sen,NetBanking,41252.65,40279.09,40279.09,2026-03-07 08:15:00,2026-03-08 08:15:00,MATCHED
TXN_RZP_100192,ORD_INV_200192,UTR_HDFC_800192,Deepika Sen,Wallet,28693.14,28015.99,28015.99,2026-03-07 09:00:00,2026-03-08 09:00:00,MATCHED
TXN_RZP_100193,ORD_INV_200193,UTR_HDFC_800193,Ishaan Khatter,UPI,15886.46,15511.54,15511.54,2026-03-07 09:45:00,2026-03-08 09:45:00,MATCHED
TXN_RZP_100194,ORD_INV_200194,UTR_HDFC_800194,Karan Singhania,Debit Card,38647.78,37735.69,37735.69,2026-03-07 10:30:00,2026-03-10 10:30:00,MATCHED
TXN_RZP_100195,ORD_INV_200195,UTR_HDFC_800195,Karan Singhania,NetBanking,13218.92,12906.95,12906.95,2026-03-07 11:15:00,2026-03-08 11:15:00,MATCHED
TXN_RZP_100196,ORD_INV_200196,UTR_HDFC_800196,Manish Tiwari,Wallet,20657.98,20170.45,20170.45,2026-03-07 12:00:00,2026-03-08 12:00:00,MATCHED
TXN_RZP_100197,ORD_INV_200197,UTR_HDFC_800197,Karan Singhania,Debit Card,5525.9,5395.49,5395.49,2026-03-07 12:45:00,2026-03-08 12:45:00,MATCHED
TXN_RZP_100198,ORD_INV_200198,UTR_HDFC_800198,Manish Tiwari,Wallet,29714.54,29013.28,29013.28,2026-03-07 13:30:00,2026-03-08 13:30:00,MATCHED
TXN_RZP_100199,ORD_INV_200199,UTR_HDFC_800199,Nikhil Chopra,NetBanking,2770.21,2704.84,2704.84,2026-03-07 14:15:00,2026-03-08 14:15:00,MATCHED
TXN_RZP_100200,ORD_INV_200200,UTR_HDFC_800200,Tanvi Deshmukh,Debit Card,28274.5,27607.22,27607.22,2026-03-07 15:00:00,2026-03-08 15:00:00,MATCHED
TXN_RZP_100201,ORD_INV_200201,UTR_HDFC_800201,Priya Patel,Credit Card,24872.66,24285.67,24285.67,2026-03-07 15:45:00,2026-03-08 15:45:00,MATCHED
TXN_RZP_100202,ORD_INV_200202,UTR_HDFC_800202,Pooja Mehta,NetBanking,5771.67,5635.46,5635.46,2026-03-07 16:30:00,2026-03-08 16:30:00,MATCHED
TXN_RZP_100203,ORD_INV_200203,UTR_HDFC_800203,Rahul Dravid,Credit Card,14224.99,13889.28,13889.28,2026-03-07 17:15:00,2026-03-08 17:15:00,MATCHED
TXN_RZP_100204,ORD_INV_200204,UTR_HDFC_800204,Aarav Sharma,Wallet,4511.79,4405.31,4405.31,2026-03-07 18:00:00,2026-03-08 18:00:00,MATCHED
TXN_RZP_100205,ORD_INV_200205,UTR_HDFC_800205,Ananya Rao,NetBanking,29270.24,28579.47,28579.47,2026-03-07 18:45:00,2026-03-08 18:45:00,MATCHED
TXN_RZP_100206,ORD_INV_200206,UTR_HDFC_800206,Rohit Verma,NetBanking,23071.14,22526.66,22526.66,2026-03-07 19:30:00,2026-03-08 19:30:00,MATCHED
TXN_RZP_100207,ORD_INV_200207,UTR_HDFC_800207,Aditya Joshi,NetBanking,44117.92,43076.74,43076.74,2026-03-07 20:15:00,2026-03-08 20:15:00,MATCHED
TXN_RZP_100208,ORD_INV_200208,UTR_HDFC_800208,Sneha Kulkarni,NetBanking,17477.12,17064.66,17064.66,2026-03-07 21:00:00,2026-03-08 21:00:00,MATCHED
TXN_RZP_100209,ORD_INV_200209,UTR_HDFC_800209,Rahul Dravid,Wallet,38928.8,38010.08,38010.08,2026-03-07 21:45:00,2026-03-08 21:45:00,MATCHED
TXN_RZP_100210,ORD_INV_200210,UTR_HDFC_800210,Aditya Joshi,NetBanking,42064.19,41071.48,41071.48,2026-03-07 22:30:00,2026-03-08 22:30:00,MATCHED
TXN_RZP_100211,ORD_INV_200211,UTR_HDFC_800211,Tanvi Deshmukh,Debit Card,12978.76,12672.46,12672.46,2026-03-07 23:15:00,2026-03-08 23:15:00,MATCHED
TXN_RZP_100212,ORD_INV_200212,UTR_HDFC_800212,Pooja Mehta,Wallet,38983.89,38063.87,38063.87,2026-03-08 00:00:00,2026-03-09 00:00:00,MATCHED
TXN_RZP_100213,ORD_INV_200213,UTR_HDFC_800213,Varun Dhawan,Wallet,15759.78,15387.84,15387.84,2026-03-08 00:45:00,2026-03-09 00:45:00,MATCHED
TXN_RZP_100214,ORD_INV_200214,UTR_HDFC_800212,Nikhil Chopra,Wallet,20681.14,20193.07,20193.07,2026-03-08 01:30:00,2026-03-09 01:30:00,EXCEPTION
TXN_RZP_100215,ORD_INV_200215,UTR_HDFC_800215,Karan Singhania,Credit Card,25880.76,25269.97,25269.97,2026-03-08 02:15:00,2026-03-09 02:15:00,MATCHED
TXN_RZP_100216,ORD_INV_200215,UTR_HDFC_800216,Sneha Kulkarni,NetBanking,14556.57,14213.04,14213.04,2026-03-08 03:00:00,2026-03-09 03:00:00,EXCEPTION
TXN_RZP_100217,ORD_INV_200217,UTR_HDFC_800217,Ishaan Khatter,NetBanking,44482.69,43432.9,43432.9,2026-03-08 03:45:00,2026-03-09 03:45:00,MATCHED
TXN_RZP_100218,ORD_INV_200218,UTR_HDFC_800218,Rohit Verma,NetBanking,5986.9,5845.61,5845.61,2026-03-08 04:30:00,2026-03-09 04:30:00,MATCHED
TXN_RZP_100219,ORD_INV_200219,UTR_HDFC_800219,Meera Nambiar,Debit Card,39382.6,38453.17,38453.17,2026-03-08 05:15:00,2026-03-09 05:15:00,MATCHED
TXN_RZP_100220,ORD_INV_200220,UTR_HDFC_800220,Varun Dhawan,UPI,1035.27,1010.83,1010.83,2026-03-08 06:00:00,2026-03-09 06:00:00,MATCHED
TXN_RZP_100221,ORD_INV_200221,UTR_HDFC_800221,Rohit Verma,NetBanking,3691.08,3603.97,3603.97,2026-03-08 06:45:00,2026-03-09 06:45:00,MATCHED
TXN_RZP_100222,ORD_INV_200222,UTR_HDFC_800222,Aditya Joshi,Debit Card,29365.21,28672.2,28672.2,2026-03-08 07:30:00,2026-03-09 07:30:00,MATCHED
TXN_RZP_100223,ORD_INV_200223,UTR_HDFC_800223,Karan Singhania,Wallet,42952.33,41938.65,41938.65,2026-03-08 08:15:00,2026-03-09 08:15:00,MATCHED
TXN_RZP_100224,ORD_INV_200224,UTR_HDFC_800224,Ishaan Khatter,Wallet,27919.56,27260.66,27260.66,2026-03-08 09:00:00,2026-03-09 09:00:00,MATCHED
TXN_RZP_100225,ORD_INV_200225,UTR_HDFC_800225,Sneha Kulkarni,Debit Card,33693.12,32897.97,32897.97,2026-03-08 09:45:00,2026-03-09 09:45:00,MATCHED
TXN_RZP_100226,ORD_INV_200226,UTR_HDFC_800226,Rhea Kapoor,UPI,20160.25,19684.46,19684.46,2026-03-08 10:30:00,2026-03-09 10:30:00,MATCHED
TXN_RZP_100227,ORD_INV_200227,UTR_HDFC_800227,Pooja Mehta,UPI,14833.33,14483.26,14483.26,2026-03-08 11:15:00,2026-03-09 11:15:00,MATCHED
TXN_RZP_100228,ORD_INV_200228,UTR_HDFC_800228,Priya Patel,Debit Card,17086.65,16683.41,16683.41,2026-03-08 12:00:00,2026-03-09 12:00:00,MATCHED
TXN_RZP_100229,ORD_INV_200229,UTR_HDFC_800229,Rohit Verma,Credit Card,25618.69,25014.09,17328.48,2026-03-08 12:45:00,2026-03-09 12:45:00,EXCEPTION
TXN_RZP_100230,ORD_INV_200230,UTR_HDFC_800230,Deepika Sen,Credit Card,3875.94,3784.47,3784.47,2026-03-08 13:30:00,2026-03-09 13:30:00,MATCHED
TXN_RZP_100231,ORD_INV_200231,UTR_HDFC_800231,Manish Tiwari,Wallet,22570.84,22038.16,22038.16,2026-03-08 14:15:00,2026-03-09 14:15:00,MATCHED
TXN_RZP_100232,ORD_INV_200232,UTR_HDFC_800232,Meera Nambiar,Credit Card,20940.34,20446.14,20446.14,2026-03-08 15:00:00,2026-03-09 15:00:00,MATCHED
TXN_RZP_100233,ORD_INV_200233,UTR_HDFC_800233,Aditya Joshi,NetBanking,30124.44,29413.5,29413.5,2026-03-08 15:45:00,2026-03-09 15:45:00,MATCHED
TXN_RZP_100234,ORD_INV_200234,UTR_HDFC_800234,Varun Dhawan,Debit Card,3647.93,3561.84,3561.84,2026-03-08 16:30:00,2026-03-09 16:30:00,MATCHED
TXN_RZP_100235,ORD_INV_200235,UTR_HDFC_800235,Neha Gupta,Wallet,28878.61,28197.08,0.0,2026-03-08 17:15:00,,EXCEPTION
TXN_RZP_100236,ORD_INV_200236,UTR_HDFC_800236,Rhea Kapoor,Debit Card,38092.82,37193.83,37193.83,2026-03-08 18:00:00,2026-03-09 18:00:00,MATCHED
TXN_RZP_100237,ORD_INV_200237,UTR_HDFC_800237,Siddharth Nair,NetBanking,5112.07,4991.43,4991.43,2026-03-08 18:45:00,2026-03-09 18:45:00,MATCHED
TXN_RZP_100238,ORD_INV_200238,UTR_HDFC_800238,Manish Tiwari,Wallet,26015.35,25401.38,25401.38,2026-03-08 19:30:00,2026-03-09 19:30:00,MATCHED
TXN_RZP_100239,ORD_INV_200239,UTR_HDFC_800239,Pooja Mehta,UPI,12605.55,12308.06,12308.06,2026-03-08 20:15:00,2026-03-09 20:15:00,MATCHED
TXN_RZP_100240,ORD_INV_200240,UTR_HDFC_800240,Meera Nambiar,UPI,37536.26,36650.4,36650.4,2026-03-08 21:00:00,2026-03-09 21:00:00,MATCHED
TXN_RZP_100241,ORD_INV_200241,UTR_HDFC_800241,Pooja Mehta,Credit Card,10128.55,9889.52,9889.52,2026-03-08 21:45:00,2026-03-09 21:45:00,MATCHED
TXN_RZP_100242,ORD_INV_200242,UTR_HDFC_800242,Siddharth Nair,Wallet,30612.18,29889.74,29889.74,2026-03-08 22:30:00,2026-03-09 22:30:00,MATCHED
TXN_RZP_100243,ORD_INV_200243,UTR_HDFC_800243,Rohit Verma,UPI,14143.85,13810.05,13810.05,2026-03-08 23:15:00,2026-03-09 23:15:00,MATCHED
TXN_RZP_100244,ORD_INV_200244,UTR_HDFC_800244,Varun Dhawan,UPI,33049.86,32269.88,32269.88,2026-03-09 00:00:00,2026-03-10 00:00:00,MATCHED
TXN_RZP_100245,ORD_INV_200245,UTR_HDFC_800245,Vikram Malhotra,Debit Card,33725.02,32929.11,32929.11,2026-03-09 00:45:00,2026-03-10 00:45:00,MATCHED
TXN_RZP_100246,ORD_INV_200246,UTR_HDFC_800246,Deepika Sen,Credit Card,35467.8,34630.76,34630.76,2026-03-09 01:30:00,2026-03-10 01:30:00,MATCHED
TXN_RZP_100247,ORD_INV_200247,UTR_HDFC_800247,Neha Gupta,Wallet,37430.6,36547.24,36547.24,2026-03-09 02:15:00,2026-03-10 02:15:00,MATCHED
TXN_RZP_100248,ORD_INV_200248,UTR_HDFC_800248,Aditya Joshi,NetBanking,33683.88,32888.94,32888.94,2026-03-09 03:00:00,2026-03-10 03:00:00,MATCHED
TXN_RZP_100249,ORD_INV_200249,UTR_HDFC_800249,Karan Singhania,UPI,43343.19,42320.3,42320.3,2026-03-09 03:45:00,2026-03-10 03:45:00,MATCHED
TXN_RZP_100250,ORD_INV_200250,UTR_HDFC_800250,Rohit Verma,Credit Card,43538.59,42511.08,42511.08,2026-03-09 04:30:00,2026-03-10 04:30:00,MATCHED
TXN_RZP_100251,ORD_INV_200251,UTR_HDFC_800251,Nikhil Chopra,Debit Card,35653.95,34812.52,34812.52,2026-03-09 05:15:00,2026-03-10 05:15:00,MATCHED
TXN_RZP_100252,ORD_INV_200252,UTR_HDFC_800252,Aarav Sharma,Debit Card,20656.2,20168.72,20168.72,2026-03-09 06:00:00,2026-03-10 06:00:00,MATCHED
TXN_RZP_100253,ORD_INV_200253,UTR_HDFC_800253,Aditya Joshi,Wallet,37070.93,36196.05,36196.05,2026-03-09 06:45:00,2026-03-10 06:45:00,MATCHED
TXN_RZP_100254,ORD_INV_200254,UTR_HDFC_800254,Neha Gupta,UPI,21401.44,20896.36,20896.36,2026-03-09 07:30:00,2026-03-10 07:30:00,MATCHED
TXN_RZP_100255,ORD_INV_200255,UTR_HDFC_800255,Rahul Dravid,Wallet,41216.18,40243.48,40243.48,2026-03-09 08:15:00,2026-03-10 08:15:00,MATCHED
TXN_RZP_100256,ORD_INV_200256,UTR_HDFC_800256,Sneha Kulkarni,UPI,40954.16,39987.65,39987.65,2026-03-09 09:00:00,2026-03-10 09:00:00,MATCHED
TXN_RZP_100257,ORD_INV_200257,UTR_HDFC_800257,Pooja Mehta,NetBanking,6591.04,6435.49,6435.49,2026-03-09 09:45:00,2026-03-10 09:45:00,MATCHED
TXN_RZP_100258,ORD_INV_200258,UTR_HDFC_800258,Priya Patel,Debit Card,5534.78,5404.15,5004.15,2026-03-09 10:30:00,2026-03-10 10:30:00,EXCEPTION
TXN_RZP_100259,ORD_INV_200259,UTR_HDFC_800259,Sneha Kulkarni,Wallet,17703.04,17285.25,17285.25,2026-03-09 11:15:00,2026-03-10 11:15:00,MATCHED
TXN_RZP_100260,ORD_INV_200260,UTR_HDFC_800260,Neha Gupta,Wallet,26574.75,25947.58,25947.58,2026-03-09 12:00:00,2026-03-10 12:00:00,MATCHED
TXN_RZP_100261,ORD_INV_200261,UTR_HDFC_800261,Rohit Verma,NetBanking,37574.4,36687.64,36687.64,2026-03-09 12:45:00,2026-03-10 12:45:00,MATCHED
TXN_RZP_100262,ORD_INV_200262,UTR_HDFC_800262,Rahul Dravid,NetBanking,1810.78,1768.04,1768.04,2026-03-09 13:30:00,2026-03-10 13:30:00,MATCHED
TXN_RZP_100263,ORD_INV_200263,UTR_HDFC_800263,Neha Gupta,Credit Card,20205.67,19728.82,19728.82,2026-03-09 14:15:00,2026-03-10 14:15:00,MATCHED
TXN_RZP_100264,ORD_INV_200264,UTR_HDFC_800264,Sneha Kulkarni,Debit Card,44148.42,43106.52,43106.52,2026-03-09 15:00:00,2026-03-10 15:00:00,MATCHED
TXN_RZP_100265,ORD_INV_200265,UTR_HDFC_800265,Neha Gupta,Wallet,3053.56,2981.5,2981.5,2026-03-09 15:45:00,2026-03-10 15:45:00,MATCHED
TXN_RZP_100266,ORD_INV_200266,UTR_HDFC_800266,Aditya Joshi,Credit Card,42723.33,41715.06,41715.06,2026-03-09 16:30:00,2026-03-10 16:30:00,MATCHED
TXN_RZP_100267,ORD_INV_200267,UTR_HDFC_800267,Varun Dhawan,UPI,29002.1,28317.65,28317.65,2026-03-09 17:15:00,2026-03-10 17:15:00,MATCHED
TXN_RZP_100268,ORD_INV_200268,UTR_HDFC_800268,Rahul Dravid,UPI,35480.38,34643.04,34643.04,2026-03-09 18:00:00,2026-03-10 18:00:00,MATCHED
TXN_RZP_100269,ORD_INV_200269,UTR_HDFC_800269,Sneha Kulkarni,Credit Card,3413.44,3332.88,3332.88,2026-03-09 18:45:00,2026-03-10 18:45:00,MATCHED
TXN_RZP_100270,ORD_INV_200270,UTR_HDFC_800270,Nikhil Chopra,Credit Card,36652.82,35787.81,35787.81,2026-03-09 19:30:00,2026-03-10 19:30:00,MATCHED
TXN_RZP_100271,ORD_INV_200271,UTR_HDFC_800271,Sneha Kulkarni,Debit Card,35562.94,34723.65,34723.65,2026-03-09 20:15:00,2026-03-10 20:15:00,MATCHED
TXN_RZP_100272,ORD_INV_200272,UTR_HDFC_800272,Rahul Dravid,UPI,38677.83,37765.03,37765.03,2026-03-09 21:00:00,2026-03-10 21:00:00,MATCHED
TXN_RZP_100273,ORD_INV_200273,UTR_HDFC_800273,Rohit Verma,Credit Card,36003.64,35153.96,35153.96,2026-03-09 21:45:00,2026-03-10 21:45:00,MATCHED
TXN_RZP_100274,ORD_INV_200274,UNKNOWN,Ananya Rao,UPI,1013.51,989.59,0.0,2026-03-09 22:30:00,,EXCEPTION
TXN_RZP_100275,ORD_INV_200275,UTR_HDFC_800275,Sneha Kulkarni,Wallet,1054.63,1029.74,1029.74,2026-03-09 23:15:00,2026-03-10 23:15:00,MATCHED
TXN_RZP_100276,ORD_INV_200276,UTR_HDFC_800276,Aditya Joshi,UPI,33467.71,32677.88,32677.88,2026-03-10 00:00:00,2026-03-11 00:00:00,MATCHED
TXN_RZP_100277,ORD_INV_200277,UTR_HDFC_800277,Tanvi Deshmukh,UPI,21614.38,21104.28,21104.28,2026-03-10 00:45:00,2026-03-11 00:45:00,MATCHED
TXN_RZP_100278,ORD_INV_200278,UTR_HDFC_800278,Neha Gupta,Wallet,20532.04,20047.48,20047.48,2026-03-10 01:30:00,2026-03-11 01:30:00,MATCHED
TXN_RZP_100279,ORD_INV_200279,UTR_HDFC_800279,Sneha Kulkarni,Wallet,32821.4,32046.81,31465.87,2026-03-10 02:15:00,2026-03-11 02:15:00,EXCEPTION
TXN_RZP_100280,ORD_INV_200280,UTR_HDFC_800280,Tanvi Deshmukh,Debit Card,29075.16,28388.99,28388.99,2026-03-10 03:00:00,2026-03-11 03:00:00,MATCHED
TXN_RZP_100281,ORD_INV_200281,UTR_HDFC_800281,Aarav Sharma,UPI,38181.88,37280.78,37280.78,2026-03-10 03:45:00,2026-03-11 03:45:00,MATCHED
TXN_RZP_100282,ORD_INV_200282,UTR_HDFC_800282,Rhea Kapoor,UPI,32158.72,31399.78,31399.78,2026-03-10 04:30:00,2026-03-11 04:30:00,MATCHED
TXN_RZP_100283,ORD_INV_200283,UTR_HDFC_800283,Varun Dhawan,UPI,14732.29,14384.6,14384.6,2026-03-10 05:15:00,2026-03-11 05:15:00,MATCHED
TXN_RZP_100284,ORD_INV_200284,UTR_HDFC_800284,Rohit Verma,UPI,12629.46,12331.4,12331.4,2026-03-10 06:00:00,2026-03-11 06:00:00,MATCHED
TXN_RZP_100285,ORD_INV_200285,UTR_HDFC_800285,Meera Nambiar,Wallet,17357.38,16947.74,16947.74,2026-03-10 06:45:00,2026-03-11 06:45:00,MATCHED
TXN_RZP_100286,ORD_INV_200286,UTR_HDFC_800286,Rahul Dravid,Wallet,20608.39,20122.03,20122.03,2026-03-10 07:30:00,2026-03-11 07:30:00,MATCHED
TXN_RZP_100287,ORD_INV_200287,UTR_HDFC_800287,Rahul Dravid,NetBanking,35761.74,34917.77,34905.27,2026-03-10 08:15:00,2026-03-11 08:15:00,EXCEPTION
TXN_RZP_100288,ORD_INV_200288,UTR_HDFC_800288,Ananya Rao,Wallet,19552.62,19091.18,19091.18,2026-03-10 09:00:00,2026-03-11 09:00:00,MATCHED
TXN_RZP_100289,ORD_INV_200289,UTR_HDFC_800289,Sneha Kulkarni,NetBanking,37294.27,36414.12,36414.12,2026-03-10 09:45:00,2026-03-11 09:45:00,MATCHED
TXN_RZP_100290,ORD_INV_200290,UTR_HDFC_800290,Manish Tiwari,NetBanking,14305.28,13967.67,13967.67,2026-03-10 10:30:00,2026-03-11 10:30:00,MATCHED
TXN_RZP_100291,ORD_INV_200291,UTR_HDFC_800291,Karan Singhania,Debit Card,42927.91,41914.81,41914.81,2026-03-10 11:15:00,2026-03-11 11:15:00,MATCHED
TXN_RZP_100292,ORD_INV_200292,UTR_HDFC_800292,Ishaan Khatter,UPI,37488.61,36603.88,36603.88,2026-03-10 12:00:00,2026-03-11 12:00:00,MATCHED
TXN_RZP_100293,ORD_INV_200293,UTR_HDFC_800293,Vikram Malhotra,NetBanking,33595.9,32803.03,32803.03,2026-03-10 12:45:00,2026-03-11 12:45:00,MATCHED
TXN_RZP_100294,ORD_INV_200294,UTR_HDFC_800294,Neha Gupta,Credit Card,26535.67,25909.43,25909.43,2026-03-10 13:30:00,2026-03-11 13:30:00,MATCHED
TXN_RZP_100295,ORD_INV_200295,UTR_HDFC_800295,Nikhil Chopra,Wallet,30266.09,29551.81,29551.81,2026-03-10 14:15:00,2026-03-11 14:15:00,MATCHED
TXN_RZP_100296,ORD_INV_200296,UTR_HDFC_800296,Rhea Kapoor,Debit Card,39110.31,38187.3,38187.3,2026-03-10 15:00:00,2026-03-11 15:00:00,MATCHED
TXN_RZP_100297,ORD_INV_200297,UTR_HDFC_800297,Priya Patel,Debit Card,16051.0,15672.2,15672.2,2026-03-10 15:45:00,2026-03-11 15:45:00,MATCHED
TXN_RZP_100298,ORD_INV_200298,UTR_HDFC_800298,Meera Nambiar,Wallet,7258.7,7087.4,7087.4,2026-03-10 16:30:00,2026-03-11 16:30:00,MATCHED
TXN_RZP_100299,ORD_INV_200299,UTR_HDFC_800299,Ishaan Khatter,Credit Card,15982.59,15605.4,15605.4,2026-03-10 17:15:00,2026-03-11 17:15:00,MATCHED
TXN_RZP_100300,ORD_INV_200300,UTR_HDFC_800300,Nikhil Chopra,Debit Card,34400.34,33588.49,33588.49,2026-03-10 18:00:00,2026-03-11 18:00:00,MATCHED
TXN_RZP_100301,ORD_INV_200301,UTR_HDFC_800301,Meera Nambiar,Credit Card,38086.18,37187.35,37137.35,2026-03-10 18:45:00,2026-03-11 18:45:00,EXCEPTION
TXN_RZP_100302,ORD_INV_200302,UTR_HDFC_800302,Rahul Dravid,Wallet,27541.62,26891.64,26891.64,2026-03-10 19:30:00,2026-03-11 19:30:00,MATCHED
TXN_RZP_100303,ORD_INV_200303,UTR_HDFC_800303,Aditya Joshi,UPI,12551.52,12255.3,12255.3,2026-03-10 20:15:00,2026-03-11 20:15:00,MATCHED
TXN_RZP_100304,ORD_INV_200304,UTR_HDFC_800304,Pooja Mehta,Debit Card,622.62,607.93,607.93,2026-03-10 21:00:00,2026-03-11 21:00:00,MATCHED
TXN_RZP_100305,ORD_INV_200305,UTR_HDFC_800305,Rohit Verma,Wallet,3456.99,3375.4,3375.4,2026-03-10 21:45:00,2026-03-11 21:45:00,MATCHED
TXN_RZP_100306,ORD_INV_200306,UTR_HDFC_800306,Aarav Sharma,UPI,17147.08,16742.41,16742.41,2026-03-10 22:30:00,2026-03-11 22:30:00,MATCHED
TXN_RZP_100307,ORD_INV_200307,UTR_HDFC_800307,Varun Dhawan,Debit Card,16872.87,16474.67,16474.67,2026-03-10 23:15:00,2026-03-11 23:15:00,MATCHED
TXN_RZP_100308,ORD_INV_200308,UTR_HDFC_800308,Karan Singhania,Wallet,39791.23,38852.16,19426.08,2026-03-11 00:00:00,2026-03-12 00:00:00,EXCEPTION
TXN_RZP_100309,ORD_INV_200309,UTR_HDFC_800309,Rohit Verma,Credit Card,30442.7,29724.26,29725.01,2026-03-11 00:45:00,2026-03-12 00:45:00,EXCEPTION
TXN_RZP_100310,ORD_INV_200310,UTR_HDFC_800310,Aditya Joshi,NetBanking,22034.8,21514.77,21514.77,2026-03-11 01:30:00,2026-03-12 01:30:00,MATCHED
TXN_RZP_100311,ORD_INV_200311,UTR_HDFC_800311,Varun Dhawan,NetBanking,9975.15,9739.74,9739.74,2026-03-11 02:15:00,2026-03-12 02:15:00,MATCHED
TXN_RZP_100312,ORD_INV_200312,UTR_HDFC_800312,Tanvi Deshmukh,UPI,19545.64,19084.37,19084.37,2026-03-11 03:00:00,2026-03-12 03:00:00,MATCHED
TXN_RZP_100313,ORD_INV_200313,UTR_HDFC_800313,Pooja Mehta,Wallet,23877.61,23314.1,23314.1,2026-03-11 03:45:00,2026-03-12 03:45:00,MATCHED
TXN_RZP_100314,ORD_INV_200314,UTR_HDFC_800314,Pooja Mehta,UPI,17998.51,17573.75,17573.75,2026-03-11 04:30:00,2026-03-12 04:30:00,MATCHED
TXN_RZP_100315,ORD_INV_200315,UTR_HDFC_800315,Rahul Dravid,UPI,9477.49,9253.82,9253.82,2026-03-11 05:15:00,2026-03-12 05:15:00,MATCHED
TXN_RZP_100316,ORD_INV_200316,UTR_HDFC_800316,Siddharth Nair,Credit Card,13273.81,12960.54,12960.54,2026-03-11 06:00:00,2026-03-12 06:00:00,MATCHED
TXN_RZP_100317,ORD_INV_200317,UTR_HDFC_800317,Ananya Rao,UPI,33704.18,32908.77,32908.77,2026-03-11 06:45:00,2026-03-12 06:45:00,MATCHED
TXN_RZP_100318,ORD_INV_200318,UTR_HDFC_800318,Deepika Sen,Credit Card,24129.8,23560.33,23560.33,2026-03-11 07:30:00,2026-03-12 07:30:00,MATCHED
TXN_RZP_100319,ORD_INV_200319,UTR_HDFC_800319,Sneha Kulkarni,Wallet,3568.17,3483.97,3483.97,2026-03-11 08:15:00,2026-03-12 08:15:00,MATCHED
TXN_RZP_100320,ORD_INV_200320,UTR_HDFC_800320,Priya Patel,NetBanking,20878.03,20385.31,20385.31,2026-03-11 09:00:00,2026-03-12 09:00:00,MATCHED
TXN_RZP_100321,ORD_INV_200321,UTR_HDFC_800321,Vikram Malhotra,Debit Card,25952.3,25339.82,25339.82,2026-03-11 09:45:00,2026-03-12 09:45:00,MATCHED
TXN_RZP_100322,ORD_INV_200322,UTR_HDFC_800322,Rhea Kapoor,Debit Card,18434.69,17999.64,17999.64,2026-03-11 10:30:00,2026-03-12 10:30:00,MATCHED
TXN_RZP_100323,ORD_INV_200323,UTR_HDFC_800323,Karan Singhania,Credit Card,37499.96,36614.96,36614.96,2026-03-11 11:15:00,2026-03-12 11:15:00,MATCHED
TXN_RZP_100324,ORD_INV_200324,UTR_HDFC_800324,Neha Gupta,UPI,38056.23,37158.11,37158.11,2026-03-11 12:00:00,2026-03-12 12:00:00,MATCHED
TXN_RZP_100325,ORD_INV_200325,UTR_HDFC_800325,Sneha Kulkarni,NetBanking,23744.93,23184.55,23184.55,2026-03-11 12:45:00,2026-03-12 12:45:00,MATCHED
TXN_RZP_100326,ORD_INV_200326,UTR_HDFC_800326,Manish Tiwari,Debit Card,10243.19,10001.46,10001.46,2026-03-11 13:30:00,2026-03-12 13:30:00,MATCHED
TXN_RZP_100327,ORD_INV_200327,UTR_HDFC_800327,Deepika Sen,UPI,24041.51,23474.13,23474.13,2026-03-11 14:15:00,2026-03-12 14:15:00,EXCEPTION
TXN_RZP_100328,ORD_INV_200328,UTR_HDFC_800328,Siddharth Nair,Debit Card,32827.48,32052.75,32052.75,2026-03-11 15:00:00,2026-03-12 15:00:00,MATCHED
TXN_RZP_100329,ORD_INV_200329,UTR_HDFC_800329,Rohit Verma,Credit Card,6888.73,6726.16,6726.16,2026-03-11 15:45:00,2026-03-12 15:45:00,MATCHED
TXN_RZP_100330,ORD_INV_200330,UTR_HDFC_800330,Siddharth Nair,Credit Card,34293.61,33484.28,33484.28,2026-03-11 16:30:00,2026-03-12 16:30:00,MATCHED
TXN_RZP_100331,ORD_INV_200331,UTR_HDFC_800331,Vikram Malhotra,Credit Card,21065.5,20568.35,20568.35,2026-03-11 17:15:00,2026-03-12 17:15:00,MATCHED
TXN_RZP_100332,ORD_INV_200332,UTR_HDFC_800332,Meera Nambiar,Wallet,30762.61,30036.61,30036.61,2026-03-11 18:00:00,2026-03-12 18:00:00,MATCHED
TXN_RZP_100333,ORD_INV_200333,UTR_HDFC_800333,Meera Nambiar,Wallet,38938.62,38019.67,38019.67,2026-03-11 18:45:00,2026-03-12 18:45:00,MATCHED
TXN_RZP_100334,ORD_INV_200334,UTR_HDFC_800334,Karan Singhania,Credit Card,3398.98,3318.76,3318.76,2026-03-11 19:30:00,2026-03-12 19:30:00,MATCHED
TXN_RZP_100335,ORD_INV_200335,UTR_HDFC_800335,Varun Dhawan,Debit Card,26756.89,26125.42,26125.42,2026-03-11 20:15:00,2026-03-12 20:15:00,MATCHED
TXN_RZP_100336,ORD_INV_200336,UTR_HDFC_800336,Neha Gupta,Wallet,14209.71,13874.37,13874.37,2026-03-11 21:00:00,2026-03-12 21:00:00,MATCHED
TXN_RZP_100337,ORD_INV_200337,UTR_HDFC_800337,Varun Dhawan,UPI,16814.13,16417.32,16417.32,2026-03-11 21:45:00,2026-03-12 21:45:00,MATCHED
TXN_RZP_100338,ORD_INV_200338,UTR_HDFC_800338,Pooja Mehta,UPI,27810.12,27153.8,27153.8,2026-03-11 22:30:00,2026-03-12 22:30:00,MATCHED
TXN_RZP_100339,ORD_INV_200339,UTR_HDFC_800339,Tanvi Deshmukh,NetBanking,26261.71,25641.94,25641.94,2026-03-11 23:15:00,2026-03-12 23:15:00,MATCHED
TXN_RZP_100340,ORD_INV_200340,UTR_HDFC_800340,Priya Patel,NetBanking,14706.17,14359.11,14359.11,2026-03-12 00:00:00,2026-03-13 00:00:00,MATCHED
TXN_RZP_100341,ORD_INV_200341,UTR_HDFC_800341,Ishaan Khatter,Wallet,43112.3,42094.84,42094.84,2026-03-12 00:45:00,2026-03-13 00:45:00,MATCHED
TXN_RZP_100342,ORD_INV_200342,UTR_HDFC_800342,Varun Dhawan,UPI,44213.52,43170.08,43170.08,2026-03-12 01:30:00,2026-03-13 01:30:00,MATCHED
TXN_RZP_100343,ORD_INV_200343,UTR_HDFC_800343,Vikram Malhotra,Wallet,2097.7,2048.2,2048.2,2026-03-12 02:15:00,2026-03-13 02:15:00,MATCHED
TXN_RZP_100344,ORD_INV_200344,UTR_HDFC_800344,Varun Dhawan,NetBanking,16598.04,16206.33,16206.33,2026-03-12 03:00:00,2026-03-13 03:00:00,MATCHED
TXN_RZP_100345,ORD_INV_200345,UTR_HDFC_800345,Pooja Mehta,NetBanking,34929.85,34105.5,34105.5,2026-03-12 03:45:00,2026-03-13 03:45:00,MATCHED
TXN_RZP_100346,ORD_INV_200346,UTR_HDFC_800346,Rahul Dravid,UPI,3292.96,3215.25,3215.25,2026-03-12 04:30:00,2026-03-13 04:30:00,MATCHED
TXN_RZP_100347,ORD_INV_200347,UTR_HDFC_800347,Ananya Rao,Wallet,13037.16,12729.49,12729.49,2026-03-12 05:15:00,2026-03-13 05:15:00,MATCHED
TXN_RZP_100348,ORD_INV_200348,UTR_HDFC_800348,Rahul Dravid,Credit Card,3989.06,3894.92,3894.92,2026-03-12 06:00:00,2026-03-13 06:00:00,MATCHED
TXN_RZP_100349,ORD_INV_200349,UTR_HDFC_800349,Rohit Verma,Debit Card,43557.65,42529.69,42529.69,2026-03-12 06:45:00,2026-03-13 06:45:00,MATCHED
TXN_RZP_100350,ORD_INV_200350,UTR_HDFC_800350,Manish Tiwari,Credit Card,14172.83,13838.35,13838.35,2026-03-12 07:30:00,2026-03-13 07:30:00,MATCHED
TXN_RZP_100351,ORD_INV_200351,UTR_HDFC_800351,Manish Tiwari,Debit Card,30270.7,29556.32,29556.32,2026-03-12 08:15:00,2026-03-13 08:15:00,MATCHED
TXN_RZP_100352,ORD_INV_200352,UTR_HDFC_800352,Tanvi Deshmukh,UPI,23054.01,22509.94,22509.94,2026-03-12 09:00:00,2026-03-13 09:00:00,MATCHED
TXN_RZP_100353,ORD_INV_200353,UTR_HDFC_800353,Aarav Sharma,Debit Card,8398.74,8200.54,8200.54,2026-03-12 09:45:00,2026-03-13 09:45:00,MATCHED
TXN_RZP_100354,ORD_INV_200354,UTR_HDFC_800354,Siddharth Nair,Debit Card,8923.03,8712.45,8712.45,2026-03-12 10:30:00,2026-03-13 10:30:00,MATCHED
TXN_RZP_100355,ORD_INV_200355,UTR_HDFC_800355,Rohit Verma,Credit Card,13557.12,13237.17,13237.17,2026-03-12 11:15:00,2026-03-13 11:15:00,MATCHED
TXN_RZP_100356,ORD_INV_200356,UTR_HDFC_800356,Ananya Rao,Wallet,29905.14,29199.38,29199.38,2026-03-12 12:00:00,2026-03-13 12:00:00,MATCHED
TXN_RZP_100357,ORD_INV_200357,UTR_HDFC_800357,Rahul Dravid,Credit Card,7237.39,7066.58,7066.58,2026-03-12 12:45:00,2026-03-13 12:45:00,MATCHED
TXN_RZP_100358,ORD_INV_200358,UTR_HDFC_800358,Deepika Sen,Wallet,32550.82,31782.62,31782.62,2026-03-12 13:30:00,2026-03-13 13:30:00,MATCHED
TXN_RZP_100359,ORD_INV_200359,UTR_HDFC_800359,Priya Patel,NetBanking,30549.6,29828.63,29478.63,2026-03-12 14:15:00,2026-03-13 14:15:00,EXCEPTION
TXN_RZP_100360,ORD_INV_200360,UTR_HDFC_800360,Sneha Kulkarni,NetBanking,33944.27,33143.18,33143.18,2026-03-12 15:00:00,2026-03-13 15:00:00,MATCHED
TXN_RZP_100361,ORD_INV_200361,UTR_HDFC_800361,Varun Dhawan,Credit Card,14167.74,13833.39,13833.39,2026-03-12 15:45:00,2026-03-13 15:45:00,MATCHED
TXN_RZP_100362,ORD_INV_200362,UTR_HDFC_800362,Ishaan Khatter,Credit Card,30636.4,29913.38,29913.38,2026-03-12 16:30:00,2026-03-13 16:30:00,MATCHED
TXN_RZP_100363,ORD_INV_200363,UTR_HDFC_800363,Meera Nambiar,NetBanking,34705.43,33886.38,33886.38,2026-03-12 17:15:00,2026-03-13 17:15:00,MATCHED
TXN_RZP_100364,ORD_INV_200364,UTR_HDFC_800364,Manish Tiwari,Wallet,43493.87,42467.41,42467.41,2026-03-12 18:00:00,2026-03-13 18:00:00,MATCHED
TXN_RZP_100365,ORD_INV_200365,UTR_HDFC_800365,Siddharth Nair,Wallet,39329.54,38401.36,38401.36,2026-03-12 18:45:00,2026-03-13 18:45:00,MATCHED
TXN_RZP_100366,ORD_INV_200366,UTR_HDFC_800366,Priya Patel,NetBanking,25110.24,24517.64,24517.64,2026-03-12 19:30:00,2026-03-13 19:30:00,MATCHED
TXN_RZP_100367,ORD_INV_200367,UTR_HDFC_800367,Ananya Rao,Wallet,13078.06,12769.42,12769.42,2026-03-12 20:15:00,2026-03-13 20:15:00,MATCHED
TXN_RZP_100368,ORD_INV_200368,UTR_HDFC_800368,Deepika Sen,Debit Card,40771.92,39809.7,39809.7,2026-03-12 21:00:00,2026-03-13 21:00:00,MATCHED
TXN_RZP_100369,ORD_INV_200369,UTR_HDFC_800369,Rohit Verma,NetBanking,42607.35,41601.81,41601.81,2026-03-12 21:45:00,2026-03-13 21:45:00,MATCHED
TXN_RZP_100370,ORD_INV_200370,UTR_HDFC_800370,Sneha Kulkarni,NetBanking,41895.57,40906.84,40906.84,2026-03-12 22:30:00,2026-03-13 22:30:00,MATCHED
TXN_RZP_100371,ORD_INV_200371,UTR_HDFC_800371,Rhea Kapoor,UPI,22764.62,22227.38,22227.38,2026-03-12 23:15:00,2026-03-13 23:15:00,MATCHED
TXN_RZP_100372,ORD_INV_200372,UTR_HDFC_800372,Sneha Kulkarni,NetBanking,17089.85,16686.53,16686.53,2026-03-13 00:00:00,2026-03-14 00:00:00,MATCHED
TXN_RZP_100373,ORD_INV_200373,UTR_HDFC_800373,Aarav Sharma,Debit Card,37819.22,36926.69,0.0,2026-03-13 00:45:00,,EXCEPTION
TXN_RZP_100374,ORD_INV_200374,UTR_HDFC_800374,Karan Singhania,Credit Card,2060.24,2011.62,2011.62,2026-03-13 01:30:00,2026-03-14 01:30:00,MATCHED
TXN_RZP_100375,ORD_INV_200375,UTR_HDFC_800375,Ishaan Khatter,Credit Card,20380.06,19899.09,19899.09,2026-03-13 02:15:00,2026-03-14 02:15:00,MATCHED
TXN_RZP_100376,ORD_INV_200376,UTR_HDFC_800376,Aarav Sharma,UPI,11777.0,11499.06,11499.06,2026-03-13 03:00:00,2026-03-14 03:00:00,MATCHED
TXN_RZP_100377,ORD_INV_200377,UTR_HDFC_800377,Rohit Verma,Wallet,5314.49,5189.07,5189.07,2026-03-13 03:45:00,2026-03-14 03:45:00,MATCHED
TXN_RZP_100378,ORD_INV_200378,UTR_HDFC_800378,Pooja Mehta,Credit Card,5790.53,5653.87,5653.87,2026-03-13 04:30:00,2026-03-14 04:30:00,MATCHED
TXN_RZP_100379,ORD_INV_200379,UTR_HDFC_800379,Sneha Kulkarni,NetBanking,5000.0,4882.0,4882.0,2026-03-13 05:15:00,2026-03-14 05:15:00,MATCHED
TXN_RZP_100380,ORD_INV_200380,UTR_HDFC_800380,Ishaan Khatter,Wallet,28566.79,27892.61,27892.61,2026-03-13 06:00:00,2026-03-14 06:00:00,MATCHED
TXN_RZP_100381,ORD_INV_200381,UTR_HDFC_800381,Meera Nambiar,Credit Card,13355.29,13040.1,13040.1,2026-03-13 06:45:00,2026-03-14 06:45:00,MATCHED
TXN_RZP_100382,ORD_INV_200382,UTR_HDFC_800382,Aarav Sharma,Wallet,11091.19,10829.44,10829.44,2026-03-13 07:30:00,2026-03-14 07:30:00,MATCHED
TXN_RZP_100383,ORD_INV_200383,UTR_HDFC_800383,Rhea Kapoor,Credit Card,23723.59,23163.72,23163.72,2026-03-13 08:15:00,2026-03-14 08:15:00,MATCHED
TXN_RZP_100384,ORD_INV_200384,UTR_HDFC_800384,Neha Gupta,UPI,17783.76,17364.06,17364.06,2026-03-13 09:00:00,2026-03-14 09:00:00,MATCHED
TXN_RZP_100385,ORD_INV_200385,UTR_HDFC_800385,Ishaan Khatter,UPI,44153.41,43111.39,43111.39,2026-03-13 09:45:00,2026-03-14 09:45:00,MATCHED
TXN_RZP_100386,ORD_INV_200386,UTR_HDFC_800386,Aditya Joshi,UPI,35557.42,34718.26,34718.26,2026-03-13 10:30:00,2026-03-14 10:30:00,MATCHED
TXN_RZP_100387,ORD_INV_200387,UTR_HDFC_800387,Neha Gupta,Credit Card,34797.54,33976.32,33976.32,2026-03-13 11:15:00,2026-03-14 11:15:00,MATCHED
TXN_RZP_100388,ORD_INV_200388,UNKNOWN,Karan Singhania,Credit Card,16080.15,15700.66,15580.66,2026-03-13 12:00:00,2026-03-14 12:00:00,EXCEPTION
TXN_RZP_100389,ORD_INV_200389,UTR_HDFC_800389,Karan Singhania,Credit Card,44143.58,43101.79,43101.79,2026-03-13 12:45:00,2026-03-14 12:45:00,MATCHED
TXN_RZP_100390,ORD_INV_200390,UTR_HDFC_800390,Ishaan Khatter,Credit Card,3167.44,3092.69,3092.69,2026-03-13 13:30:00,2026-03-14 13:30:00,MATCHED
TXN_RZP_100391,ORD_INV_200391,UTR_HDFC_800391,Varun Dhawan,UPI,9351.04,9130.36,9130.36,2026-03-13 14:15:00,2026-03-14 14:15:00,MATCHED
TXN_RZP_100392,ORD_INV_200392,UTR_HDFC_800392,Siddharth Nair,UPI,42025.01,41033.22,41033.22,2026-03-13 15:00:00,2026-03-14 15:00:00,MATCHED
TXN_RZP_100393,ORD_INV_200393,UTR_HDFC_800393,Tanvi Deshmukh,NetBanking,11660.46,11385.27,11385.27,2026-03-13 15:45:00,2026-03-14 15:45:00,MATCHED
TXN_RZP_100394,ORD_INV_200394,UTR_HDFC_800394,Siddharth Nair,Debit Card,38844.49,37927.76,37927.76,2026-03-13 16:30:00,2026-03-14 16:30:00,MATCHED
TXN_RZP_100395,ORD_INV_200395,UTR_HDFC_800395,Priya Patel,Debit Card,5907.81,5768.38,5768.38,2026-03-13 17:15:00,2026-03-14 17:15:00,MATCHED
TXN_RZP_100396,ORD_INV_200396,UTR_HDFC_800396,Neha Gupta,NetBanking,33538.69,32747.18,32747.18,2026-03-13 18:00:00,2026-03-14 18:00:00,MATCHED
TXN_RZP_100397,ORD_INV_200397,UTR_HDFC_800397,Manish Tiwari,Debit Card,22505.47,21974.34,21974.34,2026-03-13 18:45:00,2026-03-14 18:45:00,MATCHED
TXN_RZP_100398,ORD_INV_200398,UTR_HDFC_800398,Ishaan Khatter,Debit Card,36121.26,35268.79,35268.79,2026-03-13 19:30:00,2026-03-14 19:30:00,MATCHED
TXN_RZP_100399,ORD_INV_200399,UTR_HDFC_800399,Rhea Kapoor,UPI,27249.54,26606.45,26606.45,2026-03-13 20:15:00,2026-03-14 20:15:00,MATCHED
TXN_RZP_100400,ORD_INV_200400,UTR_HDFC_800400,Deepika Sen,Wallet,14692.09,14345.36,14345.36,2026-03-13 21:00:00,2026-03-14 21:00:00,MATCHED
TXN_RZP_100401,ORD_INV_200401,UTR_HDFC_800401,Vikram Malhotra,Debit Card,14035.04,13703.81,13703.81,2026-03-13 21:45:00,2026-03-14 21:45:00,MATCHED
TXN_RZP_100402,ORD_INV_200402,UTR_HDFC_800402,Rahul Dravid,NetBanking,31148.0,30412.91,30412.91,2026-03-13 22:30:00,2026-03-14 22:30:00,MATCHED
TXN_RZP_100403,ORD_INV_200403,UTR_HDFC_800403,Neha Gupta,NetBanking,32802.26,32028.12,32028.12,2026-03-13 23:15:00,2026-03-14 23:15:00,MATCHED
TXN_RZP_100404,ORD_INV_200404,UTR_HDFC_800404,Neha Gupta,Wallet,12608.9,12311.33,12311.33,2026-03-14 00:00:00,2026-03-15 00:00:00,MATCHED
TXN_RZP_100405,ORD_INV_200405,UTR_HDFC_800405,Priya Patel,UPI,16571.84,16180.74,16180.74,2026-03-14 00:45:00,2026-03-15 00:45:00,MATCHED
TXN_RZP_100406,ORD_INV_200406,UTR_HDFC_800406,Deepika Sen,UPI,38243.08,37340.55,37340.55,2026-03-14 01:30:00,2026-03-15 01:30:00,MATCHED
TXN_RZP_100407,ORD_INV_200407,UTR_HDFC_800407,Varun Dhawan,UPI,3351.97,3272.86,3272.86,2026-03-14 02:15:00,2026-03-15 02:15:00,MATCHED
TXN_RZP_100408,ORD_INV_200408,UTR_HDFC_800408,Neha Gupta,Debit Card,42743.71,41734.96,41734.96,2026-03-14 03:00:00,2026-03-15 03:00:00,MATCHED
TXN_RZP_100409,ORD_INV_200409,UTR_HDFC_800409,Priya Patel,Wallet,30670.12,29946.31,29946.31,2026-03-14 03:45:00,2026-03-15 03:45:00,MATCHED
TXN_RZP_100410,ORD_INV_200410,UTR_HDFC_800410,Neha Gupta,Debit Card,34421.72,33609.37,33609.37,2026-03-14 04:30:00,2026-03-15 04:30:00,MATCHED
TXN_RZP_100411,ORD_INV_200411,UTR_HDFC_800411,Meera Nambiar,Credit Card,18122.22,17694.54,17694.54,2026-03-14 05:15:00,2026-03-15 05:15:00,MATCHED
TXN_RZP_100412,ORD_INV_200412,UTR_HDFC_800412,Aditya Joshi,Credit Card,1507.03,1471.46,1471.46,2026-03-14 06:00:00,2026-03-16 06:00:00,MATCHED
TXN_RZP_100413,ORD_INV_200413,UTR_HDFC_800413,Deepika Sen,NetBanking,41139.67,40168.78,40168.78,2026-03-14 06:45:00,2026-03-17 06:45:00,MATCHED
TXN_RZP_100414,ORD_INV_200414,UTR_HDFC_800412,Ananya Rao,Debit Card,31785.29,31035.15,31035.15,2026-03-14 07:30:00,2026-03-15 07:30:00,EXCEPTION
TXN_RZP_100415,ORD_INV_200415,UTR_HDFC_800415,Siddharth Nair,Wallet,31336.24,30596.71,30596.71,2026-03-14 08:15:00,2026-03-15 08:15:00,MATCHED
TXN_RZP_100416,ORD_INV_200416,UTR_HDFC_800416,Ishaan Khatter,Credit Card,6410.27,6258.98,6258.98,2026-03-14 09:00:00,2026-03-15 09:00:00,MATCHED
TXN_RZP_100417,ORD_INV_200417,UTR_HDFC_800417,Vikram Malhotra,NetBanking,40476.02,39520.79,39520.79,2026-03-14 09:45:00,2026-03-15 09:45:00,MATCHED
TXN_RZP_100418,ORD_INV_200418,UTR_HDFC_800418,Varun Dhawan,UPI,30169.05,29457.06,29457.06,2026-03-14 10:30:00,2026-03-15 10:30:00,MATCHED
TXN_RZP_100419,ORD_INV_200419,UTR_HDFC_800419,Vikram Malhotra,Wallet,40147.96,39200.47,39200.47,2026-03-14 11:15:00,2026-03-15 11:15:00,MATCHED
TXN_RZP_100420,ORD_INV_200420,UTR_HDFC_800420,Deepika Sen,Credit Card,23065.94,22521.58,22521.58,2026-03-14 12:00:00,2026-03-15 12:00:00,MATCHED
TXN_RZP_100421,ORD_INV_200421,UTR_HDFC_800421,Ananya Rao,Credit Card,10920.27,10662.55,10662.55,2026-03-14 12:45:00,2026-03-15 12:45:00,MATCHED
TXN_RZP_100422,ORD_INV_200422,UTR_HDFC_800422,Ishaan Khatter,UPI,25087.06,24495.01,24495.01,2026-03-14 13:30:00,2026-03-15 13:30:00,MATCHED
TXN_RZP_100423,ORD_INV_200423,UTR_HDFC_800423,Neha Gupta,NetBanking,27673.49,27020.4,27020.4,2026-03-14 14:15:00,2026-03-15 14:15:00,MATCHED
TXN_RZP_100424,ORD_INV_200424,UTR_HDFC_800424,Vikram Malhotra,UPI,18127.84,17700.02,17700.02,2026-03-14 15:00:00,2026-03-15 15:00:00,MATCHED
TXN_RZP_100425,ORD_INV_200425,UTR_HDFC_800425,Ishaan Khatter,Wallet,34693.2,33874.45,33874.45,2026-03-14 15:45:00,2026-03-15 15:45:00,MATCHED
TXN_RZP_100426,ORD_INV_200426,UTR_HDFC_800426,Meera Nambiar,UPI,43766.76,42733.86,42733.86,2026-03-14 16:30:00,2026-03-15 16:30:00,MATCHED
TXN_RZP_100427,ORD_INV_200427,UTR_HDFC_800427,Vikram Malhotra,NetBanking,30716.87,29991.95,29991.95,2026-03-14 17:15:00,2026-03-15 17:15:00,MATCHED
TXN_RZP_100428,ORD_INV_200428,UTR_HDFC_800428,Neha Gupta,Credit Card,34631.45,33814.15,33814.15,2026-03-14 18:00:00,2026-03-15 18:00:00,MATCHED
TXN_RZP_100429,ORD_INV_200429,UTR_HDFC_800429,Rohit Verma,NetBanking,37471.6,36587.27,36587.27,2026-03-14 18:45:00,2026-03-15 18:45:00,MATCHED
TXN_RZP_100430,ORD_INV_200430,UTR_HDFC_800430,Tanvi Deshmukh,Credit Card,7701.94,7520.17,7520.17,2026-03-14 19:30:00,2026-03-15 19:30:00,MATCHED
TXN_RZP_100431,ORD_INV_200431,UTR_HDFC_800431,Karan Singhania,Credit Card,42655.12,41648.46,41648.46,2026-03-14 20:15:00,2026-03-15 20:15:00,MATCHED
TXN_RZP_100432,ORD_INV_200432,UTR_HDFC_800432,Tanvi Deshmukh,Debit Card,11539.53,11267.2,11267.2,2026-03-14 21:00:00,2026-03-15 21:00:00,MATCHED
TXN_RZP_100433,ORD_INV_200432,UTR_HDFC_800433,Nikhil Chopra,Debit Card,28257.25,27590.37,27590.37,2026-03-14 21:45:00,2026-03-15 21:45:00,EXCEPTION
TXN_RZP_100434,ORD_INV_200434,UTR_HDFC_800434,Rahul Dravid,Wallet,22789.89,22252.05,22252.05,2026-03-14 22:30:00,2026-03-15 22:30:00,MATCHED
TXN_RZP_100435,ORD_INV_200435,UTR_HDFC_800435,Deepika Sen,Wallet,7994.11,7805.45,7805.45,2026-03-14 23:15:00,2026-03-15 23:15:00,MATCHED
TXN_RZP_100436,ORD_INV_200436,UTR_HDFC_800436,Rahul Dravid,Wallet,37968.96,37072.89,37072.89,2026-03-15 00:00:00,2026-03-16 00:00:00,MATCHED
TXN_RZP_100437,ORD_INV_200437,UTR_HDFC_800437,Meera Nambiar,UPI,3976.6,3882.75,3882.75,2026-03-15 00:45:00,2026-03-16 00:45:00,MATCHED
TXN_RZP_100438,ORD_INV_200438,UTR_HDFC_800438,Meera Nambiar,Debit Card,34594.72,33778.29,33778.29,2026-03-15 01:30:00,2026-03-16 01:30:00,MATCHED
TXN_RZP_100439,ORD_INV_200439,UTR_HDFC_800439,Rhea Kapoor,Wallet,22587.4,22054.33,22054.33,2026-03-15 02:15:00,2026-03-16 02:15:00,MATCHED
TXN_RZP_100440,ORD_INV_200440,UTR_HDFC_800440,Nikhil Chopra,Debit Card,21913.49,21396.33,21396.33,2026-03-15 03:00:00,2026-03-16 03:00:00,MATCHED
TXN_RZP_100441,ORD_INV_200441,UTR_HDFC_800441,Manish Tiwari,Debit Card,3608.25,3523.09,3523.09,2026-03-15 03:45:00,2026-03-16 03:45:00,MATCHED
TXN_RZP_100442,ORD_INV_200442,UTR_HDFC_800442,Priya Patel,Credit Card,18907.51,18461.29,18461.29,2026-03-15 04:30:00,2026-03-16 04:30:00,MATCHED
TXN_RZP_100443,ORD_INV_200443,UTR_HDFC_800443,Varun Dhawan,Credit Card,27437.38,26789.85,26789.85,2026-03-15 05:15:00,2026-03-16 05:15:00,MATCHED
TXN_RZP_100444,ORD_INV_200444,UTR_HDFC_800444,Karan Singhania,Debit Card,43900.45,42864.4,42864.4,2026-03-15 06:00:00,2026-03-16 06:00:00,MATCHED
TXN_RZP_100445,ORD_INV_200445,UTR_HDFC_800445,Rohit Verma,Debit Card,14598.52,14254.0,9874.44,2026-03-15 06:45:00,2026-03-16 06:45:00,EXCEPTION
TXN_RZP_100446,ORD_INV_200446,UTR_HDFC_800446,Varun Dhawan,UPI,20424.46,19942.44,19942.44,2026-03-15 07:30:00,2026-03-16 07:30:00,MATCHED
TXN_RZP_100447,ORD_INV_200447,UTR_HDFC_800447,Rohit Verma,UPI,13307.97,12993.9,12993.9,2026-03-15 08:15:00,2026-03-16 08:15:00,MATCHED
TXN_RZP_100448,ORD_INV_200448,UTR_HDFC_800448,Manish Tiwari,Wallet,11435.27,11165.39,11165.39,2026-03-15 09:00:00,2026-03-16 09:00:00,MATCHED
TXN_RZP_100449,ORD_INV_200449,UTR_HDFC_800449,Deepika Sen,Debit Card,8826.09,8617.8,8617.8,2026-03-15 09:45:00,2026-03-16 09:45:00,MATCHED
TXN_RZP_100450,ORD_INV_200450,UTR_HDFC_800450,Deepika Sen,NetBanking,22619.62,22085.8,22085.8,2026-03-15 10:30:00,2026-03-16 10:30:00,MATCHED
TXN_RZP_100451,ORD_INV_200451,UTR_HDFC_800451,Pooja Mehta,NetBanking,4370.69,4267.55,4267.55,2026-03-15 11:15:00,2026-03-16 11:15:00,MATCHED
TXN_RZP_100452,ORD_INV_200452,UTR_HDFC_800452,Manish Tiwari,Wallet,43512.56,42485.66,42485.66,2026-03-15 12:00:00,2026-03-16 12:00:00,MATCHED
TXN_RZP_100453,ORD_INV_200453,UTR_HDFC_800453,Siddharth Nair,Wallet,2522.59,2463.06,2463.06,2026-03-15 12:45:00,2026-03-16 12:45:00,MATCHED
TXN_RZP_100454,ORD_INV_200454,UTR_HDFC_800454,Pooja Mehta,NetBanking,13108.67,12799.31,12799.31,2026-03-15 13:30:00,2026-03-16 13:30:00,MATCHED
TXN_RZP_100455,ORD_INV_200455,UTR_HDFC_800455,Aarav Sharma,UPI,6330.2,6180.81,6180.81,2026-03-15 14:15:00,2026-03-16 14:15:00,MATCHED
TXN_RZP_100456,ORD_INV_200456,UTR_HDFC_800456,Aditya Joshi,Debit Card,16689.1,16295.24,0.0,2026-03-15 15:00:00,,EXCEPTION
TXN_RZP_100457,ORD_INV_200457,UTR_HDFC_800457,Manish Tiwari,UPI,16536.69,16146.43,16146.43,2026-03-15 15:45:00,2026-03-16 15:45:00,MATCHED
TXN_RZP_100458,ORD_INV_200458,UTR_HDFC_800458,Pooja Mehta,UPI,22865.01,22325.4,22325.4,2026-03-15 16:30:00,2026-03-16 16:30:00,MATCHED
TXN_RZP_100459,ORD_INV_200459,UTR_HDFC_800459,Nikhil Chopra,Debit Card,6094.82,5950.98,5950.98,2026-03-15 17:15:00,2026-03-16 17:15:00,MATCHED
TXN_RZP_100460,ORD_INV_200460,UTR_HDFC_800460,Ananya Rao,NetBanking,35842.16,34996.29,34996.29,2026-03-15 18:00:00,2026-03-16 18:00:00,MATCHED
TXN_RZP_100461,ORD_INV_200461,UTR_HDFC_800461,Karan Singhania,Wallet,34059.19,33255.4,33255.4,2026-03-15 18:45:00,2026-03-16 18:45:00,MATCHED
TXN_RZP_100462,ORD_INV_200462,UTR_HDFC_800462,Siddharth Nair,Wallet,22678.48,22143.27,22143.27,2026-03-15 19:30:00,2026-03-16 19:30:00,MATCHED
TXN_RZP_100463,ORD_INV_200463,UTR_HDFC_800463,Priya Patel,UPI,32211.88,31451.68,31451.68,2026-03-15 20:15:00,2026-03-16 20:15:00,MATCHED
TXN_RZP_100464,ORD_INV_200464,UTR_HDFC_800464,Ishaan Khatter,Wallet,7000.2,6835.0,6835.0,2026-03-15 21:00:00,2026-03-16 21:00:00,MATCHED
TXN_RZP_100465,ORD_INV_200465,UTR_HDFC_800465,Tanvi Deshmukh,Credit Card,41935.61,40945.93,40945.93,2026-03-15 21:45:00,2026-03-16 21:45:00,MATCHED
TXN_RZP_100466,ORD_INV_200466,UTR_HDFC_800466,Karan Singhania,Credit Card,44580.99,43528.88,43528.88,2026-03-15 22:30:00,2026-03-16 22:30:00,MATCHED
TXN_RZP_100467,ORD_INV_200467,UTR_HDFC_800467,Pooja Mehta,Wallet,23001.61,22458.77,22458.77,2026-03-15 23:15:00,2026-03-16 23:15:00,MATCHED
TXN_RZP_100468,ORD_INV_200468,UTR_HDFC_800468,Tanvi Deshmukh,Wallet,31995.23,31240.15,31240.15,2026-03-16 00:00:00,2026-03-17 00:00:00,MATCHED
TXN_RZP_100469,ORD_INV_200469,UTR_HDFC_800469,Pooja Mehta,NetBanking,16797.18,16400.77,16400.77,2026-03-16 00:45:00,2026-03-17 00:45:00,MATCHED
TXN_RZP_100470,ORD_INV_200470,UTR_HDFC_800470,Ananya Rao,NetBanking,35925.1,35077.27,35077.27,2026-03-16 01:30:00,2026-03-17 01:30:00,MATCHED
TXN_RZP_100471,ORD_INV_200471,UTR_HDFC_800471,Aarav Sharma,Wallet,12205.93,11917.87,11917.87,2026-03-16 02:15:00,2026-03-17 02:15:00,MATCHED
TXN_RZP_100472,ORD_INV_200472,UTR_HDFC_800472,Meera Nambiar,Wallet,32560.52,31792.09,31792.09,2026-03-16 03:00:00,2026-03-17 03:00:00,MATCHED
TXN_RZP_100473,ORD_INV_200473,UTR_HDFC_800473,Meera Nambiar,NetBanking,23756.97,23196.3,23196.3,2026-03-16 03:45:00,2026-03-17 03:45:00,MATCHED
TXN_RZP_100474,ORD_INV_200474,UTR_HDFC_800474,Rahul Dravid,NetBanking,37037.18,36163.11,36163.11,2026-03-16 04:30:00,2026-03-17 04:30:00,MATCHED
TXN_RZP_100475,ORD_INV_200475,UTR_HDFC_800475,Sneha Kulkarni,UPI,8868.52,8659.22,8659.22,2026-03-16 05:15:00,2026-03-17 05:15:00,MATCHED
TXN_RZP_100476,ORD_INV_200476,UTR_HDFC_800476,Varun Dhawan,Debit Card,7111.41,6943.58,6943.58,2026-03-16 06:00:00,2026-03-17 06:00:00,MATCHED
TXN_RZP_100477,ORD_INV_200477,UTR_HDFC_800477,Siddharth Nair,NetBanking,39321.31,38393.32,38393.32,2026-03-16 06:45:00,2026-03-17 06:45:00,MATCHED
TXN_RZP_100478,ORD_INV_200478,UTR_HDFC_800478,Priya Patel,Credit Card,25393.59,24794.3,24794.3,2026-03-16 07:30:00,2026-03-17 07:30:00,MATCHED
TXN_RZP_100479,ORD_INV_200479,UTR_HDFC_800479,Ishaan Khatter,Wallet,14359.05,14020.18,14020.18,2026-03-16 08:15:00,2026-03-17 08:15:00,MATCHED
TXN_RZP_100480,ORD_INV_200480,UTR_HDFC_800480,Deepika Sen,NetBanking,24741.1,24157.21,24157.21,2026-03-16 09:00:00,2026-03-17 09:00:00,MATCHED
TXN_RZP_100481,ORD_INV_200481,UTR_HDFC_800481,Aditya Joshi,Wallet,8934.6,8723.75,8723.75,2026-03-16 09:45:00,2026-03-17 09:45:00,MATCHED
TXN_RZP_100482,ORD_INV_200482,UTR_HDFC_800482,Sneha Kulkarni,Debit Card,10390.31,10145.09,10145.09,2026-03-16 10:30:00,2026-03-17 10:30:00,MATCHED
TXN_RZP_100483,ORD_INV_200483,UTR_HDFC_800483,Pooja Mehta,Debit Card,31169.21,30433.62,30433.62,2026-03-16 11:15:00,2026-03-17 11:15:00,MATCHED
TXN_RZP_100484,ORD_INV_200484,UTR_HDFC_800484,Ishaan Khatter,Debit Card,15924.06,15548.25,15548.25,2026-03-16 12:00:00,2026-03-17 12:00:00,MATCHED
TXN_RZP_100485,ORD_INV_200485,UTR_HDFC_800485,Aditya Joshi,Debit Card,25955.74,25343.19,25343.19,2026-03-16 12:45:00,2026-03-17 12:45:00,MATCHED
TXN_RZP_100486,ORD_INV_200486,UTR_HDFC_800486,Nikhil Chopra,NetBanking,36890.55,36019.93,36019.93,2026-03-16 13:30:00,2026-03-17 13:30:00,MATCHED
TXN_RZP_100487,ORD_INV_200487,UTR_HDFC_800487,Rohit Verma,Debit Card,13192.69,12881.35,12881.35,2026-03-16 14:15:00,2026-03-17 14:15:00,MATCHED
TXN_RZP_100488,ORD_INV_200488,UTR_HDFC_800488,Vikram Malhotra,Debit Card,29639.15,28939.67,28939.67,2026-03-16 15:00:00,2026-03-17 15:00:00,MATCHED
TXN_RZP_100489,ORD_INV_200489,UTR_HDFC_800489,Ishaan Khatter,Credit Card,37318.04,36437.34,36437.34,2026-03-16 15:45:00,2026-03-17 15:45:00,MATCHED
TXN_RZP_100490,ORD_INV_200490,UTR_HDFC_800490,Aditya Joshi,Wallet,6479.24,6326.34,5926.34,2026-03-16 16:30:00,2026-03-17 16:30:00,EXCEPTION
TXN_RZP_100491,ORD_INV_200491,UTR_HDFC_800491,Rahul Dravid,Wallet,11175.75,10912.0,10912.0,2026-03-16 17:15:00,2026-03-17 17:15:00,MATCHED
TXN_RZP_100492,ORD_INV_200492,UTR_HDFC_800492,Tanvi Deshmukh,Credit Card,2693.73,2630.16,2630.16,2026-03-16 18:00:00,2026-03-17 18:00:00,MATCHED
TXN_RZP_100493,ORD_INV_200493,UTR_HDFC_800493,Rhea Kapoor,Debit Card,4839.33,4725.12,4725.12,2026-03-16 18:45:00,2026-03-17 18:45:00,MATCHED
TXN_RZP_100494,ORD_INV_200494,UTR_HDFC_800494,Rohit Verma,UPI,18518.42,18081.38,18081.38,2026-03-16 19:30:00,2026-03-17 19:30:00,MATCHED
TXN_RZP_100495,ORD_INV_200495,UTR_HDFC_800495,Ishaan Khatter,NetBanking,34101.43,33296.63,33296.63,2026-03-16 20:15:00,2026-03-17 20:15:00,MATCHED
TXN_RZP_100496,ORD_INV_200496,UTR_HDFC_800496,Pooja Mehta,Debit Card,29189.34,28500.47,28500.47,2026-03-16 21:00:00,2026-03-17 21:00:00,MATCHED
TXN_RZP_100497,ORD_INV_200497,UTR_HDFC_800497,Vikram Malhotra,Wallet,24244.55,23672.38,23672.38,2026-03-16 21:45:00,2026-03-17 21:45:00,MATCHED
TXN_RZP_100498,ORD_INV_200498,UTR_HDFC_800498,Priya Patel,Credit Card,39742.24,38804.33,38804.33,2026-03-16 22:30:00,2026-03-17 22:30:00,MATCHED
TXN_RZP_100499,ORD_INV_200499,UTR_HDFC_800499,Deepika Sen,UPI,35532.44,34693.87,34693.87,2026-03-16 23:15:00,2026-03-17 23:15:00,MATCHED
